formula,metric_name,metric_value
barinel,density,0.4895893881809375
barinel,uniqueness,0.07042253521126761
barinel,entropy_barinel,4.676136973584761E-6
dstar,density,0.4895893881809375
dstar,uniqueness,0.07042253521126761
dstar,entropy_dstar,100.60127614540177
ochiai,density,0.4895893881809375
ochiai,uniqueness,0.07042253521126761
ochiai,entropy_ochiai,364.23157950255217
tarantula,density,0.4895893881809375
tarantula,uniqueness,0.07042253521126761
tarantula,entropy_tarantula,421.76136620635447
barinel,density,0.477861258429909
barinel,uniqueness,0.08721272834413671
barinel,entropy_barinel,0.005864503047802984
dstar,density,0.477861258429909
dstar,uniqueness,0.08721272834413671
dstar,entropy_dstar,122.15988947903548
ochiai,density,0.477861258429909
ochiai,uniqueness,0.08721272834413671
ochiai,entropy_ochiai,405.39777906935933
tarantula,density,0.477861258429909
tarantula,uniqueness,0.08721272834413671
tarantula,entropy_tarantula,455.8454062829443
