formula,metric_name,metric_value
barinel,density,0.5630639097744361
barinel,uniqueness,0.04928571428571429
barinel,entropy_barinel,0.23466527115377966
dstar,density,0.5630639097744361
dstar,uniqueness,0.04928571428571429
dstar,entropy_dstar,138.05672665182402
ochiai,density,0.5630639097744361
ochiai,uniqueness,0.04928571428571429
ochiai,entropy_ochiai,397.4371077272898
tarantula,density,0.5630639097744361
tarantula,uniqueness,0.04928571428571429
tarantula,entropy_tarantula,405.9830689165754
barinel,density,0.09174033840608731
barinel,uniqueness,0.44772727272727275
barinel,entropy_barinel,-0.0
dstar,density,0.09174033840608731
dstar,uniqueness,0.44772727272727275
dstar,entropy_dstar,-0.0
ochiai,density,0.09174033840608731
ochiai,uniqueness,0.44772727272727275
ochiai,entropy_ochiai,-0.0
tarantula,density,0.09174033840608731
tarantula,uniqueness,0.44772727272727275
tarantula,entropy_tarantula,-0.0
barinel,density,0.1335304240279999
barinel,uniqueness,0.4931381518755718
barinel,entropy_barinel,-0.0
dstar,density,0.1335304240279999
dstar,uniqueness,0.4931381518755718
dstar,entropy_dstar,-0.0
ochiai,density,0.1335304240279999
ochiai,uniqueness,0.4931381518755718
ochiai,entropy_ochiai,-0.0
tarantula,density,0.1335304240279999
tarantula,uniqueness,0.4931381518755718
tarantula,entropy_tarantula,-0.0
barinel,density,0.5588855985567923
barinel,uniqueness,0.06504646175839886
barinel,entropy_barinel,0.2521938071163232
dstar,density,0.5588855985567923
dstar,uniqueness,0.06504646175839886
dstar,entropy_dstar,129.12105715228483
ochiai,density,0.5588855985567923
ochiai,uniqueness,0.06504646175839886
ochiai,entropy_ochiai,391.96587475936957
tarantula,density,0.5588855985567923
tarantula,uniqueness,0.06504646175839886
tarantula,entropy_tarantula,404.24322395845604
