name;suspiciousness_value
org.apache.ignite.spi.discovery.zk.internal$ZkNoServersMessage:27;1.645581628302863E-4
org.apache.ignite.spi.discovery.zk.internal$ZookeeperDiscoveryImpl$ReconnectClosure:4002;1.0306484771465785E-6
org.apache.ignite.spi.discovery.zk.internal$ZookeeperDiscoveryImpl$JoinTimeoutObject:1168;4.243338480591774E-8
org.apache.ignite.spi.discovery.zk.internal$ZookeeperDiscoveryImpl$JoinTimeoutObject$1:1179;8.38860799999998E-9
org.apache.ignite.spi.discovery.zk.internal$ZookeeperClientFailedException:31;7.538274338822675E-12
org.apache.ignite.spi.discovery.zk.internal$ZookeeperDiscoveryImpl$CheckJoinErrorWatcher$1:1222;8.73111137957162E-13
org.apache.ignite.spi.discovery.zk.internal$ZookeeperDiscoveryImpl$PingFuture:4356;8.73111137957162E-13
org.apache.ignite.spi.discovery.zk.internal$ZookeeperDiscoveryImpl$CheckClientsStatusCallback:4322;3.702433125215214E-13
org.apache.ignite.spi.discovery.zk.internal$ZookeeperDiscoveryImpl$ClientPreviousNodeWatcher:4279;3.702433125215214E-13
org.apache.ignite.spi.discovery.zk.internal$ZkDiscoveryCustomEventData:62;5.882880162361957E-17
org.apache.ignite.spi.discovery.zk.internal$ZkCommunicationErrorProcessFuture:98;8.596433927474648E-18
org.apache.ignite.spi.discovery.zk.internal$ZkDiscoveryNodeFailEventData:36;3.8017707719772608E-19
org.apache.ignite.spi.discovery.zk.internal$ZookeeperClusterNode:108;3.201126226406422E-19
org.apache.ignite.spi.discovery.zk.internal$ZkJoinedNodeEvtData:66;3.201126226406422E-19
org.apache.ignite.spi.discovery.zk.internal$ZkJoinEventDataForJoined:45;3.201126226406422E-19
org.apache.ignite.spi.discovery.zk.internal$ZkDiscoveryNodeJoinEventData:47;3.201126226406422E-19
org.apache.ignite.spi.discovery.zk.internal$ZookeeperDiscoveryImpl$PreviousNodeWatcher:4212;2.858610947502729E-19
org.apache.ignite.spi.discovery.zk.internal$ZookeeperClient$ExistsOperation:983;2.858610947502729E-19
org.apache.ignite.spi.discovery.zk.internal$ZookeeperClient$StatCallbackWrapper:1177;2.858610947502729E-19
org.apache.ignite.spi.discovery.zk.internal$ZkDiscoveryEventData:61;2.2874482844989565E-19
org.apache.ignite.spi.discovery.zk.internal$ZkDiscoveryEventsData:83;1.2671679345963427E-19
org.apache.ignite.spi.discovery.zk.internal$ZkBulkJoinContext:29;1.2671679345963427E-19
org.apache.ignite.spi.discovery.zk.internal$ZookeeperDiscoveryImpl$ServerPreviousNodeWatcher:4257;1.2129855196884018E-19
org.apache.ignite.spi.discovery.zk.internal$ZkAbstractChildrenCallback:33;1.141930126239709E-19
org.apache.ignite.spi.discovery.zk.internal$ZookeeperDiscoveryImpl$CheckCoordinatorCallback:4301;1.141930126239709E-19
org.apache.ignite.spi.discovery.zk.internal$ZookeeperClient$DeleteIfExistsOperation:1040;1.141930126239709E-19
org.apache.ignite.spi.discovery.zk$ZookeeperDiscoverySpi:72;1.0300742539293983E-19
org.apache.ignite.spi.discovery.zk.internal$ZookeeperDiscoveryStatistics:22;1.0300742539293983E-19
org.apache.ignite.spi.discovery.zk.internal$ZookeeperDiscoveryImpl:213;1.0300742539293983E-19
org.apache.ignite.spi.discovery.zk.internal$ZkIgnitePaths:77;1.0300742539293983E-19
org.apache.ignite.spi.discovery.zk$ZookeeperDiscoverySpi$ZookeeperDiscoverySpiMBeanImpl:566;1.0300742539293983E-19
org.apache.ignite.spi.discovery.zk.internal$ZkRuntimeState:95;1.0300742539293983E-19
org.apache.ignite.spi.discovery.zk.internal$ZkAliveNodeData:26;1.0300742539293983E-19
org.apache.ignite.spi.discovery.zk.internal$ZkClusterNodes:31;1.0300742539293983E-19
org.apache.ignite.spi.discovery.zk.internal$ZookeeperDiscoveryImpl$ConnectionLossListener:4023;1.0300742539293983E-19
org.apache.ignite.spi.discovery.zk.internal$ZkAbstractCallabck:39;1.0300742539293983E-19
org.apache.ignite.spi.discovery.zk.internal$ZkAbstractWatcher:32;1.0300742539293983E-19
org.apache.ignite.spi.discovery.zk.internal$ZookeeperDiscoveryImpl$ZkWatcher:4064;1.0300742539293983E-19
org.apache.ignite.spi.discovery.zk.internal$ZookeeperDiscoveryImpl$AliveNodeDataWatcher:4140;1.0300742539293983E-19
org.apache.ignite.spi.discovery.zk.internal$ZookeeperDiscoveryImpl$CheckJoinErrorWatcher:1215;1.0300742539293983E-19
org.apache.ignite.spi.discovery.zk.internal$ZkTimeoutObject:39;1.0300742539293983E-19
org.apache.ignite.spi.discovery.zk.internal$ZookeeperClient$GetDataOperation:953;1.0300742539293983E-19
org.apache.ignite.spi.discovery.zk.internal$ZookeeperClient$DataCallbackWrapper:1146;1.0300742539293983E-19
org.apache.ignite.spi.discovery.zk.internal$ZookeeperClient$GetChildrenOperation:923;8.840752131364299E-20
org.apache.ignite.spi.discovery.zk.internal$ZookeeperClient$ChildrenCallbackWrapper:1115;8.840752131364299E-20
org.apache.ignite.spi.discovery.zk.internal$ZookeeperClient$ConnectionTimeoutTask:1208;3.862150810829048E-20
org.apache.ignite.spi.discovery.zk.internal$ZookeeperDiscoveryImpl$ConnectionState:4459;0.0
org.apache.ignite.spi.discovery.zk.internal$ZkJoiningNodeData:46;0.0
org.apache.ignite.spi.discovery.zk.internal$ZookeeperClient:104;0.0
org.apache.ignite.spi.discovery.zk.internal$ZookeeperClient$ConnectionState:1243;0.0
org.apache.ignite.spi.discovery.zk.internal$ZkNodeValidateResult:33;0.0
org.apache.ignite.spi.discovery.zk.internal$ZookeeperDiscoveryImpl$UpdateProcessedEventsTimeoutObject:1145;0.0
org.apache.ignite.spi.discovery.zk.internal$ZkCommunicationErrorProcessFuture$State:401;0.0
org.apache.ignite.spi.discovery.zk.internal$ZkRunnable:29;0.0
org.apache.ignite.spi.discovery.zk.internal$ZookeeperDiscoveryImpl$UpdateProcessedEventsTimeoutObject$1:1155;0.0
org.apache.ignite.spi.discovery.zk.internal$ZkCommunicationErrorResolveStartMessage:38;0.0
org.apache.ignite.spi.discovery.zk.internal$ZkDistributedCollectDataFuture:64;0.0
org.apache.ignite.spi.discovery.zk.internal$ZookeeperDiscoveryImpl$2:3218;0.0
org.apache.ignite.spi.discovery.zk.internal$ZkDistributedCollectDataFuture$NodeResultsWatcher:206;0.0
org.apache.ignite.spi.discovery.zk.internal$ZookeeperDiscoveryImpl$1:3203;0.0
org.apache.ignite.spi.discovery.zk.internal$ZkCommunicationErrorProcessFuture$1:159;0.0
org.apache.ignite.spi.discovery.zk.internal$ZkCommunicationErrorProcessFuture$1$1:161;0.0
org.apache.ignite.spi.discovery.zk.internal$ZkCommunicationErrorNodeState:40;0.0
org.apache.ignite.spi.discovery.zk.internal$ZkCommunicationErrorResolveResult:41;0.0
org.apache.ignite.spi.discovery.zk.internal$ZkCommunicationErrorResolveFinishMessage:45;0.0
org.apache.ignite.spi.discovery.zk.internal$ZookeeperDiscoveryImpl$3:3907;0.0
org.apache.ignite.spi.discovery.zk.internal$ZookeeperDiscoveryImpl$PingFuture$1:4380;0.0
org.apache.ignite.spi.discovery.zk.internal$ZkForceNodeFailMessage:41;0.0
org.apache.ignite.spi.discovery.zk.internal$ZkCommunicationFailureContext:78;0.0
org.apache.ignite.spi.discovery.zk.internal$ZkCommunicationFailureContext$1:48;0.0
org.apache.ignite.spi.discovery.zk.internal$ZookeeperClusterNode$1:248;0.0
org.apache.ignite.spi.discovery.zk.internal$ZkInternalJoinErrorMessage:40;0.0
