name;suspiciousness_value
org.apache.ignite.spi.discovery.zk.internal$ZkNoServersMessage:27;25.0
org.apache.ignite.spi.discovery.zk.internal$ZookeeperDiscoveryImpl$ReconnectClosure:4002;11.11111111111111
org.apache.ignite.spi.discovery.zk.internal$ZookeeperClientFailedException:31;2.7777777777777777
org.apache.ignite.spi.discovery.zk.internal$ZookeeperDiscoveryImpl$CheckClientsStatusCallback:4322;2.0408163265306123
org.apache.ignite.spi.discovery.zk.internal$ZookeeperDiscoveryImpl$ClientPreviousNodeWatcher:4279;2.0408163265306123
org.apache.ignite.spi.discovery.zk.internal$ZkDiscoveryCustomEventData:62;0.8695652173913043
org.apache.ignite.spi.discovery.zk.internal$ZkCommunicationErrorProcessFuture:98;0.7246376811594203
org.apache.ignite.spi.discovery.zk.internal$ZkDiscoveryNodeFailEventData:36;0.5405405405405406
org.apache.ignite.spi.discovery.zk.internal$ZookeeperClusterNode:108;0.5319148936170213
org.apache.ignite.spi.discovery.zk.internal$ZkJoinedNodeEvtData:66;0.5319148936170213
org.apache.ignite.spi.discovery.zk.internal$ZkJoinEventDataForJoined:45;0.5319148936170213
org.apache.ignite.spi.discovery.zk.internal$ZkDiscoveryNodeJoinEventData:47;0.5319148936170213
org.apache.ignite.spi.discovery.zk.internal$ZookeeperDiscoveryImpl$PreviousNodeWatcher:4212;0.5263157894736842
org.apache.ignite.spi.discovery.zk.internal$ZookeeperClient$ExistsOperation:983;0.5263157894736842
org.apache.ignite.spi.discovery.zk.internal$ZookeeperClient$StatCallbackWrapper:1177;0.5263157894736842
org.apache.ignite.spi.discovery.zk.internal$ZkDiscoveryEventData:61;0.5154639175257731
org.apache.ignite.spi.discovery.zk.internal$ZkDiscoveryEventsData:83;0.4878048780487805
org.apache.ignite.spi.discovery.zk.internal$ZkBulkJoinContext:29;0.4878048780487805
org.apache.ignite.spi.discovery.zk.internal$ZkAbstractChildrenCallback:33;0.4830917874396135
org.apache.ignite.spi.discovery.zk.internal$ZookeeperDiscoveryImpl$CheckCoordinatorCallback:4301;0.4830917874396135
org.apache.ignite.spi.discovery.zk.internal$ZookeeperClient$DeleteIfExistsOperation:1040;0.4830917874396135
org.apache.ignite.spi.discovery.zk$ZookeeperDiscoverySpi:72;0.4784688995215311
org.apache.ignite.spi.discovery.zk.internal$ZookeeperDiscoveryStatistics:22;0.4784688995215311
org.apache.ignite.spi.discovery.zk.internal$ZookeeperDiscoveryImpl:213;0.4784688995215311
org.apache.ignite.spi.discovery.zk.internal$ZkIgnitePaths:77;0.4784688995215311
org.apache.ignite.spi.discovery.zk$ZookeeperDiscoverySpi$ZookeeperDiscoverySpiMBeanImpl:566;0.4784688995215311
org.apache.ignite.spi.discovery.zk.internal$ZkRuntimeState:95;0.4784688995215311
org.apache.ignite.spi.discovery.zk.internal$ZkAliveNodeData:26;0.4784688995215311
org.apache.ignite.spi.discovery.zk.internal$ZkClusterNodes:31;0.4784688995215311
org.apache.ignite.spi.discovery.zk.internal$ZookeeperDiscoveryImpl$ConnectionLossListener:4023;0.4784688995215311
org.apache.ignite.spi.discovery.zk.internal$ZkAbstractCallabck:39;0.4784688995215311
org.apache.ignite.spi.discovery.zk.internal$ZkAbstractWatcher:32;0.4784688995215311
org.apache.ignite.spi.discovery.zk.internal$ZookeeperDiscoveryImpl$ZkWatcher:4064;0.4784688995215311
org.apache.ignite.spi.discovery.zk.internal$ZookeeperDiscoveryImpl$AliveNodeDataWatcher:4140;0.4784688995215311
org.apache.ignite.spi.discovery.zk.internal$ZookeeperDiscoveryImpl$CheckJoinErrorWatcher:1215;0.4784688995215311
org.apache.ignite.spi.discovery.zk.internal$ZkTimeoutObject:39;0.4784688995215311
org.apache.ignite.spi.discovery.zk.internal$ZookeeperClient$GetDataOperation:953;0.4784688995215311
org.apache.ignite.spi.discovery.zk.internal$ZookeeperClient$DataCallbackWrapper:1146;0.4784688995215311
org.apache.ignite.spi.discovery.zk.internal$ZookeeperClient$GetChildrenOperation:923;0.4716981132075472
org.apache.ignite.spi.discovery.zk.internal$ZookeeperClient$ChildrenCallbackWrapper:1115;0.4716981132075472
org.apache.ignite.spi.discovery.zk.internal$ZookeeperClient$ConnectionTimeoutTask:1208;0.4366812227074236
org.apache.ignite.spi.discovery.zk.internal$ZookeeperDiscoveryImpl$JoinTimeoutObject:1168;0.2857142857142857
org.apache.ignite.spi.discovery.zk.internal$ZookeeperDiscoveryImpl$ServerPreviousNodeWatcher:4257;0.1978021978021978
org.apache.ignite.spi.discovery.zk.internal$ZookeeperDiscoveryImpl$CheckJoinErrorWatcher$1:1222;0.14814814814814814
org.apache.ignite.spi.discovery.zk.internal$ZookeeperDiscoveryImpl$PingFuture:4356;0.14814814814814814
org.apache.ignite.spi.discovery.zk.internal$ZookeeperDiscoveryImpl$JoinTimeoutObject$1:1179;0.07692307692307693
org.apache.ignite.spi.discovery.zk.internal$ZookeeperDiscoveryImpl$ConnectionState:4459;0.0
org.apache.ignite.spi.discovery.zk.internal$ZkJoiningNodeData:46;0.0
org.apache.ignite.spi.discovery.zk.internal$ZookeeperClient:104;0.0
org.apache.ignite.spi.discovery.zk.internal$ZookeeperClient$ConnectionState:1243;0.0
org.apache.ignite.spi.discovery.zk.internal$ZkNodeValidateResult:33;0.0
org.apache.ignite.spi.discovery.zk.internal$ZookeeperDiscoveryImpl$UpdateProcessedEventsTimeoutObject:1145;0.0
org.apache.ignite.spi.discovery.zk.internal$ZkCommunicationErrorProcessFuture$State:401;0.0
org.apache.ignite.spi.discovery.zk.internal$ZkRunnable:29;0.0
org.apache.ignite.spi.discovery.zk.internal$ZookeeperDiscoveryImpl$UpdateProcessedEventsTimeoutObject$1:1155;0.0
org.apache.ignite.spi.discovery.zk.internal$ZkCommunicationErrorResolveStartMessage:38;0.0
org.apache.ignite.spi.discovery.zk.internal$ZkDistributedCollectDataFuture:64;0.0
org.apache.ignite.spi.discovery.zk.internal$ZookeeperDiscoveryImpl$2:3218;0.0
org.apache.ignite.spi.discovery.zk.internal$ZkDistributedCollectDataFuture$NodeResultsWatcher:206;0.0
org.apache.ignite.spi.discovery.zk.internal$ZookeeperDiscoveryImpl$1:3203;0.0
org.apache.ignite.spi.discovery.zk.internal$ZkCommunicationErrorProcessFuture$1:159;0.0
org.apache.ignite.spi.discovery.zk.internal$ZkCommunicationErrorProcessFuture$1$1:161;0.0
org.apache.ignite.spi.discovery.zk.internal$ZkCommunicationErrorNodeState:40;0.0
org.apache.ignite.spi.discovery.zk.internal$ZkCommunicationErrorResolveResult:41;0.0
org.apache.ignite.spi.discovery.zk.internal$ZkCommunicationErrorResolveFinishMessage:45;0.0
org.apache.ignite.spi.discovery.zk.internal$ZookeeperDiscoveryImpl$3:3907;0.0
org.apache.ignite.spi.discovery.zk.internal$ZookeeperDiscoveryImpl$PingFuture$1:4380;0.0
org.apache.ignite.spi.discovery.zk.internal$ZkForceNodeFailMessage:41;0.0
org.apache.ignite.spi.discovery.zk.internal$ZkCommunicationFailureContext:78;0.0
org.apache.ignite.spi.discovery.zk.internal$ZkCommunicationFailureContext$1:48;0.0
org.apache.ignite.spi.discovery.zk.internal$ZookeeperClusterNode$1:248;0.0
org.apache.ignite.spi.discovery.zk.internal$ZkInternalJoinErrorMessage:40;0.0
