name;suspiciousness_value
org.apache.ignite.spi.discovery.zk.internal$ZkNoServersMessage:27;0.9828326180257511
org.apache.ignite.spi.discovery.zk.internal$ZookeeperDiscoveryImpl$ReconnectClosure:4002;0.9621848739495799
org.apache.ignite.spi.discovery.zk.internal$ZookeeperDiscoveryImpl$JoinTimeoutObject:1168;0.8841698841698842
org.apache.ignite.spi.discovery.zk.internal$ZookeeperClientFailedException:31;0.8641509433962264
org.apache.ignite.spi.discovery.zk.internal$ZookeeperDiscoveryImpl$JoinTimeoutObject$1:1179;0.8513011152416357
org.apache.ignite.spi.discovery.zk.internal$ZookeeperDiscoveryImpl$CheckClientsStatusCallback:4322;0.8237410071942446
org.apache.ignite.spi.discovery.zk.internal$ZookeeperDiscoveryImpl$ClientPreviousNodeWatcher:4279;0.8237410071942446
org.apache.ignite.spi.discovery.zk.internal$ZookeeperDiscoveryImpl$CheckJoinErrorWatcher$1:1222;0.70679012345679
org.apache.ignite.spi.discovery.zk.internal$ZookeeperDiscoveryImpl$PingFuture:4356;0.70679012345679
org.apache.ignite.spi.discovery.zk.internal$ZkDiscoveryCustomEventData:62;0.6656976744186047
org.apache.ignite.spi.discovery.zk.internal$ZkCommunicationErrorProcessFuture:98;0.6239782016348775
org.apache.ignite.spi.discovery.zk.internal$ZkDiscoveryNodeFailEventData:36;0.5531400966183575
org.apache.ignite.spi.discovery.zk.internal$ZookeeperClusterNode:108;0.5491606714628297
org.apache.ignite.spi.discovery.zk.internal$ZkJoinedNodeEvtData:66;0.5491606714628297
org.apache.ignite.spi.discovery.zk.internal$ZkJoinEventDataForJoined:45;0.5491606714628297
org.apache.ignite.spi.discovery.zk.internal$ZkDiscoveryNodeJoinEventData:47;0.5491606714628297
org.apache.ignite.spi.discovery.zk.internal$ZookeeperDiscoveryImpl$PreviousNodeWatcher:4212;0.5465393794749404
org.apache.ignite.spi.discovery.zk.internal$ZookeeperClient$ExistsOperation:983;0.5465393794749404
org.apache.ignite.spi.discovery.zk.internal$ZookeeperClient$StatCallbackWrapper:1177;0.5465393794749404
org.apache.ignite.spi.discovery.zk.internal$ZkDiscoveryEventData:61;0.541371158392435
org.apache.ignite.spi.discovery.zk.internal$ZkDiscoveryEventsData:83;0.5276497695852534
org.apache.ignite.spi.discovery.zk.internal$ZkBulkJoinContext:29;0.5276497695852534
org.apache.ignite.spi.discovery.zk.internal$ZkAbstractChildrenCallback:33;0.5252293577981652
org.apache.ignite.spi.discovery.zk.internal$ZookeeperDiscoveryImpl$CheckCoordinatorCallback:4301;0.5252293577981652
org.apache.ignite.spi.discovery.zk.internal$ZookeeperClient$DeleteIfExistsOperation:1040;0.5252293577981652
org.apache.ignite.spi.discovery.zk$ZookeeperDiscoverySpi:72;0.5228310502283104
org.apache.ignite.spi.discovery.zk.internal$ZookeeperDiscoveryStatistics:22;0.5228310502283104
org.apache.ignite.spi.discovery.zk.internal$ZookeeperDiscoveryImpl:213;0.5228310502283104
org.apache.ignite.spi.discovery.zk.internal$ZkIgnitePaths:77;0.5228310502283104
org.apache.ignite.spi.discovery.zk$ZookeeperDiscoverySpi$ZookeeperDiscoverySpiMBeanImpl:566;0.5228310502283104
org.apache.ignite.spi.discovery.zk.internal$ZkRuntimeState:95;0.5228310502283104
org.apache.ignite.spi.discovery.zk.internal$ZkAliveNodeData:26;0.5228310502283104
org.apache.ignite.spi.discovery.zk.internal$ZkClusterNodes:31;0.5228310502283104
org.apache.ignite.spi.discovery.zk.internal$ZookeeperDiscoveryImpl$ConnectionLossListener:4023;0.5228310502283104
org.apache.ignite.spi.discovery.zk.internal$ZkAbstractCallabck:39;0.5228310502283104
org.apache.ignite.spi.discovery.zk.internal$ZkAbstractWatcher:32;0.5228310502283104
org.apache.ignite.spi.discovery.zk.internal$ZookeeperDiscoveryImpl$ZkWatcher:4064;0.5228310502283104
org.apache.ignite.spi.discovery.zk.internal$ZookeeperDiscoveryImpl$AliveNodeDataWatcher:4140;0.5228310502283104
org.apache.ignite.spi.discovery.zk.internal$ZookeeperDiscoveryImpl$CheckJoinErrorWatcher:1215;0.5228310502283104
org.apache.ignite.spi.discovery.zk.internal$ZkTimeoutObject:39;0.5228310502283104
org.apache.ignite.spi.discovery.zk.internal$ZookeeperClient$GetDataOperation:953;0.5228310502283104
org.apache.ignite.spi.discovery.zk.internal$ZookeeperClient$DataCallbackWrapper:1146;0.5228310502283104
org.apache.ignite.spi.discovery.zk.internal$ZookeeperClient$GetChildrenOperation:923;0.5192743764172336
org.apache.ignite.spi.discovery.zk.internal$ZookeeperClient$ChildrenCallbackWrapper:1115;0.5192743764172336
org.apache.ignite.spi.discovery.zk.internal$ZookeeperClient$ConnectionTimeoutTask:1208;0.5
org.apache.ignite.spi.discovery.zk.internal$ZookeeperDiscoveryImpl$ServerPreviousNodeWatcher:4257;0.43563728598604945
org.apache.ignite.spi.discovery.zk.internal$ZookeeperDiscoveryImpl$ConnectionState:4459;0.0
org.apache.ignite.spi.discovery.zk.internal$ZkJoiningNodeData:46;0.0
org.apache.ignite.spi.discovery.zk.internal$ZookeeperClient:104;0.0
org.apache.ignite.spi.discovery.zk.internal$ZookeeperClient$ConnectionState:1243;0.0
org.apache.ignite.spi.discovery.zk.internal$ZkNodeValidateResult:33;0.0
org.apache.ignite.spi.discovery.zk.internal$ZookeeperDiscoveryImpl$UpdateProcessedEventsTimeoutObject:1145;0.0
org.apache.ignite.spi.discovery.zk.internal$ZkCommunicationErrorProcessFuture$State:401;0.0
org.apache.ignite.spi.discovery.zk.internal$ZkRunnable:29;0.0
org.apache.ignite.spi.discovery.zk.internal$ZookeeperDiscoveryImpl$UpdateProcessedEventsTimeoutObject$1:1155;0.0
org.apache.ignite.spi.discovery.zk.internal$ZkCommunicationErrorResolveStartMessage:38;0.0
org.apache.ignite.spi.discovery.zk.internal$ZkDistributedCollectDataFuture:64;0.0
org.apache.ignite.spi.discovery.zk.internal$ZookeeperDiscoveryImpl$2:3218;0.0
org.apache.ignite.spi.discovery.zk.internal$ZkDistributedCollectDataFuture$NodeResultsWatcher:206;0.0
org.apache.ignite.spi.discovery.zk.internal$ZookeeperDiscoveryImpl$1:3203;0.0
org.apache.ignite.spi.discovery.zk.internal$ZkCommunicationErrorProcessFuture$1:159;0.0
org.apache.ignite.spi.discovery.zk.internal$ZkCommunicationErrorProcessFuture$1$1:161;0.0
org.apache.ignite.spi.discovery.zk.internal$ZkCommunicationErrorNodeState:40;0.0
org.apache.ignite.spi.discovery.zk.internal$ZkCommunicationErrorResolveResult:41;0.0
org.apache.ignite.spi.discovery.zk.internal$ZkCommunicationErrorResolveFinishMessage:45;0.0
org.apache.ignite.spi.discovery.zk.internal$ZookeeperDiscoveryImpl$3:3907;0.0
org.apache.ignite.spi.discovery.zk.internal$ZookeeperDiscoveryImpl$PingFuture$1:4380;0.0
org.apache.ignite.spi.discovery.zk.internal$ZkForceNodeFailMessage:41;0.0
org.apache.ignite.spi.discovery.zk.internal$ZkCommunicationFailureContext:78;0.0
org.apache.ignite.spi.discovery.zk.internal$ZkCommunicationFailureContext$1:48;0.0
org.apache.ignite.spi.discovery.zk.internal$ZookeeperClusterNode$1:248;0.0
org.apache.ignite.spi.discovery.zk.internal$ZkInternalJoinErrorMessage:40;0.0
