formula,metric_name,metric_value
barinel,density,0.17351945822277887
barinel,uniqueness,0.11933521024430116
barinel,entropy_barinel,2.60731944967204
dstar,density,0.17351945822277887
dstar,uniqueness,0.11933521024430116
dstar,entropy_dstar,-1420.0527223492652
ochiai,density,0.17351945822277887
ochiai,uniqueness,0.11933521024430116
ochiai,entropy_ochiai,1655.9728707585846
tarantula,density,0.17351945822277887
tarantula,uniqueness,0.11933521024430116
tarantula,entropy_tarantula,1607.9950467174554
