formula,metric_name,metric_value
barinel,density,0.3647715481770367
barinel,uniqueness,0.16043507817811012
barinel,entropy_barinel,-0.0
dstar,density,0.3647715481770367
dstar,uniqueness,0.16043507817811012
dstar,entropy_dstar,-0.0
ochiai,density,0.3647715481770367
ochiai,uniqueness,0.16043507817811012
ochiai,entropy_ochiai,-0.0
tarantula,density,0.3647715481770367
tarantula,uniqueness,0.16043507817811012
tarantula,entropy_tarantula,-0.0
barinel,density,0.35171266132219164
barinel,uniqueness,0.19187089061566048
barinel,entropy_barinel,9.338815532422457E-5
dstar,density,0.35171266132219164
dstar,uniqueness,0.19187089061566048
dstar,entropy_dstar,72.95933910228528
ochiai,density,0.35171266132219164
ochiai,uniqueness,0.19187089061566048
ochiai,entropy_ochiai,234.80796541710234
tarantula,density,0.35171266132219164
tarantula,uniqueness,0.19187089061566048
tarantula,entropy_tarantula,363.4500012559334
