name;suspiciousness_value
org.neo4j.metrics.source.causalclustering$RaftMessageProcessingMetric#updateTimer(org.neo4j.causalclustering.core.consensus.RaftMessages$Type,java.time.Duration):71;1.0
org.neo4j.metrics.source.causalclustering$RaftMessageProcessingMetric#timer():60;0.5
org.neo4j.metrics.source.causalclustering$RaftMessageProcessingMetric#timer(org.neo4j.causalclustering.core.consensus.RaftMessages$Type):65;0.5
org.neo4j.metrics.source.causalclustering$RaftMessageProcessingMetric#RaftMessageProcessingMetric():40;0.2
org.neo4j.metrics.source.cluster$ClusterMetrics#lambda$start$0(java.lang.String):71;0.08333333333333333
org.neo4j.metrics.source.cluster$ClusterMetrics$RoleGauge#getValue():113;0.08333333333333333
org.neo4j.metrics$MetricsSettings#MetricsSettings():38;0.0
org.neo4j.metrics.output$CsvOutput#CsvOutput(org.neo4j.kernel.configuration.Config,com.codahale.metrics.MetricRegistry,org.neo4j.logging.Log,org.neo4j.kernel.impl.spi.KernelContext):57;0.0
org.neo4j.metrics.output$CsvOutput#init():68;0.0
org.neo4j.metrics.output$CsvOutput#start():86;0.0
org.neo4j.metrics.output$CsvOutput#stop():93;0.0
org.neo4j.metrics.output$CsvOutput#shutdown():99;0.0
org.neo4j.metrics.output$CsvOutput#report(java.util.SortedMap,java.util.SortedMap,java.util.SortedMap,java.util.SortedMap,java.util.SortedMap):111;0.0
org.neo4j.metrics.output$CsvOutput#ensureDirectoryExists(java.io.File):119;0.0
org.neo4j.metrics.output$CsvOutput#absoluteFileOrRelativeTo(java.io.File,java.io.File):146;0.0
org.neo4j.metrics$MetricsKernelExtensionFactory#MetricsKernelExtensionFactory():40;0.0
org.neo4j.metrics$MetricsKernelExtensionFactory#newInstance(org.neo4j.kernel.impl.spi.KernelContext,org.neo4j.metrics.MetricsKernelExtensionFactory$Dependencies):46;0.0
org.neo4j.metrics$MetricsKernelExtensionFactory#getSettingsClass():52;0.0
org.neo4j.metrics$MetricsExtension#MetricsExtension(org.neo4j.kernel.impl.spi.KernelContext,org.neo4j.metrics.MetricsKernelExtensionFactory$Dependencies):42;0.0
org.neo4j.metrics$MetricsExtension#init():56;0.0
org.neo4j.metrics$MetricsExtension#start():77;0.0
org.neo4j.metrics$MetricsExtension#stop():83;0.0
org.neo4j.metrics$MetricsExtension#shutdown():89;0.0
org.neo4j.metrics.output$EventReporterBuilder#EventReporterBuilder(org.neo4j.kernel.configuration.Config,com.codahale.metrics.MetricRegistry,org.neo4j.logging.Log,org.neo4j.kernel.impl.spi.KernelContext,org.neo4j.kernel.lifecycle.LifeSupport):47;0.0
org.neo4j.metrics.output$EventReporterBuilder#build():57;0.0
org.neo4j.metrics.output$EventReporterBuilder#createMetricsPrefix(org.neo4j.kernel.configuration.Config):80;0.0
org.neo4j.metrics.output$CompositeEventReporter#CompositeEventReporter():35;0.0
org.neo4j.metrics.output$CompositeEventReporter#report(java.util.SortedMap,java.util.SortedMap,java.util.SortedMap,java.util.SortedMap,java.util.SortedMap):43;0.0
org.neo4j.metrics.output$CompositeEventReporter#add(org.neo4j.metrics.output.EventReporter):51;0.0
org.neo4j.metrics.output$CompositeEventReporter#isEmpty():56;0.0
org.neo4j.metrics.source$Neo4jMetricsBuilder#Neo4jMetricsBuilder(com.codahale.metrics.MetricRegistry,org.neo4j.metrics.output.EventReporter,org.neo4j.kernel.configuration.Config,org.neo4j.kernel.impl.logging.LogService,org.neo4j.kernel.impl.spi.KernelContext,org.neo4j.metrics.source.Neo4jMetricsBuilder$Dependencies,org.neo4j.kernel.lifecycle.LifeSupport):93;0.0
org.neo4j.metrics.source$Neo4jMetricsBuilder#build():105;0.0
org.neo4j.metrics.source.db$BoltMetrics#BoltMetrics(com.codahale.metrics.MetricRegistry,org.neo4j.kernel.monitoring.Monitors):62;0.0
org.neo4j.metrics.source.db$BoltMetrics#start():70;0.0
org.neo4j.metrics.source.db$BoltMetrics#stop():82;0.0
org.neo4j.metrics.source.db$BoltMetrics$BoltMetricsMonitor#BoltMetrics$BoltMetricsMonitor(org.neo4j.metrics.source.db.BoltMetrics):90;0.0
org.neo4j.metrics.source.db$BoltMetrics$BoltMetricsMonitor#sessionStarted():107;0.0
org.neo4j.metrics.source.db$BoltMetrics$BoltMetricsMonitor#messageReceived():113;0.0
org.neo4j.metrics.source.db$BoltMetrics$BoltMetricsMonitor#processingStarted(long):119;0.0
org.neo4j.metrics.source.db$BoltMetrics$BoltMetricsMonitor#processingDone(long):126;0.0
org.neo4j.metrics.source.cluster$ClusterMetrics#ClusterMetrics(org.neo4j.kernel.monitoring.Monitors,com.codahale.metrics.MetricRegistry,java.util.function.Supplier):59;0.0
org.neo4j.metrics.source.cluster$ClusterMetrics#start():68;0.0
org.neo4j.metrics.source.cluster$ClusterMetrics#stop():80;0.0
org.neo4j.metrics.source.cluster$ClusterMetrics#lambda$start$2():74;0.0
org.neo4j.metrics.source.cluster$ClusterMetrics#lambda$start$1():73;0.0
org.neo4j.metrics.source.cluster$ClusterMetrics$SlaveUpdatePullerMonitor#ClusterMetrics$SlaveUpdatePullerMonitor():89;0.0
org.neo4j.metrics.source.cluster$ClusterMetrics$SlaveUpdatePullerMonitor#pulledUpdates(long):97;0.0
org.neo4j.metrics.source.cluster$ClusterMetrics$RoleGauge#ClusterMetrics$RoleGauge(org.neo4j.metrics.source.cluster.ClusterMetrics,java.util.function.Predicate):107;0.0
org.neo4j.metrics.source.causalclustering$MessageQueueMonitorMetric#MessageQueueMonitorMetric():30;0.0
org.neo4j.metrics.source.causalclustering$MessageQueueMonitorMetric#droppedMessages():38;0.0
org.neo4j.metrics.source.causalclustering$MessageQueueMonitorMetric#droppedMessage(org.neo4j.helpers.AdvertisedSocketAddress):44;0.0
org.neo4j.metrics.source.causalclustering$MessageQueueMonitorMetric#queueSize(org.neo4j.helpers.AdvertisedSocketAddress,long):50;0.0
org.neo4j.metrics.source.causalclustering$MessageQueueMonitorMetric#queueSizes():56;0.0
org.neo4j.metrics.source.causalclustering$MessageQueueMonitorMetric#register(org.neo4j.helpers.AdvertisedSocketAddress):62;0.0
org.neo4j.metrics.source.causalclustering$RaftMessageProcessingMetric#delay():49;0.0
org.neo4j.metrics.source.causalclustering$RaftMessageProcessingMetric#setDelay(java.time.Duration):55;0.0
org.neo4j.metrics.source.db$TransactionMetrics#TransactionMetrics(com.codahale.metrics.MetricRegistry,java.util.function.Supplier,org.neo4j.kernel.impl.transaction.TransactionCounters):83;0.0
org.neo4j.metrics.source.db$TransactionMetrics#start():92;0.0
org.neo4j.metrics.source.db$TransactionMetrics#stop():126;0.0
org.neo4j.metrics.source.db$TransactionMetrics#lambda$start$1():120;0.0
org.neo4j.metrics.source.db$TransactionMetrics#lambda$start$0():118;0.0
org.neo4j.metrics.source.db$PageCacheMetrics#PageCacheMetrics(com.codahale.metrics.MetricRegistry,org.neo4j.io.pagecache.monitoring.PageCacheCounters):57;0.0
org.neo4j.metrics.source.db$PageCacheMetrics#start():65;0.0
org.neo4j.metrics.source.db$PageCacheMetrics#stop():78;0.0
org.neo4j.metrics.source.db$CheckPointingMetrics#CheckPointingMetrics(org.neo4j.metrics.output.EventReporter,com.codahale.metrics.MetricRegistry,org.neo4j.kernel.monitoring.Monitors,org.neo4j.kernel.impl.transaction.log.checkpoint.CheckPointerMonitor):57;0.0
org.neo4j.metrics.source.db$CheckPointingMetrics#start():72;0.0
org.neo4j.metrics.source.db$CheckPointingMetrics#stop():82;0.0
org.neo4j.metrics.source.db$CheckPointingMetrics#lambda$new$1(org.neo4j.metrics.output.EventReporter,long):63;0.0
org.neo4j.metrics.source.db$CheckPointingMetrics#lambda$null$0(long):64;0.0
org.neo4j.metrics.source.db$LogRotationMetrics#LogRotationMetrics(org.neo4j.metrics.output.EventReporter,com.codahale.metrics.MetricRegistry,org.neo4j.kernel.monitoring.Monitors,org.neo4j.kernel.impl.api.LogRotationMonitor):59;0.0
org.neo4j.metrics.source.db$LogRotationMetrics#start():74;0.0
org.neo4j.metrics.source.db$LogRotationMetrics#stop():84;0.0
org.neo4j.metrics.source.db$LogRotationMetrics#lambda$new$1(org.neo4j.metrics.output.EventReporter,long):65;0.0
org.neo4j.metrics.source.db$LogRotationMetrics#lambda$null$0(long):66;0.0
org.neo4j.metrics.source.db$EntityCountMetrics#EntityCountMetrics(com.codahale.metrics.MetricRegistry,org.neo4j.kernel.impl.store.stats.StoreEntityCounters):49;0.0
org.neo4j.metrics.source.db$EntityCountMetrics#start():57;0.0
org.neo4j.metrics.source.db$EntityCountMetrics#stop():66;0.0
org.neo4j.metrics.source.cluster$NetworkMetrics#NetworkMetrics(com.codahale.metrics.MetricRegistry,org.neo4j.kernel.monitoring.Monitors):56;0.0
org.neo4j.metrics.source.cluster$NetworkMetrics#start():64;0.0
org.neo4j.metrics.source.cluster$NetworkMetrics#stop():77;0.0
org.neo4j.metrics.source$ByteCountsMetric#ByteCountsMetric():26;0.0
org.neo4j.metrics.source$ByteCountsMetric#getBytesWritten():33;0.0
org.neo4j.metrics.source$ByteCountsMetric#getBytesRead():38;0.0
org.neo4j.metrics.source$ByteCountsMetric#bytesWritten(long):43;0.0
org.neo4j.metrics.source$ByteCountsMetric#bytesRead(long):48;0.0
org.neo4j.metrics.source.db$CypherMetrics#CypherMetrics(com.codahale.metrics.MetricRegistry,org.neo4j.kernel.monitoring.Monitors):48;0.0
org.neo4j.metrics.source.db$CypherMetrics#start():56;0.0
org.neo4j.metrics.source.db$CypherMetrics#stop():64;0.0
org.neo4j.metrics.source.jvm$JvmMetrics#JvmMetrics():30;0.0
org.neo4j.metrics.source.jvm$JvmMetrics#prettifyName(java.lang.String):36;0.0
org.neo4j.metrics.source.jvm$GCMetrics#GCMetrics(com.codahale.metrics.MetricRegistry):39;0.0
org.neo4j.metrics.source.jvm$GCMetrics#start():46;0.0
org.neo4j.metrics.source.jvm$GCMetrics#stop():58;0.0
org.neo4j.metrics.source.jvm$GCMetrics#lambda$stop$0(java.lang.String,com.codahale.metrics.Metric):58;0.0
org.neo4j.metrics.source.jvm$ThreadMetrics#ThreadMetrics(com.codahale.metrics.MetricRegistry):39;0.0
org.neo4j.metrics.source.jvm$ThreadMetrics#start():46;0.0
org.neo4j.metrics.source.jvm$ThreadMetrics#stop():53;0.0
org.neo4j.metrics.source.jvm$MemoryPoolMetrics#MemoryPoolMetrics(com.codahale.metrics.MetricRegistry):36;0.0
org.neo4j.metrics.source.jvm$MemoryPoolMetrics#start():43;0.0
org.neo4j.metrics.source.jvm$MemoryPoolMetrics#stop():53;0.0
org.neo4j.metrics.source.jvm$MemoryPoolMetrics#lambda$stop$1(java.lang.String,com.codahale.metrics.Metric):53;0.0
org.neo4j.metrics.source.jvm$MemoryPoolMetrics#lambda$start$0(java.lang.management.MemoryPoolMXBean):46;0.0
org.neo4j.metrics.source.jvm$MemoryBuffersMetrics#MemoryBuffersMetrics(com.codahale.metrics.MetricRegistry):37;0.0
org.neo4j.metrics.source.jvm$MemoryBuffersMetrics#start():44;0.0
org.neo4j.metrics.source.jvm$MemoryBuffersMetrics#stop():59;0.0
org.neo4j.metrics.source.jvm$MemoryBuffersMetrics#lambda$stop$0(java.lang.String,com.codahale.metrics.Metric):59;0.0
org.neo4j.metrics.source.causalclustering$CoreMetrics#CoreMetrics(org.neo4j.kernel.monitoring.Monitors,com.codahale.metrics.MetricRegistry,java.util.function.Supplier):89;0.0
org.neo4j.metrics.source.causalclustering$CoreMetrics#start():98;0.0
org.neo4j.metrics.source.causalclustering$CoreMetrics#stop():134;0.0
org.neo4j.metrics.source.causalclustering$CoreMetrics#messageTimerName(org.neo4j.causalclustering.core.consensus.RaftMessages$Type):169;0.0
org.neo4j.metrics.source.causalclustering$RaftLogCommitIndexMetric#RaftLogCommitIndexMetric():26;0.0
org.neo4j.metrics.source.causalclustering$RaftLogCommitIndexMetric#commitIndex():33;0.0
org.neo4j.metrics.source.causalclustering$RaftLogCommitIndexMetric#commitIndex(long):39;0.0
org.neo4j.metrics.source.causalclustering$RaftLogAppendIndexMetric#RaftLogAppendIndexMetric():26;0.0
org.neo4j.metrics.source.causalclustering$RaftLogAppendIndexMetric#appendIndex():33;0.0
org.neo4j.metrics.source.causalclustering$RaftLogAppendIndexMetric#appendIndex(long):39;0.0
org.neo4j.metrics.source.causalclustering$RaftTermMetric#RaftTermMetric():26;0.0
org.neo4j.metrics.source.causalclustering$RaftTermMetric#term():33;0.0
org.neo4j.metrics.source.causalclustering$RaftTermMetric#term(long):39;0.0
org.neo4j.metrics.source.causalclustering$LeaderNotFoundMetric#LeaderNotFoundMetric():27;0.0
org.neo4j.metrics.source.causalclustering$LeaderNotFoundMetric#leaderNotFoundExceptions():34;0.0
org.neo4j.metrics.source.causalclustering$LeaderNotFoundMetric#increment():40;0.0
org.neo4j.metrics.source.causalclustering$TxPullRequestsMetric#TxPullRequestsMetric():26;0.0
org.neo4j.metrics.source.causalclustering$TxPullRequestsMetric#txPullRequestsReceived():33;0.0
org.neo4j.metrics.source.causalclustering$TxPullRequestsMetric#increment():39;0.0
org.neo4j.metrics.source.causalclustering$TxRetryMetric#TxRetryMetric():27;0.0
org.neo4j.metrics.source.causalclustering$TxRetryMetric#transactionsRetries():34;0.0
org.neo4j.metrics.source.causalclustering$TxRetryMetric#retry():40;0.0
org.neo4j.metrics.source.causalclustering$InFlightCacheMetric#InFlightCacheMetric():24;0.0
org.neo4j.metrics.source.causalclustering$InFlightCacheMetric#miss():36;0.0
org.neo4j.metrics.source.causalclustering$InFlightCacheMetric#hit():42;0.0
org.neo4j.metrics.source.causalclustering$InFlightCacheMetric#getMisses():47;0.0
org.neo4j.metrics.source.causalclustering$InFlightCacheMetric#getHits():52;0.0
org.neo4j.metrics.source.causalclustering$InFlightCacheMetric#getMaxBytes():57;0.0
org.neo4j.metrics.source.causalclustering$InFlightCacheMetric#getTotalBytes():62;0.0
org.neo4j.metrics.source.causalclustering$InFlightCacheMetric#getMaxElements():67;0.0
org.neo4j.metrics.source.causalclustering$InFlightCacheMetric#getElementCount():72;0.0
org.neo4j.metrics.source.causalclustering$InFlightCacheMetric#setMaxBytes(long):78;0.0
org.neo4j.metrics.source.causalclustering$InFlightCacheMetric#setTotalBytes(long):84;0.0
org.neo4j.metrics.source.causalclustering$InFlightCacheMetric#setMaxElements(int):90;0.0
org.neo4j.metrics.source.causalclustering$InFlightCacheMetric#setElementCount(int):96;0.0
org.neo4j.metrics.source.causalclustering$CatchUpMetrics#CatchUpMetrics(org.neo4j.kernel.monitoring.Monitors,com.codahale.metrics.MetricRegistry):48;0.0
org.neo4j.metrics.source.causalclustering$CatchUpMetrics#start():56;0.0
org.neo4j.metrics.source.causalclustering$CatchUpMetrics#stop():63;0.0
org.neo4j.metrics.source.server$ServerMetrics#ServerMetrics(com.codahale.metrics.MetricRegistry,org.neo4j.kernel.impl.logging.LogService,org.neo4j.kernel.impl.util.DependencySatisfier):47;0.0
org.neo4j.metrics.source.server$ServerMetrics#start():77;0.0
org.neo4j.metrics.source.server$ServerMetrics#stop():84;0.0
org.neo4j.metrics.source.server$ServerMetrics#lambda$start$2():78;0.0
org.neo4j.metrics.source.server$ServerMetrics#lambda$start$1():77;0.0
org.neo4j.metrics.source.server$ServerMetrics#lambda$new$0(org.neo4j.logging.Log,org.neo4j.metrics.source.server.ServerThreadView):68;0.0
org.neo4j.metrics.source.server$ServerMetrics$1#idleThreads():55;0.0
org.neo4j.metrics.source.server$ServerMetrics$1#allThreads():62;0.0
org.neo4j.metrics.source.causalclustering$CoreMetrics$LeaderGauge#CoreMetrics$LeaderGauge(org.neo4j.metrics.source.causalclustering.CoreMetrics):172;0.0
org.neo4j.metrics.source.causalclustering$CoreMetrics$LeaderGauge#getValue():177;0.0
org.neo4j.metrics.source.causalclustering$ReadReplicaMetrics#ReadReplicaMetrics(org.neo4j.kernel.monitoring.Monitors,com.codahale.metrics.MetricRegistry):53;0.0
org.neo4j.metrics.source.causalclustering$ReadReplicaMetrics#start():61;0.0
org.neo4j.metrics.source.causalclustering$ReadReplicaMetrics#stop():71;0.0
org.neo4j.metrics.source.causalclustering$PullRequestMetric#PullRequestMetric():27;0.0
org.neo4j.metrics.source.causalclustering$PullRequestMetric#txPullRequest(long):36;0.0
org.neo4j.metrics.source.causalclustering$PullRequestMetric#txPullResponse(long):43;0.0
org.neo4j.metrics.source.causalclustering$PullRequestMetric#lastRequestedTxId():49;0.0
org.neo4j.metrics.source.causalclustering$PullRequestMetric#numberOfRequests():55;0.0
org.neo4j.metrics.source.causalclustering$PullRequestMetric#lastReceivedTxId():60;0.0
