name;suspiciousness_value
tachyon.master.file.options$CreateOptions:115;0.0020807601640249495
tachyon.master.file.options$CreateOptions$Builder:36;0.0020807601640249495
tachyon.master.file.options$MkdirOptions$Builder:33;1.4404558255892007E-7
tachyon.master.file.options$MkdirOptions:89;1.4404558255892007E-7
tachyon.master.file.journal$DeleteFileEntry:30;1.042814574241951E-8
tachyon.master.file.meta$TTLBucket:42;1.5334000391007285E-12
tachyon.master.file.journal$RenameEntry:40;9.423033253126362E-14
tachyon.worker.nio$NIODataServer:86;1.1986617178494442E-17
tachyon.master.file.journal$InodeFileEntry:38;4.91065485648002E-22
tachyon.master.file.meta$InodeFile$Builder:42;1.7845165195681982E-22
tachyon.master.file.meta$InodeFile:93;1.7845165195681982E-22
tachyon.master.block.meta$MasterBlockInfo:39;1.4445634189688892E-23
tachyon.master.block.journal$BlockInfoEntry:32;1.4445634189688892E-23
tachyon.master.file.meta$InodeDirectory$1:53;7.206333055203005E-24
tachyon.master.file.meta$InodeDirectory$2:59;7.206333055203005E-24
tachyon.master.file.meta$InodeTree$CreatePathResult:638;7.206333055203005E-24
tachyon.master.file.journal$InodeLastModificationTimeEntry:37;7.206333055203005E-24
tachyon.master.file.meta$InodeTree$TraversalResult:592;3.2114986655830756E-24
tachyon.master.file.meta.options$CreatePathOptions$Builder:36;2.256365469164723E-24
tachyon.master.file.meta.options$CreatePathOptions:127;2.256365469164723E-24
tachyon.master.file.journal$PersistFileEntry:30;1.254232715549716E-24
tachyon.master$TachyonMaster:131;9.182064670671361E-25
tachyon.master.journal$Journal:49;9.182064670671361E-25
tachyon.master.journal$ReadOnlyJournal:26;9.182064670671361E-25
tachyon.master.journal$ReadWriteJournal:26;9.182064670671361E-25
tachyon.master$MasterBase:56;9.182064670671361E-25
tachyon.master.block$BlockMaster:140;9.182064670671361E-25
tachyon.master.journal$JsonJournalFormatter:73;9.182064670671361E-25
tachyon.master.file$FileSystemMaster:122;9.182064670671361E-25
tachyon.master.rawtable$RawTableMaster:67;9.182064670671361E-25
tachyon.master.block$BlockContainerIdGenerator:32;9.182064670671361E-25
tachyon.master.block$BlockMaster$1:103;9.182064670671361E-25
tachyon.master.block$BlockMaster$2:110;9.182064670671361E-25
tachyon.master.file.meta$TTLBucketList:38;9.182064670671361E-25
tachyon.master.file.meta$InodeDirectoryIdGenerator:41;9.182064670671361E-25
tachyon.master.file.meta$MountTable:40;9.182064670671361E-25
tachyon.master.file.meta$InodeTree:103;9.182064670671361E-25
tachyon.master.rawtable.meta$RawTables:31;9.182064670671361E-25
tachyon.metrics$MetricsSystem:100;9.182064670671361E-25
tachyon.metrics$MetricsConfig:50;9.182064670671361E-25
tachyon.master.journal$JournalWriter:71;9.182064670671361E-25
tachyon.master.journal$JournalTailer:48;9.182064670671361E-25
tachyon.master.journal$JournalReader:59;9.182064670671361E-25
tachyon.master.journal$JournalWriter$CheckpointOutputStream:221;9.182064670671361E-25
tachyon.worker.block$BlockWorker:159;9.182064670671361E-25
tachyon.worker$WorkerSource:28;9.182064670671361E-25
tachyon.worker.block$BlockDataManager:98;9.182064670671361E-25
tachyon.worker.block$TieredBlockStore:105;9.182064670671361E-25
tachyon.worker.block$BlockMetadataManager:58;9.182064670671361E-25
tachyon.worker.block.meta$StorageTier:47;9.182064670671361E-25
tachyon.worker.block.meta$StorageDir:66;9.182064670671361E-25
tachyon.worker.block$BlockLockManager:63;9.182064670671361E-25
tachyon.worker.block$ClientRWLock:29;9.182064670671361E-25
tachyon.worker.block.allocator$MaxFreeAllocator:32;9.182064670671361E-25
tachyon.worker.block$BlockStoreEventListenerBase:22;9.182064670671361E-25
tachyon.worker.block.evictor$EvictorBase:48;9.182064670671361E-25
tachyon.worker.block.evictor$LRUEvictor:52;9.182064670671361E-25
tachyon$Sessions:45;9.182064670671361E-25
tachyon.worker.block$BlockHeartbeatReporter:42;9.182064670671361E-25
tachyon.worker.block$BlockMetricsReporter:29;9.182064670671361E-25
tachyon.master.block$BlockMaster$LostWorkerDetectionHeartbeatExecutor:660;9.182064670671361E-25
tachyon.master.journal$JournalWriter$EntryOutputStream:300;9.182064670671361E-25
tachyon.master.file$FileSystemMaster$MasterInodeTTLCheckExecutor:1398;9.182064670671361E-25
tachyon.metrics.sink$MetricsServlet:50;9.182064670671361E-25
tachyon.worker.block$BlockServiceHandler:42;9.182064670671361E-25
tachyon.web$UIWebServer:60;9.182064670671361E-25
tachyon.web$MasterUIWebServer:35;9.182064670671361E-25
tachyon.web$WebInterfaceGeneralServlet:88;9.182064670671361E-25
tachyon.web$WebInterfaceWorkersServlet:124;9.182064670671361E-25
tachyon.web$WebInterfaceConfigurationServlet:50;9.182064670671361E-25
tachyon.web$WebInterfaceBrowseServlet:59;9.182064670671361E-25
tachyon.web$WebInterfaceMemoryServlet:43;9.182064670671361E-25
tachyon.web$WebInterfaceDependencyServlet:36;9.182064670671361E-25
tachyon.web$WebInterfaceDownloadServlet:57;9.182064670671361E-25
tachyon.web$WebInterfaceDownloadLocalServlet:44;9.182064670671361E-25
tachyon.web$WebInterfaceBrowseLogsServlet:51;9.182064670671361E-25
tachyon.web$WebInterfaceHeaderServlet:38;9.182064670671361E-25
tachyon.master.block$BlockMasterServiceHandler:34;9.182064670671361E-25
tachyon.master.file$FileSystemMasterServiceHandler:37;9.182064670671361E-25
tachyon.master.rawtable$RawTableMasterServiceHandler:31;9.182064670671361E-25
tachyon.master.block.meta$MasterWorkerInfo:65;9.182064670671361E-25
tachyon.web$WorkerUIWebServer:35;9.182064670671361E-25
tachyon.web$WebInterfaceWorkerGeneralServlet:99;9.182064670671361E-25
tachyon.web$WebInterfaceWorkerGeneralServlet$UiWorkerInfo:75;9.182064670671361E-25
tachyon.web$WebInterfaceWorkerBlockInfoServlet:57;9.182064670671361E-25
tachyon.worker.block$BlockMasterSync:78;9.182064670671361E-25
tachyon.worker.block$PinListSync:57;9.182064670671361E-25
tachyon.worker.block$SessionCleaner:45;9.182064670671361E-25
tachyon.worker.block$BlockMetadataManagerView:67;2.525689364301487E-25
tachyon.worker.block.meta$StorageTierView:44;2.525689364301487E-25
tachyon.worker.block.meta$StorageDirView:56;2.525689364301487E-25
tachyon.master.file.meta$InodeDirectory$Builder:36;2.124859041085016E-25
tachyon.master.file.meta$InodeDirectory:66;2.124859041085016E-25
tachyon.master.file.journal$InodeDirectoryEntry:31;2.124859041085016E-25
tachyon.master.file.meta$InodeTree$1:72;1.869798704636339E-25
tachyon.master.block.journal$BlockContainerIdGeneratorEntry:32;1.869798704636339E-25
tachyon.master.journal$SerializableJournalEntry:27;1.869798704636339E-25
tachyon.master.journal$JsonJournalFormatter$JsonEntry:96;1.869798704636339E-25
tachyon.master.file.meta$Inode$Builder:33;1.869798704636339E-25
tachyon.master.file.meta$Inode:99;1.869798704636339E-25
tachyon.master.file.journal$InodeEntry:36;1.869798704636339E-25
tachyon.master.file.journal$InodeDirectoryIdGeneratorEntry:29;1.869798704636339E-25
tachyon.worker.block$BlockStoreMeta:58;1.718388831577518E-25
tachyon.worker.block$BlockHeartbeatReport:31;1.718388831577518E-25
tachyon.master$MasterContext:24;0.0
tachyon.master$MasterSource:36;0.0
tachyon.master$TachyonMaster$Factory:118;0.0
tachyon.master.journal$JournalFormatter$Factory:32;0.0
tachyon.master.lineage$LineageMaster:117;0.0
tachyon.master.rawtable.meta$RawTables$1:35;0.0
tachyon.master$MasterSource$1:65;0.0
tachyon.master$MasterSource$2:72;0.0
tachyon.master$MasterSource$3:79;0.0
tachyon.master$MasterSource$4:87;0.0
tachyon.master$MasterSource$5:102;0.0
tachyon.master$MasterSource$6:117;0.0
tachyon.master$MasterSource$7:132;0.0
tachyon.master$MasterSource$8:139;0.0
tachyon.master$MasterSource$9:146;0.0
tachyon.worker$WorkerContext:24;0.0
tachyon$StorageLevelAlias:37;0.0
tachyon.worker.block.allocator$Allocator$Factory:35;0.0
tachyon.master.journal$JournalEntryType:21;0.0
tachyon.worker.block.evictor$Evictor$Factory:34;0.0
tachyon.worker$WorkerSource$1:142;0.0
tachyon.worker$WorkerSource$2:149;0.0
tachyon.worker$WorkerSource$3:156;0.0
tachyon.worker$WorkerSource$4:164;0.0
tachyon.worker$DataServer$Factory:33;0.0
tachyon.worker.netty$NettyDataServer:50;0.0
tachyon.worker.netty$DataServerHandler:66;0.0
tachyon.worker.netty$FileTransferType:23;0.0
tachyon.worker.netty$PipelineHandler:33;0.0
tachyon.worker$WorkerIdRegistry:48;0.0
tachyon.web$WebInterfaceBrowseLogsServlet$1:47;0.0
tachyon.metrics.sink$MetricsServlet$1:63;0.0
tachyon$StorageDirId:108;0.0
tachyon$SessionInfo:29;0.0
tachyon.master.file.journal$CompleteFileEntry:33;0.0
tachyon.worker.block$BlockStoreLocation:58;0.0
tachyon.worker.block.meta$BlockMetaBase:65;0.0
tachyon.worker.block.meta$TempBlockMeta:34;0.0
tachyon.worker.block$BlockLockType:27;0.0
tachyon.worker.block$ClientRWLock$SessionLock:49;0.0
tachyon.worker.block$BlockLockManager$LockRecord:241;0.0
tachyon.worker.block.meta$BlockMeta:32;0.0
tachyon.master.block.meta$MasterBlockLocation:27;0.0
tachyon.worker.block.evictor$EvictionPlan:35;0.0
tachyon.worker.block.evictor$EvictorUtils:113;0.0
tachyon.worker.block.evictor$EvictionDirCandidates:36;0.0
tachyon.worker.block.io$LocalFileBlockReader:53;0.0
tachyon.worker.netty$ClosableResourceChannelListener:30;0.0
tachyon.master.rawtable.meta$RawTable:40;0.0
tachyon.master.rawtable.journal$RawTableEntry:39;0.0
tachyon.master.rawtable.journal$UpdateMetadataEntry:37;0.0
tachyon.master.file.journal$PersistDirectoryEntry:29;0.0
tachyon.master.file.journal$SetPinnedEntry:40;0.0
tachyon.worker.block$BlockMasterSync$BlockRemover:214;0.0
tachyon.master.journal$JsonJournalFormatter$1:248;0.0
