name;suspiciousness_value
tachyon.master.file.options$CreateOptions:115;87.11111111111111
tachyon.master.file.options$CreateOptions$Builder:36;87.11111111111111
tachyon.master.file.options$MkdirOptions$Builder:33;21.043478260869566
tachyon.master.file.options$MkdirOptions:89;21.043478260869566
tachyon.worker.nio$NIODataServer:86;19.758064516129032
tachyon.master.file.meta$TTLBucket:42;15.24390243902439
tachyon.master$TachyonMaster:131;5.104166666666667
tachyon.master.journal$Journal:49;5.104166666666667
tachyon.master.journal$ReadOnlyJournal:26;5.104166666666667
tachyon.master.journal$ReadWriteJournal:26;5.104166666666667
tachyon.master$MasterBase:56;5.104166666666667
tachyon.master.block$BlockMaster:140;5.104166666666667
tachyon.master.journal$JsonJournalFormatter:73;5.104166666666667
tachyon.master.file$FileSystemMaster:122;5.104166666666667
tachyon.master.rawtable$RawTableMaster:67;5.104166666666667
tachyon.master.block$BlockContainerIdGenerator:32;5.104166666666667
tachyon.master.block$BlockMaster$1:103;5.104166666666667
tachyon.master.block$BlockMaster$2:110;5.104166666666667
tachyon.master.file.meta$TTLBucketList:38;5.104166666666667
tachyon.master.file.meta$InodeDirectoryIdGenerator:41;5.104166666666667
tachyon.master.file.meta$MountTable:40;5.104166666666667
tachyon.master.file.meta$InodeTree:103;5.104166666666667
tachyon.master.rawtable.meta$RawTables:31;5.104166666666667
tachyon.metrics$MetricsSystem:100;5.104166666666667
tachyon.metrics$MetricsConfig:50;5.104166666666667
tachyon.master.journal$JournalWriter:71;5.104166666666667
tachyon.master.journal$JournalTailer:48;5.104166666666667
tachyon.master.journal$JournalReader:59;5.104166666666667
tachyon.master.journal$JournalWriter$CheckpointOutputStream:221;5.104166666666667
tachyon.worker.block$BlockWorker:159;5.104166666666667
tachyon.worker$WorkerSource:28;5.104166666666667
tachyon.worker.block$BlockDataManager:98;5.104166666666667
tachyon.worker.block$TieredBlockStore:105;5.104166666666667
tachyon.worker.block$BlockMetadataManager:58;5.104166666666667
tachyon.worker.block.meta$StorageTier:47;5.104166666666667
tachyon.worker.block.meta$StorageDir:66;5.104166666666667
tachyon.worker.block$BlockLockManager:63;5.104166666666667
tachyon.worker.block$ClientRWLock:29;5.104166666666667
tachyon.worker.block.allocator$MaxFreeAllocator:32;5.104166666666667
tachyon.worker.block$BlockStoreEventListenerBase:22;5.104166666666667
tachyon.worker.block.evictor$EvictorBase:48;5.104166666666667
tachyon.worker.block.evictor$LRUEvictor:52;5.104166666666667
tachyon$Sessions:45;5.104166666666667
tachyon.worker.block$BlockHeartbeatReporter:42;5.104166666666667
tachyon.worker.block$BlockMetricsReporter:29;5.104166666666667
tachyon.master.block$BlockMaster$LostWorkerDetectionHeartbeatExecutor:660;5.104166666666667
tachyon.master.journal$JournalWriter$EntryOutputStream:300;5.104166666666667
tachyon.master.file$FileSystemMaster$MasterInodeTTLCheckExecutor:1398;5.104166666666667
tachyon.metrics.sink$MetricsServlet:50;5.104166666666667
tachyon.worker.block$BlockServiceHandler:42;5.104166666666667
tachyon.web$UIWebServer:60;5.104166666666667
tachyon.web$MasterUIWebServer:35;5.104166666666667
tachyon.web$WebInterfaceGeneralServlet:88;5.104166666666667
tachyon.web$WebInterfaceWorkersServlet:124;5.104166666666667
tachyon.web$WebInterfaceConfigurationServlet:50;5.104166666666667
tachyon.web$WebInterfaceBrowseServlet:59;5.104166666666667
tachyon.web$WebInterfaceMemoryServlet:43;5.104166666666667
tachyon.web$WebInterfaceDependencyServlet:36;5.104166666666667
tachyon.web$WebInterfaceDownloadServlet:57;5.104166666666667
tachyon.web$WebInterfaceDownloadLocalServlet:44;5.104166666666667
tachyon.web$WebInterfaceBrowseLogsServlet:51;5.104166666666667
tachyon.web$WebInterfaceHeaderServlet:38;5.104166666666667
tachyon.master.block$BlockMasterServiceHandler:34;5.104166666666667
tachyon.master.file$FileSystemMasterServiceHandler:37;5.104166666666667
tachyon.master.rawtable$RawTableMasterServiceHandler:31;5.104166666666667
tachyon.master.block.meta$MasterWorkerInfo:65;5.104166666666667
tachyon.web$WorkerUIWebServer:35;5.104166666666667
tachyon.web$WebInterfaceWorkerGeneralServlet:99;5.104166666666667
tachyon.web$WebInterfaceWorkerGeneralServlet$UiWorkerInfo:75;5.104166666666667
tachyon.web$WebInterfaceWorkerBlockInfoServlet:57;5.104166666666667
tachyon.worker.block$BlockMasterSync:78;5.104166666666667
tachyon.worker.block$PinListSync:57;5.104166666666667
tachyon.worker.block$SessionCleaner:45;5.104166666666667
tachyon.worker.block$BlockMetadataManagerView:67;4.57089552238806
tachyon.worker.block.meta$StorageTierView:44;4.57089552238806
tachyon.worker.block.meta$StorageDirView:56;4.57089552238806
tachyon.master.file.meta$InodeDirectory$Builder:36;4.5036764705882355
tachyon.master.file.meta$InodeDirectory:66;4.5036764705882355
tachyon.master.file.journal$InodeDirectoryEntry:31;4.5036764705882355
tachyon.master.file.meta$InodeTree$1:72;4.454545454545454
tachyon.master.block.journal$BlockContainerIdGeneratorEntry:32;4.454545454545454
tachyon.master.journal$SerializableJournalEntry:27;4.454545454545454
tachyon.master.journal$JsonJournalFormatter$JsonEntry:96;4.454545454545454
tachyon.master.file.meta$Inode$Builder:33;4.454545454545454
tachyon.master.file.meta$Inode:99;4.454545454545454
tachyon.master.file.journal$InodeEntry:36;4.454545454545454
tachyon.master.file.journal$InodeDirectoryIdGeneratorEntry:29;4.454545454545454
tachyon.worker.block$BlockStoreMeta:58;4.422382671480144
tachyon.worker.block$BlockHeartbeatReport:31;4.422382671480144
tachyon.master.file.meta.options$CreatePathOptions$Builder:36;4.391129032258065
tachyon.master.file.meta.options$CreatePathOptions:127;4.391129032258065
tachyon.master.file.meta$InodeTree$TraversalResult:592;4.031496062992126
tachyon.master.file.meta$InodeDirectory$1:53;3.844
tachyon.master.file.meta$InodeDirectory$2:59;3.844
tachyon.master.file.meta$InodeTree$CreatePathResult:638;3.844
tachyon.master.file.journal$InodeLastModificationTimeEntry:37;3.844
tachyon.master.file.meta$InodeFile$Builder:42;2.759183673469388
tachyon.master.file.meta$InodeFile:93;2.759183673469388
tachyon.master.file.journal$InodeFileEntry:38;2.331983805668016
tachyon.master.file.journal$DeleteFileEntry:30;1.9285714285714286
tachyon.master.file.journal$RenameEntry:40;0.02127659574468085
tachyon.master.block.meta$MasterBlockInfo:39;0.017391304347826087
tachyon.master.block.journal$BlockInfoEntry:32;0.017391304347826087
tachyon.master.file.journal$PersistFileEntry:30;0.005917159763313609
tachyon.master$MasterContext:24;0.0
tachyon.master$MasterSource:36;0.0
tachyon.master$TachyonMaster$Factory:118;0.0
tachyon.master.journal$JournalFormatter$Factory:32;0.0
tachyon.master.lineage$LineageMaster:117;0.0
tachyon.master.rawtable.meta$RawTables$1:35;0.0
tachyon.master$MasterSource$1:65;0.0
tachyon.master$MasterSource$2:72;0.0
tachyon.master$MasterSource$3:79;0.0
tachyon.master$MasterSource$4:87;0.0
tachyon.master$MasterSource$5:102;0.0
tachyon.master$MasterSource$6:117;0.0
tachyon.master$MasterSource$7:132;0.0
tachyon.master$MasterSource$8:139;0.0
tachyon.master$MasterSource$9:146;0.0
tachyon.worker$WorkerContext:24;0.0
tachyon$StorageLevelAlias:37;0.0
tachyon.worker.block.allocator$Allocator$Factory:35;0.0
tachyon.master.journal$JournalEntryType:21;0.0
tachyon.worker.block.evictor$Evictor$Factory:34;0.0
tachyon.worker$WorkerSource$1:142;0.0
tachyon.worker$WorkerSource$2:149;0.0
tachyon.worker$WorkerSource$3:156;0.0
tachyon.worker$WorkerSource$4:164;0.0
tachyon.worker$DataServer$Factory:33;0.0
tachyon.worker.netty$NettyDataServer:50;0.0
tachyon.worker.netty$DataServerHandler:66;0.0
tachyon.worker.netty$FileTransferType:23;0.0
tachyon.worker.netty$PipelineHandler:33;0.0
tachyon.worker$WorkerIdRegistry:48;0.0
tachyon.web$WebInterfaceBrowseLogsServlet$1:47;0.0
tachyon.metrics.sink$MetricsServlet$1:63;0.0
tachyon$StorageDirId:108;0.0
tachyon$SessionInfo:29;0.0
tachyon.master.file.journal$CompleteFileEntry:33;0.0
tachyon.worker.block$BlockStoreLocation:58;0.0
tachyon.worker.block.meta$BlockMetaBase:65;0.0
tachyon.worker.block.meta$TempBlockMeta:34;0.0
tachyon.worker.block$BlockLockType:27;0.0
tachyon.worker.block$ClientRWLock$SessionLock:49;0.0
tachyon.worker.block$BlockLockManager$LockRecord:241;0.0
tachyon.worker.block.meta$BlockMeta:32;0.0
tachyon.master.block.meta$MasterBlockLocation:27;0.0
tachyon.worker.block.evictor$EvictionPlan:35;0.0
tachyon.worker.block.evictor$EvictorUtils:113;0.0
tachyon.worker.block.evictor$EvictionDirCandidates:36;0.0
tachyon.worker.block.io$LocalFileBlockReader:53;0.0
tachyon.worker.netty$ClosableResourceChannelListener:30;0.0
tachyon.master.rawtable.meta$RawTable:40;0.0
tachyon.master.rawtable.journal$RawTableEntry:39;0.0
tachyon.master.rawtable.journal$UpdateMetadataEntry:37;0.0
tachyon.master.file.journal$PersistDirectoryEntry:29;0.0
tachyon.master.file.journal$SetPinnedEntry:40;0.0
tachyon.worker.block$BlockMasterSync$BlockRemover:214;0.0
tachyon.master.journal$JsonJournalFormatter$1:248;0.0
