name;suspiciousness_value
tachyon.master.file.options$CreateOptions:115;0.8640987597877148
tachyon.master.file.options$CreateOptions$Builder:36;0.8640987597877148
tachyon.master.file.options$MkdirOptions$Builder:33;0.6573757351339165
tachyon.master.file.options$MkdirOptions:89;0.6573757351339165
tachyon.worker.nio$NIODataServer:86;0.6006868920394728
tachyon.master.file.meta$TTLBucket:42;0.5646924393157821
tachyon.master$TachyonMaster:131;0.3567530340063379
tachyon.master.journal$Journal:49;0.3567530340063379
tachyon.master.journal$ReadOnlyJournal:26;0.3567530340063379
tachyon.master.journal$ReadWriteJournal:26;0.3567530340063379
tachyon.master$MasterBase:56;0.3567530340063379
tachyon.master.block$BlockMaster:140;0.3567530340063379
tachyon.master.journal$JsonJournalFormatter:73;0.3567530340063379
tachyon.master.file$FileSystemMaster:122;0.3567530340063379
tachyon.master.rawtable$RawTableMaster:67;0.3567530340063379
tachyon.master.block$BlockContainerIdGenerator:32;0.3567530340063379
tachyon.master.block$BlockMaster$1:103;0.3567530340063379
tachyon.master.block$BlockMaster$2:110;0.3567530340063379
tachyon.master.file.meta$TTLBucketList:38;0.3567530340063379
tachyon.master.file.meta$InodeDirectoryIdGenerator:41;0.3567530340063379
tachyon.master.file.meta$MountTable:40;0.3567530340063379
tachyon.master.file.meta$InodeTree:103;0.3567530340063379
tachyon.master.rawtable.meta$RawTables:31;0.3567530340063379
tachyon.metrics$MetricsSystem:100;0.3567530340063379
tachyon.metrics$MetricsConfig:50;0.3567530340063379
tachyon.master.journal$JournalWriter:71;0.3567530340063379
tachyon.master.journal$JournalTailer:48;0.3567530340063379
tachyon.master.journal$JournalReader:59;0.3567530340063379
tachyon.master.journal$JournalWriter$CheckpointOutputStream:221;0.3567530340063379
tachyon.worker.block$BlockWorker:159;0.3567530340063379
tachyon.worker$WorkerSource:28;0.3567530340063379
tachyon.worker.block$BlockDataManager:98;0.3567530340063379
tachyon.worker.block$TieredBlockStore:105;0.3567530340063379
tachyon.worker.block$BlockMetadataManager:58;0.3567530340063379
tachyon.worker.block.meta$StorageTier:47;0.3567530340063379
tachyon.worker.block.meta$StorageDir:66;0.3567530340063379
tachyon.worker.block$BlockLockManager:63;0.3567530340063379
tachyon.worker.block$ClientRWLock:29;0.3567530340063379
tachyon.worker.block.allocator$MaxFreeAllocator:32;0.3567530340063379
tachyon.worker.block$BlockStoreEventListenerBase:22;0.3567530340063379
tachyon.worker.block.evictor$EvictorBase:48;0.3567530340063379
tachyon.worker.block.evictor$LRUEvictor:52;0.3567530340063379
tachyon$Sessions:45;0.3567530340063379
tachyon.worker.block$BlockHeartbeatReporter:42;0.3567530340063379
tachyon.worker.block$BlockMetricsReporter:29;0.3567530340063379
tachyon.master.block$BlockMaster$LostWorkerDetectionHeartbeatExecutor:660;0.3567530340063379
tachyon.master.journal$JournalWriter$EntryOutputStream:300;0.3567530340063379
tachyon.master.file$FileSystemMaster$MasterInodeTTLCheckExecutor:1398;0.3567530340063379
tachyon.metrics.sink$MetricsServlet:50;0.3567530340063379
tachyon.worker.block$BlockServiceHandler:42;0.3567530340063379
tachyon.web$UIWebServer:60;0.3567530340063379
tachyon.web$MasterUIWebServer:35;0.3567530340063379
tachyon.web$WebInterfaceGeneralServlet:88;0.3567530340063379
tachyon.web$WebInterfaceWorkersServlet:124;0.3567530340063379
tachyon.web$WebInterfaceConfigurationServlet:50;0.3567530340063379
tachyon.web$WebInterfaceBrowseServlet:59;0.3567530340063379
tachyon.web$WebInterfaceMemoryServlet:43;0.3567530340063379
tachyon.web$WebInterfaceDependencyServlet:36;0.3567530340063379
tachyon.web$WebInterfaceDownloadServlet:57;0.3567530340063379
tachyon.web$WebInterfaceDownloadLocalServlet:44;0.3567530340063379
tachyon.web$WebInterfaceBrowseLogsServlet:51;0.3567530340063379
tachyon.web$WebInterfaceHeaderServlet:38;0.3567530340063379
tachyon.master.block$BlockMasterServiceHandler:34;0.3567530340063379
tachyon.master.file$FileSystemMasterServiceHandler:37;0.3567530340063379
tachyon.master.rawtable$RawTableMasterServiceHandler:31;0.3567530340063379
tachyon.master.block.meta$MasterWorkerInfo:65;0.3567530340063379
tachyon.web$WorkerUIWebServer:35;0.3567530340063379
tachyon.web$WebInterfaceWorkerGeneralServlet:99;0.3567530340063379
tachyon.web$WebInterfaceWorkerGeneralServlet$UiWorkerInfo:75;0.3567530340063379
tachyon.web$WebInterfaceWorkerBlockInfoServlet:57;0.3567530340063379
tachyon.worker.block$BlockMasterSync:78;0.3567530340063379
tachyon.worker.block$PinListSync:57;0.3567530340063379
tachyon.worker.block$SessionCleaner:45;0.3567530340063379
tachyon.worker.block$BlockMetadataManagerView:67;0.3398699032793511
tachyon.worker.block.meta$StorageTierView:44;0.3398699032793511
tachyon.worker.block.meta$StorageDirView:56;0.3398699032793511
tachyon.master.file.meta$InodeDirectory$Builder:36;0.3376485075607183
tachyon.master.file.meta$InodeDirectory:66;0.3376485075607183
tachyon.master.file.journal$InodeDirectoryEntry:31;0.3376485075607183
tachyon.master.file.meta$InodeTree$1:72;0.3360107525161235
tachyon.master.block.journal$BlockContainerIdGeneratorEntry:32;0.3360107525161235
tachyon.master.journal$SerializableJournalEntry:27;0.3360107525161235
tachyon.master.journal$JsonJournalFormatter$JsonEntry:96;0.3360107525161235
tachyon.master.file.meta$Inode$Builder:33;0.3360107525161235
tachyon.master.file.meta$Inode:99;0.3360107525161235
tachyon.master.file.journal$InodeEntry:36;0.3360107525161235
tachyon.master.file.journal$InodeDirectoryIdGeneratorEntry:29;0.3360107525161235
tachyon.worker.block$BlockStoreMeta:58;0.3349320635285418
tachyon.worker.block$BlockHeartbeatReport:31;0.3349320635285418
tachyon.master.file.meta.options$CreatePathOptions$Builder:36;0.33394720739540396
tachyon.master.file.meta.options$CreatePathOptions:127;0.33394720739540396
tachyon.master.file.meta$InodeTree$TraversalResult:592;0.32153091645634
tachyon.master.file.meta$InodeDirectory$1:53;0.3148384655852396
tachyon.master.file.meta$InodeDirectory$2:59;0.3148384655852396
tachyon.master.file.meta$InodeTree$CreatePathResult:638;0.3148384655852396
tachyon.master.file.journal$InodeLastModificationTimeEntry:37;0.3148384655852396
tachyon.master.file.journal$DeleteFileEntry:30;0.304255531702266
tachyon.master.file.meta$InodeFile$Builder:42;0.2715117819993256
tachyon.master.file.meta$InodeFile:93;0.2715117819993256
tachyon.master.file.journal$InodeFileEntry:38;0.2515883608132604
tachyon.master.file.journal$RenameEntry:40;0.045175395145262566
tachyon.master.block.meta$MasterBlockInfo:39;0.023964558660394916
tachyon.master.block.journal$BlockInfoEntry:32;0.023964558660394916
tachyon.master.file.journal$PersistFileEntry:30;0.014494275891311212
tachyon.master$MasterContext:24;0.0
tachyon.master$MasterSource:36;0.0
tachyon.master$TachyonMaster$Factory:118;0.0
tachyon.master.journal$JournalFormatter$Factory:32;0.0
tachyon.master.lineage$LineageMaster:117;0.0
tachyon.master.rawtable.meta$RawTables$1:35;0.0
tachyon.master$MasterSource$1:65;0.0
tachyon.master$MasterSource$2:72;0.0
tachyon.master$MasterSource$3:79;0.0
tachyon.master$MasterSource$4:87;0.0
tachyon.master$MasterSource$5:102;0.0
tachyon.master$MasterSource$6:117;0.0
tachyon.master$MasterSource$7:132;0.0
tachyon.master$MasterSource$8:139;0.0
tachyon.master$MasterSource$9:146;0.0
tachyon.worker$WorkerContext:24;0.0
tachyon$StorageLevelAlias:37;0.0
tachyon.worker.block.allocator$Allocator$Factory:35;0.0
tachyon.master.journal$JournalEntryType:21;0.0
tachyon.worker.block.evictor$Evictor$Factory:34;0.0
tachyon.worker$WorkerSource$1:142;0.0
tachyon.worker$WorkerSource$2:149;0.0
tachyon.worker$WorkerSource$3:156;0.0
tachyon.worker$WorkerSource$4:164;0.0
tachyon.worker$DataServer$Factory:33;0.0
tachyon.worker.netty$NettyDataServer:50;0.0
tachyon.worker.netty$DataServerHandler:66;0.0
tachyon.worker.netty$FileTransferType:23;0.0
tachyon.worker.netty$PipelineHandler:33;0.0
tachyon.worker$WorkerIdRegistry:48;0.0
tachyon.web$WebInterfaceBrowseLogsServlet$1:47;0.0
tachyon.metrics.sink$MetricsServlet$1:63;0.0
tachyon$StorageDirId:108;0.0
tachyon$SessionInfo:29;0.0
tachyon.master.file.journal$CompleteFileEntry:33;0.0
tachyon.worker.block$BlockStoreLocation:58;0.0
tachyon.worker.block.meta$BlockMetaBase:65;0.0
tachyon.worker.block.meta$TempBlockMeta:34;0.0
tachyon.worker.block$BlockLockType:27;0.0
tachyon.worker.block$ClientRWLock$SessionLock:49;0.0
tachyon.worker.block$BlockLockManager$LockRecord:241;0.0
tachyon.worker.block.meta$BlockMeta:32;0.0
tachyon.master.block.meta$MasterBlockLocation:27;0.0
tachyon.worker.block.evictor$EvictionPlan:35;0.0
tachyon.worker.block.evictor$EvictorUtils:113;0.0
tachyon.worker.block.evictor$EvictionDirCandidates:36;0.0
tachyon.worker.block.io$LocalFileBlockReader:53;0.0
tachyon.worker.netty$ClosableResourceChannelListener:30;0.0
tachyon.master.rawtable.meta$RawTable:40;0.0
tachyon.master.rawtable.journal$RawTableEntry:39;0.0
tachyon.master.rawtable.journal$UpdateMetadataEntry:37;0.0
tachyon.master.file.journal$PersistDirectoryEntry:29;0.0
tachyon.master.file.journal$SetPinnedEntry:40;0.0
tachyon.worker.block$BlockMasterSync$BlockRemover:214;0.0
tachyon.master.journal$JsonJournalFormatter$1:248;0.0
