name;suspiciousness_value
tachyon.master.file.options$CreateOptions:115;0.9911504424778761
tachyon.master.file.options$CreateOptions$Builder:36;0.9911504424778761
tachyon.master.file.options$MkdirOptions$Builder:33;0.946236559139785
tachyon.master.file.options$MkdirOptions:89;0.946236559139785
tachyon.master.file.meta$TTLBucket:42;0.8658008658008659
tachyon.worker.nio$NIODataServer:86;0.8187134502923976
tachyon.master.file.journal$DeleteFileEntry:30;0.8181818181818181
tachyon.master$TachyonMaster:131;0.5384615384615384
tachyon.master.journal$Journal:49;0.5384615384615384
tachyon.master.journal$ReadOnlyJournal:26;0.5384615384615384
tachyon.master.journal$ReadWriteJournal:26;0.5384615384615384
tachyon.master$MasterBase:56;0.5384615384615384
tachyon.master.block$BlockMaster:140;0.5384615384615384
tachyon.master.journal$JsonJournalFormatter:73;0.5384615384615384
tachyon.master.file$FileSystemMaster:122;0.5384615384615384
tachyon.master.rawtable$RawTableMaster:67;0.5384615384615384
tachyon.master.block$BlockContainerIdGenerator:32;0.5384615384615384
tachyon.master.block$BlockMaster$1:103;0.5384615384615384
tachyon.master.block$BlockMaster$2:110;0.5384615384615384
tachyon.master.file.meta$TTLBucketList:38;0.5384615384615384
tachyon.master.file.meta$InodeDirectoryIdGenerator:41;0.5384615384615384
tachyon.master.file.meta$MountTable:40;0.5384615384615384
tachyon.master.file.meta$InodeTree:103;0.5384615384615384
tachyon.master.rawtable.meta$RawTables:31;0.5384615384615384
tachyon.metrics$MetricsSystem:100;0.5384615384615384
tachyon.metrics$MetricsConfig:50;0.5384615384615384
tachyon.master.journal$JournalWriter:71;0.5384615384615384
tachyon.master.journal$JournalTailer:48;0.5384615384615384
tachyon.master.journal$JournalReader:59;0.5384615384615384
tachyon.master.journal$JournalWriter$CheckpointOutputStream:221;0.5384615384615384
tachyon.worker.block$BlockWorker:159;0.5384615384615384
tachyon.worker$WorkerSource:28;0.5384615384615384
tachyon.worker.block$BlockDataManager:98;0.5384615384615384
tachyon.worker.block$TieredBlockStore:105;0.5384615384615384
tachyon.worker.block$BlockMetadataManager:58;0.5384615384615384
tachyon.worker.block.meta$StorageTier:47;0.5384615384615384
tachyon.worker.block.meta$StorageDir:66;0.5384615384615384
tachyon.worker.block$BlockLockManager:63;0.5384615384615384
tachyon.worker.block$ClientRWLock:29;0.5384615384615384
tachyon.worker.block.allocator$MaxFreeAllocator:32;0.5384615384615384
tachyon.worker.block$BlockStoreEventListenerBase:22;0.5384615384615384
tachyon.worker.block.evictor$EvictorBase:48;0.5384615384615384
tachyon.worker.block.evictor$LRUEvictor:52;0.5384615384615384
tachyon$Sessions:45;0.5384615384615384
tachyon.worker.block$BlockHeartbeatReporter:42;0.5384615384615384
tachyon.worker.block$BlockMetricsReporter:29;0.5384615384615384
tachyon.master.block$BlockMaster$LostWorkerDetectionHeartbeatExecutor:660;0.5384615384615384
tachyon.master.journal$JournalWriter$EntryOutputStream:300;0.5384615384615384
tachyon.master.file$FileSystemMaster$MasterInodeTTLCheckExecutor:1398;0.5384615384615384
tachyon.metrics.sink$MetricsServlet:50;0.5384615384615384
tachyon.worker.block$BlockServiceHandler:42;0.5384615384615384
tachyon.web$UIWebServer:60;0.5384615384615384
tachyon.web$MasterUIWebServer:35;0.5384615384615384
tachyon.web$WebInterfaceGeneralServlet:88;0.5384615384615384
tachyon.web$WebInterfaceWorkersServlet:124;0.5384615384615384
tachyon.web$WebInterfaceConfigurationServlet:50;0.5384615384615384
tachyon.web$WebInterfaceBrowseServlet:59;0.5384615384615384
tachyon.web$WebInterfaceMemoryServlet:43;0.5384615384615384
tachyon.web$WebInterfaceDependencyServlet:36;0.5384615384615384
tachyon.web$WebInterfaceDownloadServlet:57;0.5384615384615384
tachyon.web$WebInterfaceDownloadLocalServlet:44;0.5384615384615384
tachyon.web$WebInterfaceBrowseLogsServlet:51;0.5384615384615384
tachyon.web$WebInterfaceHeaderServlet:38;0.5384615384615384
tachyon.master.block$BlockMasterServiceHandler:34;0.5384615384615384
tachyon.master.file$FileSystemMasterServiceHandler:37;0.5384615384615384
tachyon.master.rawtable$RawTableMasterServiceHandler:31;0.5384615384615384
tachyon.master.block.meta$MasterWorkerInfo:65;0.5384615384615384
tachyon.web$WorkerUIWebServer:35;0.5384615384615384
tachyon.web$WebInterfaceWorkerGeneralServlet:99;0.5384615384615384
tachyon.web$WebInterfaceWorkerGeneralServlet$UiWorkerInfo:75;0.5384615384615384
tachyon.web$WebInterfaceWorkerBlockInfoServlet:57;0.5384615384615384
tachyon.worker.block$BlockMasterSync:78;0.5384615384615384
tachyon.worker.block$PinListSync:57;0.5384615384615384
tachyon.worker.block$SessionCleaner:45;0.5384615384615384
tachyon.master.file.meta.options$CreatePathOptions$Builder:36;0.5176470588235295
tachyon.master.file.meta.options$CreatePathOptions:127;0.5176470588235295
tachyon.worker.block$BlockMetadataManagerView:67;0.510948905109489
tachyon.worker.block.meta$StorageTierView:44;0.510948905109489
tachyon.worker.block.meta$StorageDirView:56;0.510948905109489
tachyon.master.file.meta$InodeDirectory$Builder:36;0.5072463768115941
tachyon.master.file.meta$InodeDirectory:66;0.5072463768115941
tachyon.master.file.journal$InodeDirectoryEntry:31;0.5072463768115941
tachyon.master.file.meta$InodeTree$TraversalResult:592;0.504930966469428
tachyon.master.file.meta$InodeTree$1:72;0.5045045045045045
tachyon.master.block.journal$BlockContainerIdGeneratorEntry:32;0.5045045045045045
tachyon.master.journal$SerializableJournalEntry:27;0.5045045045045045
tachyon.master.journal$JsonJournalFormatter$JsonEntry:96;0.5045045045045045
tachyon.master.file.meta$Inode$Builder:33;0.5045045045045045
tachyon.master.file.meta$Inode:99;0.5045045045045045
tachyon.master.file.journal$InodeEntry:36;0.5045045045045045
tachyon.master.file.journal$InodeDirectoryIdGeneratorEntry:29;0.5045045045045045
tachyon.worker.block$BlockStoreMeta:58;0.5026929982046678
tachyon.worker.block$BlockHeartbeatReport:31;0.5026929982046678
tachyon.master.file.meta$InodeDirectory$1:53;0.5020242914979757
tachyon.master.file.meta$InodeDirectory$2:59;0.5020242914979757
tachyon.master.file.meta$InodeTree$CreatePathResult:638;0.5020242914979757
tachyon.master.file.journal$InodeLastModificationTimeEntry:37;0.5020242914979757
tachyon.master.file.meta$InodeFile$Builder:42;0.46846846846846846
tachyon.master.file.meta$InodeFile:93;0.46846846846846846
tachyon.master.file.journal$InodeFileEntry:38;0.44859813084112155
tachyon.master.file.journal$RenameEntry:40;0.38095238095238093
tachyon.master.block.meta$MasterBlockInfo:39;0.07511737089201877
tachyon.master.block.journal$BlockInfoEntry:32;0.07511737089201877
tachyon.master.file.journal$PersistFileEntry:30;0.055944055944055944
tachyon.master$MasterContext:24;0.0
tachyon.master$MasterSource:36;0.0
tachyon.master$TachyonMaster$Factory:118;0.0
tachyon.master.journal$JournalFormatter$Factory:32;0.0
tachyon.master.lineage$LineageMaster:117;0.0
tachyon.master.rawtable.meta$RawTables$1:35;0.0
tachyon.master$MasterSource$1:65;0.0
tachyon.master$MasterSource$2:72;0.0
tachyon.master$MasterSource$3:79;0.0
tachyon.master$MasterSource$4:87;0.0
tachyon.master$MasterSource$5:102;0.0
tachyon.master$MasterSource$6:117;0.0
tachyon.master$MasterSource$7:132;0.0
tachyon.master$MasterSource$8:139;0.0
tachyon.master$MasterSource$9:146;0.0
tachyon.worker$WorkerContext:24;0.0
tachyon$StorageLevelAlias:37;0.0
tachyon.worker.block.allocator$Allocator$Factory:35;0.0
tachyon.master.journal$JournalEntryType:21;0.0
tachyon.worker.block.evictor$Evictor$Factory:34;0.0
tachyon.worker$WorkerSource$1:142;0.0
tachyon.worker$WorkerSource$2:149;0.0
tachyon.worker$WorkerSource$3:156;0.0
tachyon.worker$WorkerSource$4:164;0.0
tachyon.worker$DataServer$Factory:33;0.0
tachyon.worker.netty$NettyDataServer:50;0.0
tachyon.worker.netty$DataServerHandler:66;0.0
tachyon.worker.netty$FileTransferType:23;0.0
tachyon.worker.netty$PipelineHandler:33;0.0
tachyon.worker$WorkerIdRegistry:48;0.0
tachyon.web$WebInterfaceBrowseLogsServlet$1:47;0.0
tachyon.metrics.sink$MetricsServlet$1:63;0.0
tachyon$StorageDirId:108;0.0
tachyon$SessionInfo:29;0.0
tachyon.master.file.journal$CompleteFileEntry:33;0.0
tachyon.worker.block$BlockStoreLocation:58;0.0
tachyon.worker.block.meta$BlockMetaBase:65;0.0
tachyon.worker.block.meta$TempBlockMeta:34;0.0
tachyon.worker.block$BlockLockType:27;0.0
tachyon.worker.block$ClientRWLock$SessionLock:49;0.0
tachyon.worker.block$BlockLockManager$LockRecord:241;0.0
tachyon.worker.block.meta$BlockMeta:32;0.0
tachyon.master.block.meta$MasterBlockLocation:27;0.0
tachyon.worker.block.evictor$EvictionPlan:35;0.0
tachyon.worker.block.evictor$EvictorUtils:113;0.0
tachyon.worker.block.evictor$EvictionDirCandidates:36;0.0
tachyon.worker.block.io$LocalFileBlockReader:53;0.0
tachyon.worker.netty$ClosableResourceChannelListener:30;0.0
tachyon.master.rawtable.meta$RawTable:40;0.0
tachyon.master.rawtable.journal$RawTableEntry:39;0.0
tachyon.master.rawtable.journal$UpdateMetadataEntry:37;0.0
tachyon.master.file.journal$PersistDirectoryEntry:29;0.0
tachyon.master.file.journal$SetPinnedEntry:40;0.0
tachyon.worker.block$BlockMasterSync$BlockRemover:214;0.0
tachyon.master.journal$JsonJournalFormatter$1:248;0.0
