formula,metric_name,metric_value
barinel,density,0.407530294287363
barinel,uniqueness,0.060588574725908825
barinel,entropy_barinel,7.0231531047247335
dstar,density,0.407530294287363
dstar,uniqueness,0.060588574725908825
dstar,entropy_dstar,-2436.829463536122
ochiai,density,0.407530294287363
ochiai,uniqueness,0.060588574725908825
ochiai,entropy_ochiai,513.6170534015343
tarantula,density,0.407530294287363
tarantula,uniqueness,0.060588574725908825
tarantula,entropy_tarantula,466.10985927108277
barinel,density,0.3468241042345277
barinel,uniqueness,0.05374592833876222
barinel,entropy_barinel,4.518384656993999E-10
dstar,density,0.3468241042345277
dstar,uniqueness,0.05374592833876222
dstar,entropy_dstar,19.067000296092438
ochiai,density,0.3468241042345277
ochiai,uniqueness,0.05374592833876222
ochiai,entropy_ochiai,35.98435096275538
tarantula,density,0.3468241042345277
tarantula,uniqueness,0.05374592833876222
tarantula,entropy_tarantula,33.370737657210746
