formula,metric_name,metric_value
barinel,density,0.14625784866400843
barinel,uniqueness,0.03238407971465776
barinel,entropy_barinel,0.08809370442837833
dstar,density,0.14625784866400843
dstar,uniqueness,0.03238407971465776
dstar,entropy_dstar,517.3692271389551
ochiai,density,0.14625784866400843
ochiai,uniqueness,0.03238407971465776
ochiai,entropy_ochiai,1670.673474675058
tarantula,density,0.14625784866400843
tarantula,uniqueness,0.03238407971465776
tarantula,entropy_tarantula,1489.6447009609342
