name;suspiciousness_value
org.apache.pulsar.broker.admin.v1$Namespaces:79;0.047619047619047616
org.apache.pulsar.broker.namespace$NamespaceEphemeralData:36;0.03333333333333333
org.apache.pulsar.broker.cache$ResourceQuotaCache$1:84;0.025
org.apache.pulsar.broker$BookKeeperClientFactoryImpl:53;0.01694915254237288
org.apache.pulsar.broker.cache$LocalZooKeeperCacheService$2:78;0.007042253521126761
org.apache.pulsar.broker.loadbalance.impl$ModularLoadManagerImpl$1:218;0.006802721088435374
org.apache.pulsar.broker.admin.impl$ClustersBase:71;0.006802721088435374
org.apache.pulsar.broker.admin.v2$Clusters:30;0.006802721088435374
org.apache.pulsar.broker.admin.impl$TenantsBase:52;0.006802721088435374
org.apache.pulsar.broker.admin.v2$Tenants:32;0.006802721088435374
org.apache.pulsar.broker.loadbalance.impl$LoadManagerShared$1:70;0.006622516556291391
org.apache.pulsar.broker.loadbalance.impl$LoadManagerShared$2:78;0.006622516556291391
org.apache.pulsar.broker.admin.impl$NamespacesBase:105;0.005813953488372093
org.apache.pulsar.broker.loadbalance.impl$ModularLoadManagerImpl$2:246;0.0056179775280898875
org.apache.pulsar.broker.loadbalance.impl$ModularLoadManagerImpl:204;0.005434782608695652
org.apache.pulsar.broker.loadbalance.impl$ModularLoadManagerWrapper:42;0.005434782608695652
org.apache.pulsar.broker.loadbalance.impl$BundleSplitterTask:48;0.005434782608695652
org.apache.pulsar.broker.loadbalance$ModularLoadManagerStrategy:59;0.005434782608695652
org.apache.pulsar.broker.loadbalance.impl$OverloadShedder:44;0.005405405405405406
org.apache.pulsar.broker.loadbalance.impl$BrokerVersionFilter:33;0.005405405405405406
org.apache.pulsar.broker.loadbalance.impl$LeastLongTermMessageRate:45;0.005405405405405406
org.apache.pulsar.broker.stats.prometheus.metrics$DataSketchesSummaryLogger$ThreadLocalAccessor$1:112;0.005263157894736842
org.apache.pulsar.broker.stats.prometheus.metrics$DataSketchesSummaryLogger$LocalData:101;0.005263157894736842
org.apache.pulsar.broker$BrokerData:42;0.005235602094240838
org.apache.pulsar.broker$TimeAverageBrokerData:40;0.005235602094240838
org.apache.pulsar.broker.loadbalance$LoadData:48;0.005208333333333333
org.apache.pulsar.broker.loadbalance$LoadSheddingTask:32;0.0051813471502590676
org.apache.pulsar.broker.loadbalance$LoadResourceQuotaUpdaterTask:32;0.0051813471502590676
org.apache.pulsar.broker.loadbalance$LoadReportUpdaterTask:32;0.005154639175257732
org.apache.pulsar.broker.loadbalance$LeaderElectionService:39;0.004975124378109453
org.apache.pulsar.broker.admin.impl$PulsarResources:33;0.0049504950495049506
org.apache.pulsar.broker.admin.impl$BaseResources:45;0.0049504950495049506
org.apache.pulsar.broker.admin.impl$TenantResources:26;0.0049504950495049506
org.apache.pulsar.broker.admin.impl$ClusterResources:36;0.0049504950495049506
org.apache.pulsar.broker.admin.impl$ClusterResources$FailureDomainResources:48;0.0049504950495049506
org.apache.pulsar.broker.admin.impl$DynamicConfigurationResources:28;0.0049504950495049506
org.apache.pulsar.broker.admin.impl$NamespaceResources:38;0.0049504950495049506
org.apache.pulsar.broker.admin.impl$NamespaceResources$IsolationPolicyResources:45;0.0049504950495049506
org.apache.pulsar.broker.admin.impl$NamespaceResources$LocalPoliciesResources:57;0.0049504950495049506
org.apache.pulsar.broker.protocol$ProtocolHandlers:85;0.0049504950495049506
org.apache.pulsar.broker.protocol$ProtocolHandlerDefinitions:29;0.0049504950495049506
org.apache.pulsar$ZookeeperSessionExpiredHandlers$ShutDownWhenSessionExpired:49;0.0049504950495049506
org.apache.pulsar.broker.cache$LocalZooKeeperCacheService:62;0.0049504950495049506
org.apache.pulsar.broker.cache$ResourceQuotaCache:79;0.0049504950495049506
org.apache.pulsar.broker.storage$ManagedLedgerStorage:89;0.0049504950495049506
org.apache.pulsar.broker$ManagedLedgerClientFactory:44;0.0049504950495049506
org.apache.pulsar.broker.service$BrokerService$1:321;0.0049504950495049506
org.apache.pulsar.broker.loadbalance.impl$GenericBrokerHostUsageImpl:43;0.0049504950495049506
org.apache.pulsar.broker.loadbalance.impl$SimpleResourceAllocationPolicies:41;0.0049504950495049506
org.apache.pulsar.broker.namespace$NamespaceService:171;0.0049504950495049506
org.apache.pulsar.common.naming$NamespaceBundleFactory:65;0.0049504950495049506
org.apache.pulsar.broker.namespace$OwnershipCache:158;0.0049504950495049506
org.apache.pulsar.broker.namespace$OwnershipCache$OwnedServiceUnitCacheLoader:115;0.0049504950495049506
org.apache.pulsar.broker.service.schema$BookkeeperSchemaStorageFactory:26;0.0049504950495049506
org.apache.pulsar.broker.service.schema$SchemaRegistryService:35;0.0049504950495049506
org.apache.pulsar.broker.service.schema$SchemaRegistryServiceImpl:67;0.0049504950495049506
org.apache.pulsar.broker.intercept$BrokerInterceptorDefinitions:29;0.0049504950495049506
org.apache.pulsar.broker.service$PulsarChannelInitializer:69;0.0049504950495049506
org.apache.pulsar.broker.web$WebService:76;0.0049504950495049506
org.apache.pulsar.broker.web$PulsarServerConnector:39;0.0049504950495049506
org.apache.pulsar.broker.web$ResponseHandlerFilter:48;0.0049504950495049506
org.apache.pulsar.broker.stats.prometheus$PrometheusMetricsServlet:49;0.0049504950495049506
org.apache.pulsar.broker.loadbalance$LeaderBroker:30;0.0049504950495049506
org.apache.pulsar.broker.stats$MetricsGenerator:37;0.0049504950495049506
org.apache.pulsar.broker.service.schema$BookkeeperSchemaStorage:89;0.0049261083743842365
org.apache.pulsar.broker.service.schema$ProtobufNativeSchemaCompatibilityCheck:31;0.0049261083743842365
org.apache.pulsar.broker.service.schema$KeyValueSchemaCompatibilityCheck:39;0.0049261083743842365
org.apache.pulsar.broker.loadbalance.impl$ModularLoadManagerImpl$3:257;0.004878048780487805
org.apache.pulsar.broker.service$DistributedIdGenerator:51;0.004878048780487805
org.apache.pulsar.broker.service.schema.validator$SchemaRegistryServiceWithSchemaDataValidator:41;0.004784688995215311
org.apache.pulsar.broker.service.schema$JsonSchemaCompatibilityCheck:36;0.004761904761904762
org.apache.pulsar.common.naming$NamespaceBundle:36;0.004672897196261682
org.apache.pulsar.broker.namespace$OwnedBundle:53;0.004672897196261682
org.apache.pulsar.broker.service.schema$AvroSchemaCompatibilityCheck:26;0.004651162790697674
org.apache.pulsar.broker.service.schema$AvroSchemaBasedCompatibilityCheck:39;0.0045045045045045045
org.apache.pulsar.utils$StatsOutputStream:29;0.00390625
org.apache.pulsar.broker$PulsarService:240;0.003484320557491289
org.apache.pulsar.broker$MessagingServiceShutdownHook:43;0.003484320557491289
org.apache.pulsar.broker.service$BrokerService:262;0.003484320557491289
org.apache.pulsar.broker.service$PulsarStats:62;0.003484320557491289
org.apache.pulsar.broker.stats$NamespaceStats:65;0.003484320557491289
org.apache.pulsar.broker.stats$ClusterReplicationMetrics:35;0.003484320557491289
org.apache.pulsar.broker.stats$BrokerOperabilityMetrics:38;0.003484320557491289
org.apache.pulsar.broker.stats$DimensionStats:40;0.003484320557491289
org.apache.pulsar.broker.service$BacklogQuotaManager:51;0.003484320557491289
org.apache.pulsar.broker.delayed$InMemoryDelayedDeliveryTrackerFactory:28;0.003484320557491289
org.apache.pulsar.broker.stats.prometheus.metrics$ObserverGauge:74;0.003484320557491289
org.apache.pulsar.broker.stats.prometheus.metrics$ObserverGauge$Builder:32;0.003484320557491289
org.apache.pulsar.broker.stats.prometheus.metrics$ObserverGauge$Child:58;0.003484320557491289
org.apache.pulsar.broker.admin$AdminResource:88;0.003257328990228013
org.apache.pulsar.broker.web$PulsarWebResource:91;0.003236245954692557
org.apache.pulsar.broker.loadbalance.impl$LoadManagerShared:88;0.0
org.apache.pulsar.broker$BundleData:42;0.0
org.apache.pulsar.broker$TimeAverageMessageData:47;0.0
org.apache.pulsar.broker.service$TopicPoliciesService$TopicPoliciesServiceDisabled:87;0.0
org.apache.pulsar.broker$PulsarService$State:228;0.0
org.apache.pulsar.broker.intercept$BrokerInterceptor:58;0.0
org.apache.pulsar.broker.intercept$BrokerInterceptor$BrokerInterceptorDisabled:92;0.0
org.apache.pulsar.broker.protocol$ProtocolHandlerUtils:40;0.0
org.apache.pulsar$ZookeeperSessionExpiredHandlers:29;0.0
org.apache.pulsar.broker.cache$LocalZooKeeperCacheService$1:71;0.0
org.apache.pulsar.broker.stats.prometheus.metrics$PrometheusMetricsProvider:59;0.0
org.apache.pulsar.broker.stats.prometheus.metrics$PrometheusMetricsProvider$1:64;0.0
org.apache.pulsar.broker.stats.prometheus.metrics$PrometheusStatsLogger:37;0.0
org.apache.pulsar.broker.stats.prometheus.metrics$SimpleGauge:30;0.0
org.apache.pulsar.broker.stats.prometheus.metrics$DataSketchesOpStatsLogger:57;0.0
org.apache.pulsar.broker.stats.prometheus.metrics$DataSketchesOpStatsLogger$ThreadLocalAccessor:181;0.0
org.apache.pulsar.broker.stats.prometheus.metrics$DataSketchesOpStatsLogger$ThreadLocalAccessor$1:187;0.0
org.apache.pulsar.broker.stats.prometheus.metrics$DataSketchesOpStatsLogger$LocalData:175;0.0
org.apache.pulsar.broker.service$BrokerService$ConfigField:2350;0.0
org.apache.pulsar.broker.service$PublishRateLimiterDisable:24;0.0
org.apache.pulsar.broker.service$BrokerService$4:2025;0.0
org.apache.pulsar.broker.delayed$DelayedDeliveryTrackerLoader:27;0.0
org.apache.pulsar.broker.loadbalance$LoadManager:88;0.0
org.apache.pulsar.broker.loadbalance$ModularLoadManager:101;0.0
org.apache.pulsar.broker.stats.prometheus.metrics$Summary:78;0.0
org.apache.pulsar.broker.stats.prometheus.metrics$Summary$Builder:34;0.0
org.apache.pulsar.broker.stats.prometheus.metrics$Summary$Child:52;0.0
org.apache.pulsar.broker.stats.prometheus.metrics$DataSketchesSummaryLogger:47;0.0
org.apache.pulsar.broker.stats.prometheus.metrics$DataSketchesSummaryLogger$ThreadLocalAccessor:106;0.0
org.apache.pulsar.broker.service.schema$SchemaCompatibilityCheck:48;0.0
org.apache.pulsar.broker.service.schema$SchemaCompatibilityCheck$1:68;0.0
org.apache.pulsar.broker.intercept$BrokerInterceptors:45;0.0
org.apache.pulsar.broker.intercept$BrokerInterceptorUtils:40;0.0
org.apache.pulsar.broker$PulsarService$1:554;0.0
org.apache.pulsar.broker.namespace$ServiceUnitZkUtils:52;0.0
org.apache.pulsar.common.naming$NamespaceBundles:46;0.0
org.apache.pulsar.broker.admin.impl$BrokerStatsBase:50;0.0
org.apache.pulsar.broker.admin.v2$BrokerStats:40;0.0
org.apache.pulsar.broker.loadbalance.impl$SimpleLoadManagerImpl:193;0.0
org.apache.pulsar.broker.loadbalance.impl$WRRPlacementStrategy:34;0.0
org.apache.pulsar.broker.loadbalance.impl$SimpleLoadManagerImpl$1:211;0.0
org.apache.pulsar.broker.loadbalance.impl$SimpleLoadManagerImpl$2:242;0.0
org.apache.pulsar.broker.loadbalance.impl$SimpleLoadManagerImpl$3:249;0.0
org.apache.pulsar.broker.loadbalance.impl$SimpleLoadManagerImpl$4:257;0.0
org.apache.pulsar.broker.loadbalance.impl$SimpleLoadManagerImpl$5:265;0.0
org.apache.pulsar.broker.loadbalance.impl$SimpleResourceUnit:30;0.0
org.apache.pulsar.broker.loadbalance$ResourceDescription:28;0.0
org.apache.pulsar.broker.loadbalance.impl$PulsarResourceDescription:31;0.0
org.apache.pulsar.broker.loadbalance.impl$ResourceAvailabilityRanker:31;0.0
org.apache.pulsar.broker.admin.v2$Namespaces:77;0.0
org.apache.pulsar.broker.service$ServerCnx:194;0.0
org.apache.pulsar.broker.service$ServerCnx$State:189;0.0
org.apache.pulsar.broker.service$PulsarCommandSenderImpl:45;0.0
org.apache.pulsar.broker.admin.impl$PersistentTopicsBase:131;0.0
org.apache.pulsar.broker.lookup$TopicLookupBase:50;0.0
org.apache.pulsar.broker.namespace$LookupOptions:26;0.0
org.apache.pulsar.broker.namespace$LookupOptions$LookupOptionsBuilder:26;0.0
org.apache.pulsar.broker.lookup$LookupResult:39;0.0
org.apache.pulsar.broker.lookup$LookupResult$Type:31;0.0
org.apache.pulsar.broker.service$BrokerService$3:1120;0.0
org.apache.pulsar.broker.systopic$SystemTopicClient:172;0.0
org.apache.pulsar.broker.service$Topic:236;0.0
org.apache.pulsar.broker.service$AbstractTopic:119;0.0
org.apache.pulsar.broker.service.persistent$PersistentTopic:226;0.0
org.apache.pulsar.broker.service.persistent$PersistentTopic$1:185;0.0
org.apache.pulsar.broker.service.persistent$DispatchRateLimiter$Type:42;0.0
org.apache.pulsar.broker.service.persistent$DispatchRateLimiter:58;0.0
org.apache.pulsar.broker.service.persistent$SubscribeRateLimiter:48;0.0
org.apache.pulsar.compaction$CompactedTopicImpl:61;0.0
org.apache.pulsar.broker.service.persistent$MessageDeduplication:130;0.0
org.apache.pulsar.broker.service.persistent$MessageDeduplication$Status:64;0.0
org.apache.pulsar.broker.transaction.buffer.impl$TransactionBufferDisable:38;0.0
org.apache.pulsar.broker.service.persistent$MessageDeduplication$2:216;0.0
org.apache.pulsar.broker.service.schema$BookkeeperSchemaStorage$SchemaLocatorDeserializer:674;0.0
org.apache.pulsar.broker.service$Producer:99;0.0
org.apache.pulsar.broker.service.persistent$PersistentTopic$6:1092;0.0
org.apache.pulsar.broker.loadbalance.impl$PulsarLoadReportImpl:41;0.0
org.apache.pulsar.broker.admin.v1$PersistentTopics:66;0.0
org.apache.pulsar.broker.lookup.v1$TopicLookup:49;0.0
org.apache.pulsar.broker.service.persistent$PersistentTopic$TopicStatsHelper:209;0.0
org.apache.pulsar.broker.service$StreamingStats:27;0.0
org.apache.pulsar.broker.web$RestException:49;0.0
org.apache.pulsar.broker.loadbalance.impl$SimpleLoadCalculatorImpl:26;0.0
org.apache.pulsar.broker.admin.v2$PersistentTopics:80;0.0
org.apache.pulsar.broker.lookup.v2$TopicLookup:37;0.0
org.apache.pulsar.broker.service.persistent$SubscribeRateLimiter$ConsumerIdentifier:304;0.0
org.apache.pulsar.broker.service$Subscription:43;0.0
org.apache.pulsar.broker.service.persistent$PersistentSubscription:125;0.0
org.apache.pulsar.broker.service.persistent$PersistentTopic$3:768;0.0
org.apache.pulsar.broker.service.persistent$PersistentSubscription$2:422;0.0
org.apache.pulsar.broker.service.persistent$PersistentSubscription$3:444;0.0
org.apache.pulsar.broker.service.persistent$PersistentMessageExpiryMonitor:58;0.0
org.apache.pulsar.broker.service.persistent$PersistentMessageExpiryMonitor$1:141;0.0
org.apache.pulsar.broker.transaction.pendingack.impl$PendingAckHandleDisabled:36;0.0
org.apache.pulsar.broker.service$Consumer:132;0.0
org.apache.pulsar.broker.service$Dispatcher:71;0.0
org.apache.pulsar.broker.service$AbstractBaseDispatcher:44;0.0
org.apache.pulsar.broker.service$AbstractDispatcherSingleActiveConsumer:59;0.0
org.apache.pulsar.broker.service.persistent$PersistentDispatcherSingleActiveConsumer:81;0.0
org.apache.pulsar.broker.service$RedeliveryTrackerDisabled:28;0.0
org.apache.pulsar.broker.service$Topic$PublishContext:50;0.0
org.apache.pulsar.broker.service$Producer$MessagePublishContext:472;0.0
org.apache.pulsar.broker.service$Producer$MessagePublishContext$1:478;0.0
org.apache.pulsar.broker.service.persistent$MessageDeduplication$MessageDupStatus:85;0.0
org.apache.pulsar.broker.service$EntryBatchSizes:47;0.0
org.apache.pulsar.broker.service$EntryBatchSizes$1:55;0.0
org.apache.pulsar.broker.service$SendMessageInfo:30;0.0
org.apache.pulsar.broker.service$SendMessageInfo$1:44;0.0
org.apache.pulsar.broker.service$EntryBatchIndexesAcks:62;0.0
org.apache.pulsar.broker.service$EntryBatchIndexesAcks$1:70;0.0
org.apache.pulsar.broker.service.persistent$PersistentMessageFinder:50;0.0
org.apache.pulsar.broker.service$AbstractReplicator:66;0.0
org.apache.pulsar.broker.service$Replicator:43;0.0
org.apache.pulsar.broker.service.persistent$PersistentReplicator:113;0.0
org.apache.pulsar.broker.service$AbstractReplicator$State:61;0.0
org.apache.pulsar.broker.service.persistent$PersistentReplicator$1:212;0.0
org.apache.pulsar$PulsarClusterMetadataSetup:62;0.0
org.apache.pulsar.broker.service.persistent$PersistentReplicator$ProducerSendCallback:498;0.0
org.apache.pulsar.broker.service.persistent$PersistentReplicator$ProducerSendCallback$1:523;0.0
org.apache.pulsar$PulsarClusterMetadataSetup$Arguments:64;0.0
org.apache.pulsar.broker.admin$ZkAdminPaths:46;0.0
org.apache.pulsar.broker.service$SystemTopicBasedTopicPoliciesService:68;0.0
org.apache.pulsar.broker.service$SystemTopicBasedTopicPoliciesService$1:224;0.0
org.apache.pulsar.broker.systopic$NamespaceEventsSystemTopicFactory:33;0.0
org.apache.pulsar.broker.systopic$SystemTopicClientBase:41;0.0
org.apache.pulsar.broker.systopic$TopicPoliciesSystemTopicClient:40;0.0
org.apache.pulsar.broker.service$BrokerServiceException:33;0.0
org.apache.pulsar.broker.service$BrokerServiceException$TopicPoliciesCacheNotInitException:186;0.0
org.apache.pulsar.broker.service.persistent$SystemTopic:30;0.0
org.apache.pulsar.broker.service.schema.validator$SchemaDataValidator:38;0.0
org.apache.pulsar.broker.service.schema.validator$StructSchemaDataValidator:43;0.0
org.apache.pulsar.broker.service.schema.proto$SchemaRegistryFormat$SchemaInfo:133;0.0
org.apache.pulsar.broker.service.schema.proto$SchemaRegistryFormat$SchemaInfo$1:2662;0.0
org.apache.pulsar.broker.service.schema.proto$SchemaRegistryFormat$SchemaInfo$Builder:1819;0.0
org.apache.pulsar.broker.service.schema$SchemaRegistryServiceImpl$Functions:411;0.0
org.apache.pulsar.broker.service.schema.proto$SchemaRegistryFormat$SchemaInfo$SchemaType:517;0.0
org.apache.pulsar.broker.service.schema.proto$SchemaRegistryFormat$SchemaInfo$SchemaType$1:487;0.0
org.apache.pulsar.broker.service.schema.proto$SchemaRegistryFormat$SchemaInfo$KeyValuePair:572;0.0
org.apache.pulsar.broker.service.schema.proto$SchemaRegistryFormat$SchemaInfo$KeyValuePair$1:1300;0.0
org.apache.pulsar.broker.service.schema.proto$SchemaRegistryFormat$SchemaInfo$KeyValuePair$Builder:948;0.0
org.apache.pulsar.broker.service.schema$SchemaStorageFormat$IndexEntry:698;0.0
org.apache.pulsar.broker.service.schema$SchemaStorageFormat$IndexEntry$1:1479;0.0
org.apache.pulsar.broker.service.schema$SchemaStorageFormat$IndexEntry$Builder:1078;0.0
org.apache.pulsar.broker.service.schema$SchemaStorageFormat$PositionInfo:53;0.0
org.apache.pulsar.broker.service.schema$SchemaStorageFormat$PositionInfo$1:627;0.0
org.apache.pulsar.broker.service.schema$SchemaStorageFormat$PositionInfo$Builder:373;0.0
org.apache.pulsar.broker.service.schema$BookkeeperSchemaStorage$Functions:633;0.0
org.apache.pulsar.broker.service.schema$SchemaStorageFormat$SchemaEntry:1548;0.0
org.apache.pulsar.broker.service.schema$SchemaStorageFormat$SchemaEntry$1:2387;0.0
org.apache.pulsar.broker.service.schema$SchemaStorageFormat$SchemaEntry$Builder:1892;0.0
org.apache.pulsar.broker.service.schema$SchemaStorageFormat$SchemaLocator:2460;0.0
org.apache.pulsar.broker.service.schema$SchemaStorageFormat$SchemaLocator$1:3408;0.0
org.apache.pulsar.broker.service.schema$SchemaStorageFormat$SchemaLocator$Builder:2821;0.0
org.apache.pulsar.broker.service.schema$BookkeeperSchemaStorage$LocatorEntry:685;0.0
org.apache.pulsar.broker.systopic$TopicPoliciesSystemTopicClient$TopicPolicyReader:124;0.0
org.apache.pulsar.broker.service.schema$SchemaRegistry$SchemaAndMetadata:69;0.0
org.apache.pulsar.broker.systopic$TopicPoliciesSystemTopicClient$TopicPolicyWriter:76;0.0
org.apache.pulsar.broker.service$PrecisPublishLimiter:36;0.0
org.apache.pulsar.broker.service$PublishRateLimiterImpl:33;0.0
org.apache.pulsar.broker.admin.v2$Bookies:59;0.0
org.apache.pulsar.broker.transaction.pendingack.impl$PendingAckHandleImpl:96;0.0
org.apache.pulsar.broker.service.persistent$PersistentSubscription$1:388;0.0
org.apache.pulsar.client.api$RawReader:35;0.0
org.apache.pulsar.client.impl$RawReaderImpl:54;0.0
org.apache.pulsar.client.impl$RawReaderImpl$RawConsumerImpl:114;0.0
org.apache.pulsar.broker.service.persistent$PersistentSubscription$7:657;0.0
org.apache.pulsar.client.impl$RawReaderImpl$RawMessageAndCnx:223;0.0
org.apache.pulsar.client.impl$RawMessageImpl:36;0.0
org.apache.pulsar.broker.service.schema.validator$StringSchemaDataValidator:38;0.0
org.apache.pulsar.broker.service$AbstractDispatcherMultipleConsumers:50;0.0
org.apache.pulsar.broker.service.persistent$PersistentDispatcherMultipleConsumers:120;0.0
org.apache.pulsar.broker.service$InMemoryRedeliveryTracker:27;0.0
org.apache.pulsar.broker.service.persistent$PersistentDispatcherMultipleConsumers$ReadType:114;0.0
org.apache.pulsar.broker.delayed$InMemoryDelayedDeliveryTracker:54;0.0
org.apache.pulsar.broker.service.persistent$PersistentSubscription$4:513;0.0
org.apache.pulsar.broker.service.persistent$MessageDeduplication$4:275;0.0
org.apache.pulsar.broker.service.persistent$MessageDeduplication$1:166;0.0
org.apache.pulsar.broker.service.persistent$ReplicatedSubscriptionSnapshotCache:37;0.0
org.apache.pulsar.broker.service.persistent$ReplicatedSubscriptionsController:68;0.0
org.apache.pulsar.broker.service.persistent$ReplicatedSubscriptionsSnapshotBuilder:60;0.0
org.apache.pulsar.broker.service.persistent$MessageDeduplication$MessageDupUnknownException:96;0.0
org.apache.pulsar.broker.service$BrokerServiceException$PersistenceException:82;0.0
org.apache.pulsar.broker.transaction.buffer.impl$TopicTransactionBufferProvider:29;0.0
org.apache.pulsar.compaction$Compactor:49;0.0
org.apache.pulsar.broker.transaction.buffer.impl$TopicTransactionBuffer:51;0.0
org.apache.pulsar.broker.service.persistent$MessageDeduplication$3:240;0.0
org.apache.pulsar.broker.service.persistent$PersistentTopic$5:1003;0.0
org.apache.pulsar.broker.stats.metrics$AbstractMetrics:66;0.0
org.apache.pulsar.broker.stats.metrics$ManagedLedgerCacheMetrics:36;0.0
org.apache.pulsar.broker.stats.metrics$ManagedLedgerMetrics:40;0.0
org.apache.pulsar.broker.stats.prometheus$PrometheusMetricsGenerator:55;0.0
org.apache.pulsar.broker.stats.prometheus$PrometheusMetricsGenerator$1:63;0.0
org.apache.pulsar.broker.stats.prometheus$PrometheusMetricsGenerator$2:70;0.0
org.apache.pulsar.broker.stats.prometheus$PrometheusMetricsGenerator$3:80;0.0
org.apache.pulsar.broker.stats.prometheus$NamespaceStatsAggregator:32;0.0
org.apache.pulsar.broker.stats.prometheus$NamespaceStatsAggregator$1:38;0.0
org.apache.pulsar.broker.stats.prometheus$NamespaceStatsAggregator$2:45;0.0
org.apache.pulsar.broker.stats.prometheus$AggregatedNamespaceStats:26;0.0
org.apache.pulsar.broker.stats.prometheus$TopicStats:27;0.0
org.apache.pulsar.broker.stats.prometheus$AggregatedSubscriptionStats:25;0.0
org.apache.pulsar.broker.stats.prometheus.metrics$PrometheusTextFormatUtil:33;0.0
org.apache.pulsar.broker.admin.v2$NonPersistentTopics:65;0.0
org.apache.pulsar.broker.service.nonpersistent$NonPersistentTopic:130;0.0
org.apache.pulsar.broker.service.nonpersistent$NonPersistentTopic$1:102;0.0
org.apache.pulsar.broker.service.nonpersistent$NonPersistentSubscription:70;0.0
org.apache.pulsar.broker.service.nonpersistent$NonPersistentDispatcher:61;0.0
org.apache.pulsar.broker.service.nonpersistent$NonPersistentDispatcherSingleActiveConsumer:54;0.0
org.apache.pulsar.broker.service.persistent$MessageDeduplication$5:415;0.0
org.apache.pulsar.broker.service.persistent$PersistentTopic$4:880;0.0
org.apache.pulsar.broker.service$BrokerServiceException$ServiceUnitNotReadyException:64;0.0
org.apache.pulsar.broker.service$HashRangeExclusiveStickyKeyConsumerSelector:42;0.0
org.apache.pulsar.broker.service$BrokerServiceException$ConsumerAssignException:180;0.0
org.apache.pulsar.broker.service.persistent$PersistentTopic$9:2290;0.0
org.apache.pulsar.broker.admin.impl$PersistentTopicsBase$2:2247;0.0
org.apache.pulsar.broker.service$BrokerServiceException$SubscriptionBusyException:144;0.0
org.apache.pulsar.broker.service.persistent$PersistentTopic$7:1352;0.0
org.apache.pulsar.broker.service.persistent$PersistentSubscription$6:575;0.0
org.apache.pulsar.broker.service.schema.exceptions$SchemaException:32;0.0
org.apache.pulsar.broker.service.schema.exceptions$InvalidSchemaDataException:29;0.0
org.apache.pulsar.broker.service.schema.validator$PrimitiveSchemaDataValidator:35;0.0
org.apache.pulsar.broker.service.schema.exceptions$IncompatibleSchemaException:29;0.0
org.apache.pulsar.broker.admin.impl$SchemasResourceBase:59;0.0
org.apache.pulsar.broker.admin.v2$SchemasResource:61;0.0
org.apache.pulsar.broker.service.schema$ProtobufSchemaCompatibilityCheck:26;0.0
org.apache.pulsar.broker.intercept$ManagedLedgerInterceptorImpl:43;0.0
org.apache.pulsar.broker.service.persistent$PersistentStickyKeyDispatcherMultipleConsumers:72;0.0
org.apache.pulsar.broker.service.persistent$PersistentStickyKeyDispatcherMultipleConsumers$1:140;0.0
org.apache.pulsar.broker.service$HashRangeAutoSplitStickyKeyConsumerSelector:65;0.0
org.apache.pulsar.broker.service$BrokerServiceException$NamingException:108;0.0
org.apache.pulsar.broker.service$BrokerServiceException$ServerMetadataException:98;0.0
org.apache.pulsar.broker.service.persistent$PersistentTopic$8:2164;0.0
org.apache.pulsar.broker.service$BrokerServiceException$TopicTerminatedException:88;0.0
org.apache.pulsar.broker.service$BrokerServiceException$TopicFencedException:114;0.0
org.apache.pulsar.broker.service$BrokerServiceException$SubscriptionNotFoundException:138;0.0
org.apache.pulsar.broker.service$BrokerServiceException$ConsumerBusyException:46;0.0
org.apache.pulsar.broker.service$BrokerServiceException$ProducerFencedException:58;0.0
org.apache.pulsar.broker.service.persistent$PersistentTopic$2:530;0.0
org.apache.pulsar.broker.service$BrokerServiceException$ProducerBusyException:52;0.0
org.apache.pulsar.broker.service$ConsistentHashingStickyKeyConsumerSelector:50;0.0
org.apache.pulsar.broker.service.streamingdispatch$StreamingEntryReader:47;0.0
org.apache.pulsar.broker.service.streamingdispatch$StreamingEntryReader$State:334;0.0
org.apache.pulsar.broker.service.streamingdispatch$PendingReadEntryRequest:30;0.0
org.apache.pulsar.broker.service.streamingdispatch$PendingReadEntryRequest$1:35;0.0
org.apache.pulsar.broker.service.persistent$CompactorSubscription:41;0.0
org.apache.pulsar.broker.service.persistent$CompactorSubscription$1:72;0.0
org.apache.pulsar.broker.admin.impl$BrokersBase:66;0.0
org.apache.pulsar.broker.admin.v2$Brokers:30;0.0
org.apache.pulsar.broker.service$BrokerServiceException$TopicBusyException:126;0.0
org.apache.pulsar.broker.service.schema$DefaultSchemaRegistryService:29;0.0
org.apache.pulsar.broker.transaction.buffer.impl$TransactionBufferClientImpl:39;0.0
org.apache.pulsar.broker.transaction.buffer.impl$TransactionBufferHandlerImpl:64;0.0
org.apache.pulsar.broker$TransactionMetadataStoreService:64;0.0
org.apache.pulsar.broker.transaction.timeout$TransactionTimeoutTrackerFactoryImpl:40;0.0
org.apache.pulsar.broker$TransactionMetadataStoreService$1:76;0.0
org.apache.pulsar.broker.transaction.buffer$TransactionBufferProvider:41;0.0
org.apache.pulsar.broker.transaction.timeout$TransactionTimeoutTrackerImpl:52;0.0
org.apache.pulsar.broker.service$BrokerServiceException$UnsupportedVersionException:162;0.0
org.apache.pulsar.broker.service$ServerCnx$1:1618;0.0
org.apache.pulsar.broker.service$BrokerService$2:864;0.0
