formula,metric_name,metric_value
barinel,density,0.13699925226617302
barinel,uniqueness,0.07605177993527508
barinel,entropy_barinel,0.0362205956926563
dstar,density,0.13699925226617302
dstar,uniqueness,0.07605177993527508
dstar,entropy_dstar,-2805.7035216643426
ochiai,density,0.13699925226617302
ochiai,uniqueness,0.07605177993527508
ochiai,entropy_ochiai,579.2511296046487
tarantula,density,0.13699925226617302
tarantula,uniqueness,0.07605177993527508
tarantula,entropy_tarantula,835.6743972246975
