name;suspiciousness_value
alluxio.master.metastore.caching$CachingInodeStore:112;0.7156780854205468
alluxio.master.metastore.caching$CacheConfiguration:23;0.7156780854205468
alluxio.master.metastore.caching$CacheConfiguration$Builder:68;0.7156780854205468
alluxio.master.metastore.caching$Cache:77;0.7156780854205468
alluxio.master.metastore.caching$CachingInodeStore$InodeCache:238;0.7156780854205468
alluxio.master.metastore.caching$Cache$EvictionThread:252;0.7156780854205468
alluxio.master.metastore.caching$CachingInodeStore$EdgeCache:331;0.7156780854205468
alluxio.master.metastore.caching$CachingInodeStore$ListingCache:596;0.7156780854205468
alluxio.master.metastore.caching$Cache$Entry:431;0.6984302957695782
alluxio.master.metastore.rocks$RocksInodeStore:79;0.6984302957695782
alluxio.master.metastore.caching$CachingInodeStore$ListingCache$ListingCacheEntry:760;0.5843487097907776
alluxio.master.metastore$ReadOnlyInodeStore$1:77;0.4131969352706687
alluxio.master.metastore.rocks$RocksInodeStore$1:179;0.3492151478847891
alluxio.master.file.contexts$CreatePathContext:68;0.33652045988320867
alluxio.master.file.meta$MutableInode:59;0.33652045988320867
alluxio.master.file.contexts$OperationContext:31;0.3286872578637164
alluxio.master.file.contexts$CreateDirectoryContext:38;0.3171742278991048
alluxio.master.file.meta$MutableInodeDirectory:46;0.3171742278991048
alluxio.master.metastore.rocks$RocksInodeStore$RocksWriteBatch:260;0.2705008904002297
alluxio.master.metastore$InodeStore:44;0.23805205796465173
alluxio.master.file.meta$Inode:33;0.22048060501920858
alluxio.master.file.meta$MutableInodeFile:61;0.20097101494398867
alluxio.master.metastore.heap$HeapInodeStore:46;0.1992244887155418
alluxio.master.file.contexts$CreateFileContext:33;0.19153848665455905
alluxio.master.file.meta$InodeFile:28;0.16923874942651676
alluxio.master.metastore$InodeStore$InodeStoreArgs:199;0.11578136677783514
alluxio.master.file.meta$InodeLockManager:43;0.11534196721631887
alluxio.master.file.meta$Edge:27;0.10886821022488967
alluxio.master.file.meta$InodeDirectory:24;0.1039727266329907
alluxio.master.file$FileSystemMasterOptions:44;0.0
alluxio.master.file.meta$InodeLockManager$1:90;0.0
alluxio.master.metastore$ReadOnlyInodeStore:56;0.0
alluxio.master.metastore.rocks$RocksUtils:24;0.0
alluxio.master.meta$DailyMetadataBackup:66;0.0
alluxio.master$ProtobufUtils:25;0.0
alluxio.master.meta.checkconf$ServerConfigurationStore:45;0.0
alluxio.master.meta.checkconf$ServerConfigurationChecker:61;0.0
alluxio.master.meta.checkconf$ConfigRecord:30;0.0
alluxio.master.metrics$MetricsStore:34;0.0
alluxio.master.metrics$MetricsStore$1:40;0.0
alluxio.master.metrics$MetricsStore$2:48;0.0
alluxio.master.metrics$MetricsStore$3:56;0.0
alluxio.master$AlluxioMasterProcess:87;0.0
alluxio.master$CoreMasterContext:32;0.0
alluxio.master$CoreMasterContext$Builder:96;0.0
alluxio.master.metrics$MetricsMasterFactory:34;0.0
alluxio.master$CoreMaster:35;0.0
alluxio.master.metrics$DefaultMetricsMaster:69;0.0
alluxio.master.metrics$DefaultMetricsMaster$1:100;0.0
alluxio.master.metrics$DefaultMetricsMaster$ClusterMetricsUpdater:225;0.0
alluxio.master.block$BlockMasterFactory:35;0.0
alluxio.master.block$DefaultBlockMaster:232;0.0
alluxio.master.block$DefaultBlockMaster$1:125;0.0
alluxio.master.block$DefaultBlockMaster$2:133;0.0
alluxio.master.block$BlockContainerIdGenerator:29;0.0
alluxio.master.metastore$BlockStore$BlockStoreArgs:112;0.0
alluxio.master.metastore.heap$HeapBlockStore:46;0.0
alluxio.master.block$DefaultBlockMaster$Metrics:1143;0.0
alluxio.master.block$DefaultBlockMaster$Metrics$1:1113;0.0
alluxio.master.block$DefaultBlockMaster$Metrics$2:1121;0.0
alluxio.master.block$DefaultBlockMaster$Metrics$3:1128;0.0
alluxio.master.block$DefaultBlockMaster$Metrics$4:1138;0.0
alluxio.master.file$FileSystemMasterFactory:35;0.0
alluxio.master.file$DefaultFileSystemMaster:381;0.0
alluxio.master.file.meta$InodeDirectoryIdGenerator:49;0.0
alluxio.master.file.meta$InodeDirectoryIdGenerator$InodeDirectoryIdGeneratorState:112;0.0
alluxio.master.file.state$DirectoryId:27;0.0
alluxio.master.file.state$DirectoryId$1:33;0.0
alluxio.underfs$MasterUfsManager:55;0.0
alluxio.underfs$MasterUfsManager$State:126;0.0
alluxio.master.file.meta$MountTable:85;0.0
alluxio.master.file.contexts$MountContext:30;0.0
alluxio.master.file.meta.options$MountInfo:42;0.0
alluxio.master.file.meta$MountTable$State:517;0.0
alluxio.master.metastore$DelegatingReadOnlyInodeStore:33;0.0
alluxio.master.file.meta$InodeTree:213;0.0
alluxio.master.file.meta$TtlBucketList:39;0.0
alluxio.master.file.meta$InodeTreePersistentState:100;0.0
alluxio.master.file$DefaultPermissionChecker:55;0.0
alluxio.master.file.meta$UfsAbsentPathCache$Factory:59;0.0
alluxio.master.file.meta$AsyncUfsAbsentPathCache:74;0.0
alluxio.master.file.meta$UfsBlockLocationCache$Factory:51;0.0
alluxio.master.file.meta$LazyUfsBlockLocationCache:52;0.0
alluxio.master.file.meta$UfsSyncPathCache:41;0.0
alluxio.master.file.activesync$ActiveSyncManager:93;0.0
alluxio.master.file$DefaultFileSystemMaster$Metrics:4395;0.0
alluxio.master.file$DefaultFileSystemMaster$Metrics$1:4382;0.0
alluxio.master.block$DefaultBlockMaster$LostWorkerDetectionHeartbeatExecutor:996;0.0
alluxio.master.file.meta$InodeTree$LockPattern:100;0.0
alluxio.master.file.meta$LockedInodePath:95;0.0
alluxio.master.file.meta$InodeLockList:62;0.0
alluxio.master.file.meta$InodeLockList$Entry:333;0.0
alluxio.master.file.meta$InodeLockList$EdgeEntry:364;0.0
alluxio.master.file.meta$InodeLockList$InodeEntry:346;0.0
alluxio.master.metastore.heap$HeapBlockStore$1:69;0.0
alluxio.master.file$BlockIntegrityChecker:35;0.0
alluxio.master.file$InodeTtlChecker:54;0.0
alluxio.master.file$LostFileDetector:42;0.0
alluxio.master.file.meta$TtlBucket:54;0.0
alluxio.master.file.replication$ReplicationChecker:83;0.0
alluxio.master.file.replication$ReplicationChecker$Mode:67;0.0
alluxio.master.file$DefaultFileSystemMaster$PersistenceScheduler:3826;0.0
alluxio.master.file$DefaultFileSystemMaster$PersistenceChecker:4025;0.0
alluxio.master.meta$AlluxioMasterRestServiceHandler:183;0.0
alluxio.master.file$DefaultFileSystemMaster$1StartupConsistencyChecker:698;0.0
alluxio.master.block.meta$MasterWorkerInfo:80;0.0
alluxio.master.file.meta$MountTable$Resolution:462;0.0
alluxio.master.metrics$DefaultMetricsMaster$2:126;0.0
alluxio.master$DefaultSafeModeManager:43;0.0
alluxio.master.file$PersistJob$CancelState:43;0.0
alluxio.master.file$PersistJob:59;0.0
alluxio.master.file.contexts$GetStatusContext:29;0.0
alluxio.master.file.meta$LockingScheme:35;0.0
alluxio.master.file$RpcContext:53;0.0
alluxio.master.file$BlockDeletionContext:27;0.0
alluxio.master.file$NoopBlockDeletionContext:17;0.0
alluxio.master.file$DefaultBlockDeletionContext:33;0.0
alluxio.master.file$FileSystemMasterAuditContext:133;0.0
alluxio.master.file.contexts$LoadMetadataContext:33;0.0
alluxio.master.file.meta$CompositeInodeLockList:39;0.0
alluxio.master.file.contexts$CompleteFileContext:34;0.0
alluxio.master.file.contexts$SetAttributeContext:34;0.0
alluxio.master.file$DefaultFileSystemMaster$OperationType:4268;0.0
alluxio.master.file.contexts$FreeContext:30;0.0
alluxio.master.file.meta$AsyncUfsAbsentPathCache$ProcessPathTask:300;0.0
alluxio.master.file.meta$AsyncUfsAbsentPathCache$PathLock:255;0.0
alluxio.master.file.contexts$DeleteContext:30;0.0
alluxio.master.file$NoopUfsDeleter:23;0.0
alluxio.master.file$SafeUfsDeleter:55;0.0
alluxio.master.file$UfsSyncChecker:68;0.0
alluxio.master.file.contexts$ListStatusContext:30;0.0
alluxio.master.file.contexts$SetAclContext:30;0.0
alluxio.master.file.contexts$RenameContext:32;0.0
alluxio.master.file.meta$InodePathPair:27;0.0
alluxio.master.metastore$BlockStore$Block:89;0.0
alluxio.master.file.contexts$WorkerHeartbeatContext:24;0.0
alluxio.master.file.meta$EdgeEntry:27;0.0
alluxio.master.file.meta$InodeTree$1:999;0.0
alluxio.master.file.meta$NoopUfsAbsentPathCache:33;0.0
alluxio.master.file.async$DefaultAsyncPersistHandler:59;0.0
alluxio.master.file.meta$FileSystemMasterView:42;0.0
alluxio.master.block.meta$MasterBlockInfo:55;0.0
alluxio.master.block.meta$MasterBlockLocation:35;0.0
