formula,metric_name,metric_value
barinel,density,0.2165781183882646
barinel,uniqueness,0.011001927688184683
barinel,entropy_barinel,8.422436315602838E-10
dstar,density,0.2165781183882646
dstar,uniqueness,0.011001927688184683
dstar,entropy_dstar,47.456982162300235
ochiai,density,0.2165781183882646
ochiai,uniqueness,0.011001927688184683
ochiai,entropy_ochiai,91.1059665640358
tarantula,density,0.2165781183882646
tarantula,uniqueness,0.011001927688184683
tarantula,entropy_tarantula,85.75280439942277
