formula,metric_name,metric_value
barinel,density,0.07242753214329659
barinel,uniqueness,0.04082311830939043
barinel,entropy_barinel,-0.0
dstar,density,0.07242753214329659
dstar,uniqueness,0.04082311830939043
dstar,entropy_dstar,-0.0
ochiai,density,0.07242753214329659
ochiai,uniqueness,0.04082311830939043
ochiai,entropy_ochiai,-0.0
tarantula,density,0.07242753214329659
tarantula,uniqueness,0.04082311830939043
tarantula,entropy_tarantula,-0.0
barinel,density,0.0724311183195911
barinel,uniqueness,0.04343002939708248
barinel,entropy_barinel,0.029296941442487463
dstar,density,0.0724311183195911
dstar,uniqueness,0.04343002939708248
dstar,entropy_dstar,98.92282693475529
ochiai,density,0.0724311183195911
ochiai,uniqueness,0.04343002939708248
ochiai,entropy_ochiai,536.7960705549503
tarantula,density,0.0724311183195911
tarantula,uniqueness,0.04343002939708248
tarantula,entropy_tarantula,547.943375536579
