name;suspiciousness_value
tachyon.master.block$BlockMaster#getCapacityBytes():233;1.0
tachyon.master.file.meta$Inode#isDeleted():176;1.0
tachyon.master.file.meta$InodeDirectory#getNumberOfChildren():153;1.0
tachyon.master.block.meta$MasterWorkerInfo#getCapacityBytes():186;1.0
tachyon.master.file.options$CreateOptions#defaults():112;1.0
tachyon.master.file.meta$TTLBucket#getTTLIntervalStartTimeMs():48;1.0
tachyon.master.file.meta$TTLBucket#getFiles():64;1.0
tachyon.master.file.meta$TTLBucket#addFile(tachyon.master.file.meta.InodeFile):68;1.0
tachyon.master.file.meta$TTLBucket#compareTo(tachyon.master.file.meta.TTLBucket):73;1.0
tachyon.master.file.options$MkdirOptions#defaults():82;1.0
tachyon.master.file.options$CreateOptions$Builder#setOperationTimeMs(long):58;1.0
tachyon.master.file.options$CreateOptions$Builder#setTTL(long):88;1.0
tachyon.master.file.options$CreateOptions#CreateOptions(tachyon.master.file.options.CreateOptions$Builder):115;0.0020807601640249495
tachyon.master.file.options$CreateOptions$Builder#CreateOptions$Builder(tachyon.conf.TachyonConf):36;0.0020807601640249495
tachyon.master.file.options$CreateOptions$Builder#build():98;0.0020807601640249495
tachyon.master.file.options$CreateOptions$Builder#setBlockSizeBytes(long):49;1.220703125E-4
tachyon.master.file.options$CreateOptions$Builder#setRecursive(boolean):78;2.5089018975452307E-6
tachyon.master.file.options$MkdirOptions$Builder#MkdirOptions$Builder(tachyon.conf.TachyonConf):33;1.4404558255892007E-7
tachyon.master.file.options$MkdirOptions$Builder#build():74;1.4404558255892007E-7
tachyon.master.file.options$MkdirOptions#MkdirOptions(tachyon.master.file.options.MkdirOptions$Builder):89;1.4404558255892007E-7
tachyon.master.file.meta$InodeTree#getInodeChildrenRecursive(tachyon.master.file.meta.InodeDirectory):349;3.580726541199098E-8
tachyon.master.block$BlockMaster#removeBlocks(java.util.List):277;1.201451826859819E-8
tachyon.master.file$FileSystemMaster#deleteFileInternal(long,boolean,boolean,long):644;1.1524957360514133E-8
tachyon.master$MasterSource#incDeleteFileOps():168;1.042814574241951E-8
tachyon.master.file$FileSystemMaster#deleteFile(long,boolean):606;1.042814574241951E-8
tachyon.master.file.journal$DeleteFileEntry#DeleteFileEntry(long,boolean,long):30;1.042814574241951E-8
tachyon.master.file.journal$DeleteFileEntry#getType():38;1.042814574241951E-8
tachyon.master.file.journal$DeleteFileEntry#getParameters():43;1.042814574241951E-8
tachyon.master.file.options$MkdirOptions$Builder#setRecursive(boolean):64;7.170070129627361E-9
tachyon.master$MasterSource#incFilesDeleted(long):184;6.24232807850223E-9
tachyon.master.file.meta$InodeTree#deleteInode(tachyon.master.file.meta.Inode,long):366;6.24232807850223E-9
tachyon.master.file.meta$Inode#delete():113;6.24232807850223E-9
tachyon.master.file.meta$InodeDirectory#removeChild(tachyon.master.file.meta.Inode):163;4.239573637231667E-9
tachyon.master.file$FileSystemMaster#loadMetadata(tachyon.TachyonURI,boolean):1286;8.275265038445722E-10
tachyon.master$MasterSource#incFilesRenamed():188;6.772013234288756E-10
tachyon.master.file$FileSystemMaster#renameInternal(long,tachyon.TachyonURI,boolean,long):1043;6.772013234288756E-10
tachyon.master.file$FileSystemMaster#propagatePersisted(tachyon.master.file.meta.Inode,boolean):1100;6.772013234288756E-10
tachyon.master.file.meta$MountTable#isMountPoint(tachyon.TachyonURI):120;6.772013234288756E-10
tachyon.master.file.meta$Inode#setName(java.lang.String):229;6.772013234288756E-10
tachyon.master.file.meta$Inode#setParentId(long):238;6.772013234288756E-10
tachyon.master.file.meta$Inode#equals(java.lang.Object):118;5.764607523034226E-10
tachyon.master.block.meta$MasterWorkerInfo#getLastUpdatedTimeMs():200;5.764607523034226E-10
tachyon.master$MasterSource#incRenameOps():200;1.7890297191075983E-10
tachyon.master.file$FileSystemMaster#rename(long,tachyon.TachyonURI):964;1.7890297191075983E-10
tachyon.master.file.meta$InodeDirectory#generateClientFileInfo(java.lang.String):97;2.7692392400230972E-11
tachyon.master.file$FileSystemMaster#mkdir(tachyon.TachyonURI,tachyon.master.file.options.MkdirOptions):913;1.0647415387451925E-11
tachyon.master.file.options$MkdirOptions#isPersisted():117;1.0647415387451925E-11
tachyon.master.file.options$MkdirOptions#isRecursive():125;1.0647415387451925E-11
tachyon.master.file.meta$Inode#setPersisted(boolean):247;4.840520202111002E-12
tachyon.master.file$FileSystemMaster#getFileInfoList(long):401;3.960382850168299E-12
tachyon.master.file.meta$TTLBucketList#getExpiredBuckets(long):83;2.822804444063622E-12
tachyon.master.file.meta$TTLBucketList#removeBuckets(java.util.Set):92;2.822804444063622E-12
tachyon.master.file$FileSystemMaster$MasterInodeTTLCheckExecutor#heartbeat():1401;2.822804444063622E-12
tachyon.master.file.meta$TTLBucket#TTLBucket(long):42;1.5334000391007285E-12
tachyon.master.file.meta$TTLBucket#getTTLIntervalMs():60;1.5334000391007285E-12
tachyon.master.file.journal$RenameEntry#RenameEntry(long,java.lang.String,long):40;9.423033253126362E-14
tachyon.master.file.journal$RenameEntry#getType():48;9.423033253126362E-14
tachyon.master.file.journal$RenameEntry#getParameters():53;9.423033253126362E-14
tachyon.master.block$BlockMaster$LostWorkerDetectionHeartbeatExecutor#heartbeat():663;1.3549506940456666E-16
tachyon.worker.nio$NIODataServer#close():117;1.4666944366700907E-17
tachyon.worker.nio$NIODataServer#isClosed():134;1.4666944366700907E-17
tachyon.worker.nio$NIODataServer#NIODataServer(java.net.InetSocketAddress,tachyon.worker.block.BlockDataManager,tachyon.conf.TachyonConf):86;1.1986617178494442E-17
tachyon.worker.nio$NIODataServer#getPort():129;1.1986617178494442E-17
tachyon.worker.nio$NIODataServer#initSelector():139;1.1986617178494442E-17
tachyon.worker.nio$NIODataServer#run():244;1.1986617178494442E-17
tachyon.master.file.meta$InodeTree$TraversalResult#createNotFoundResult(tachyon.master.file.meta.Inode,int,java.util.List):589;2.3115531621715592E-18
tachyon.master.file.meta$InodeFile#generateClientFileInfo(java.lang.String):101;2.940971652931738E-20
tachyon.master.file$FileSystemMaster#persistFileInternal(long,long,long):268;2.636610238265864E-20
tachyon.master.file.meta.options$CreatePathOptions#isRecursive():169;1.527475884322298E-20
tachyon.master.file.meta$InodeTree$TraversalResult#getNonexistentPathIndex():604;1.527475884322298E-20
tachyon.master$MasterSource#incGetFileStatusOps():196;1.3467727218046715E-20
tachyon.master.file$FileSystemMaster#getFileInfo(long):364;1.3467727218046715E-20
tachyon.master.block$BlockMaster#commitBlockInUFS(long,long):352;1.2110784557409732E-20
tachyon.master.file.meta$InodeFile#getBlockIds():150;9.3627215099749E-21
tachyon.master.file$FileSystemMaster#getFileInfoInternal(tachyon.master.file.meta.Inode):375;6.244508004140571E-21
tachyon.master.file$FileSystemMaster#getInMemoryPercentage(tachyon.master.file.meta.Inode):867;6.244508004140571E-21
tachyon.master$MasterSource#incFilesCheckpointed():192;8.814260756266487E-22
tachyon.master.file$FileSystemMaster#persistFile(long,long):250;8.814260756266487E-22
tachyon.master.file.meta$InodeFile#setLength(long):235;8.814260756266487E-22
tachyon.master.file.meta$MountTable#resolve(tachyon.TachyonURI):132;5.27460077360141E-22
tachyon.master.file.meta$InodeFile#toJournalEntry():266;4.91065485648002E-22
tachyon.master.file.journal$InodeFileEntry#InodeFileEntry(long,long,java.lang.String,long,boolean,boolean,long,long,long,boolean,boolean,java.util.List,long):38;4.91065485648002E-22
tachyon.master.file.journal$InodeFileEntry#getType():69;4.91065485648002E-22
tachyon.master.file.journal$InodeFileEntry#getParameters():74;4.91065485648002E-22
tachyon.master.file.meta$InodeFile#getBlockSizeBytes():157;2.5909361142188384E-22
tachyon.master.file.meta$InodeFile#getLength():164;2.5909361142188384E-22
tachyon.master.file.meta$InodeFile#isCacheable():192;2.5909361142188384E-22
tachyon.master.file.meta$InodeFile#isCompleted():199;2.5909361142188384E-22
tachyon.master.file.meta$MountTable#getMountPoint(tachyon.TachyonURI):101;1.9674655650848026E-22
tachyon.master$MasterSource#incCreateFileOps():164;1.7845165195681982E-22
tachyon.master$MasterSource#incFilesCreated(long):176;1.7845165195681982E-22
tachyon.master.file$FileSystemMaster#create(tachyon.TachyonURI,tachyon.master.file.options.CreateOptions):490;1.7845165195681982E-22
tachyon.master.file.meta$TTLBucketList#insert(tachyon.master.file.meta.InodeFile):51;1.7845165195681982E-22
tachyon.master.file.meta.options$CreatePathOptions#getTTL():177;1.7845165195681982E-22
tachyon.master.file.meta$InodeFile$Builder#InodeFile$Builder():42;1.7845165195681982E-22
tachyon.master.file.meta$InodeFile$Builder#setBlockContainerId(long):47;1.7845165195681982E-22
tachyon.master.file.meta$InodeFile$Builder#setBlockSizeBytes(long):53;1.7845165195681982E-22
tachyon.master.file.meta$InodeFile$Builder#setTTL(long):65;1.7845165195681982E-22
tachyon.master.file.meta$InodeFile$Builder#build():75;1.7845165195681982E-22
tachyon.master.file.meta$InodeFile#InodeFile(tachyon.master.file.meta.InodeFile$Builder):93;1.7845165195681982E-22
tachyon.master.file.meta$InodeFile#setCacheable(boolean):213;1.7845165195681982E-22
tachyon.master.file.meta$InodeFile#getTTL():277;1.7845165195681982E-22
tachyon.master.file.meta.options$CreatePathOptions#getBlockSizeBytes():140;1.0547856912664724E-22
tachyon.master.file$FileSystemMaster#getFileId(tachyon.TachyonURI):341;9.813950398552911E-23
tachyon.master.file.meta$InodeTree#getInodeByPath(tachyon.TachyonURI):156;9.813950398552911E-23
tachyon.master.file.meta$InodeFile#setCompleted(long):222;9.440139511135513E-23
tachyon.master.file.meta$InodeTree#getPath(tachyon.master.file.meta.Inode):169;6.935098636004443E-23
tachyon.master.file.meta$InodeTree#isRootId(long):433;6.935098636004443E-23
tachyon.master.file.meta$Inode$Builder#setCreationTimeMs(long):42;6.935098636004443E-23
tachyon.master.file$FileSystemMaster#createInternal(tachyon.TachyonURI,tachyon.master.file.options.CreateOptions):505;6.163126883387923E-23
tachyon.master.file.options$CreateOptions#getBlockSizeBytes():140;6.163126883387923E-23
tachyon.master.file.options$CreateOptions#isPersisted():154;6.163126883387923E-23
tachyon.master.file.options$CreateOptions#isRecursive():162;6.163126883387923E-23
tachyon.master.file.options$CreateOptions#getTTL():170;6.163126883387923E-23
tachyon.master.file.meta.options$CreatePathOptions$Builder#setBlockSizeBytes(long):50;6.163126883387923E-23
tachyon.master.file.meta.options$CreatePathOptions$Builder#setTTL(long):99;6.163126883387923E-23
tachyon.master.file.meta$InodeTree#getInodeById(long):143;3.5261674713058906E-23
tachyon.master.file.meta$Inode#isFile():190;1.8564492890295577E-23
tachyon.master.file.meta$InodeFile#getNewBlockId():171;1.5269525937969887E-23
tachyon.master.block.meta$MasterBlockInfo#MasterBlockInfo(long,long):39;1.4445634189688892E-23
tachyon.master.block.journal$BlockInfoEntry#BlockInfoEntry(long,long):32;1.4445634189688892E-23
tachyon.master.block.journal$BlockInfoEntry#getType():47;1.4445634189688892E-23
tachyon.master.block.journal$BlockInfoEntry#getParameters():52;1.4445634189688892E-23
tachyon.master.file$FileSystemMaster#isInMemory(tachyon.thrift.BlockInfo):890;1.3670000495659936E-23
tachyon.master.block$BlockMaster#generateBlockInfo(tachyon.master.block.meta.MasterBlockInfo):634;1.2251524472341421E-23
tachyon.master.block.meta$MasterBlockInfo#getBlockLocations():102;1.2251524472341421E-23
tachyon.master.block.meta$MasterBlockInfo#getLength():51;1.1603191400795724E-23
tachyon.master.block.meta$MasterBlockInfo#getBlockId():58;1.1603191400795724E-23
tachyon.master.file$FileSystemMaster#journalCreatePathResult(tachyon.master.file.meta.InodeTree$CreatePathResult):940;7.206333055203005E-24
tachyon.master.file.meta$InodeDirectory#addChild(tachyon.master.file.meta.Inode):75;7.206333055203005E-24
tachyon.master.file.meta$InodeDirectory$1#getFieldValue(tachyon.master.file.meta.Inode):53;7.206333055203005E-24
tachyon.master.file.meta$InodeDirectory$2#getFieldValue(tachyon.master.file.meta.Inode):59;7.206333055203005E-24
tachyon.master.file.meta.options$CreatePathOptions#getOperationTimeMs():154;7.206333055203005E-24
tachyon.master.file.meta.options$CreatePathOptions#isPersisted():161;7.206333055203005E-24
tachyon.master.file.meta$InodeTree$TraversalResult#getPersisted():615;7.206333055203005E-24
tachyon.master.file.meta$InodeTree$CreatePathResult#InodeTree$CreatePathResult(java.util.List,java.util.List,java.util.List):638;7.206333055203005E-24
tachyon.master.file.meta$InodeTree$CreatePathResult#getModified():657;7.206333055203005E-24
tachyon.master.file.meta$InodeTree$CreatePathResult#getCreated():664;7.206333055203005E-24
tachyon.master.file.meta$InodeTree$CreatePathResult#getPersisted():671;7.206333055203005E-24
tachyon.master.file.journal$InodeLastModificationTimeEntry#InodeLastModificationTimeEntry(long,long):37;7.206333055203005E-24
tachyon.master.file.journal$InodeLastModificationTimeEntry#getType():52;7.206333055203005E-24
tachyon.master.file.journal$InodeLastModificationTimeEntry#getParameters():57;7.206333055203005E-24
tachyon.master.file.meta$Inode$Builder#setPersisted(boolean):62;6.87968795899679E-24
tachyon.master.file.meta$Inode#setLastModificationTimeMs(long):220;6.87968795899679E-24
tachyon.master.file.meta$Inode#setPinned(boolean):256;6.87968795899679E-24
tachyon.master.file.meta$InodeDirectory#getChild(java.lang.String):128;6.27376013157481E-24
tachyon.master.file.meta.options$CreatePathOptions#isDirectory():147;4.047376055110885E-24
tachyon.master.file.meta$InodeTree#traverseToInode(java.lang.String[],boolean):522;3.2114986655830756E-24
tachyon.master.file.meta$InodeTree$TraversalResult#InodeTree$TraversalResult(boolean,int,tachyon.master.file.meta.Inode,java.util.List):592;3.2114986655830756E-24
tachyon.master.file.meta$InodeTree$TraversalResult#createFoundResult(tachyon.master.file.meta.Inode,java.util.List):585;3.2114986655830756E-24
tachyon.master.file.meta$InodeTree$TraversalResult#isFound():600;3.2114986655830756E-24
tachyon.master.file.meta$InodeTree$TraversalResult#getInode():611;3.2114986655830756E-24
tachyon.master.block$BlockMaster#getBlockInfoList(java.util.List):392;2.934419906759045E-24
tachyon.master.file.meta$InodeTree#createPath(tachyon.TachyonURI,tachyon.master.file.meta.options.CreatePathOptions):201;2.256365469164723E-24
tachyon.master.file.meta.options$CreatePathOptions$Builder#CreatePathOptions$Builder(tachyon.conf.TachyonConf):36;2.256365469164723E-24
tachyon.master.file.meta.options$CreatePathOptions$Builder#setDirectory(boolean):60;2.256365469164723E-24
tachyon.master.file.meta.options$CreatePathOptions$Builder#setPersisted(boolean):79;2.256365469164723E-24
tachyon.master.file.meta.options$CreatePathOptions$Builder#setRecursive(boolean):89;2.256365469164723E-24
tachyon.master.file.meta.options$CreatePathOptions$Builder#build():109;2.256365469164723E-24
tachyon.master.file.meta.options$CreatePathOptions#CreatePathOptions(tachyon.master.file.meta.options.CreatePathOptions$Builder):127;2.256365469164723E-24
tachyon.master.file.journal$PersistFileEntry#PersistFileEntry(long,long,long):30;1.254232715549716E-24
tachyon.master.file.journal$PersistFileEntry#getType():50;1.254232715549716E-24
tachyon.master.file.journal$PersistFileEntry#getParameters():55;1.254232715549716E-24
tachyon.master$TachyonMaster#stop():269;1.0641878391147662E-24
tachyon.master$TachyonMaster#stopMasters():297;1.0641878391147662E-24
tachyon.master$TachyonMaster#stopServing():367;1.0641878391147662E-24
tachyon.master$MasterBase#stop():145;1.0641878391147662E-24
tachyon.master.block$BlockMaster#stop():199;1.0641878391147662E-24
tachyon.master.file$FileSystemMaster#stop():232;1.0641878391147662E-24
tachyon.master.rawtable$RawTableMaster#stop():116;1.0641878391147662E-24
tachyon.metrics$MetricsSystem#stop():234;1.0641878391147662E-24
tachyon.master.journal$JournalWriter#close():142;1.0641878391147662E-24
tachyon.worker.block$BlockWorker#stop():285;1.0641878391147662E-24
tachyon.worker.block$BlockDataManager#stop():462;1.0641878391147662E-24
tachyon.master.journal$JournalWriter$EntryOutputStream#close():316;1.0641878391147662E-24
tachyon.web$UIWebServer#shutdownWebServer():137;1.0641878391147662E-24
tachyon.worker.block$BlockMasterSync#stop():162;1.0641878391147662E-24
tachyon.worker.block$PinListSync#stop():107;1.0641878391147662E-24
tachyon.worker.block$SessionCleaner#stop():79;1.0641878391147662E-24
tachyon.master$MasterSource#registerGauges(tachyon.master.TachyonMaster):59;9.182064670671361E-25
tachyon.master$MasterSource#getName():155;9.182064670671361E-25
tachyon.master$MasterSource#getMetricRegistry():160;9.182064670671361E-25
tachyon.master$TachyonMaster$Factory#createMaster():124;9.182064670671361E-25
tachyon.master$TachyonMaster#TachyonMaster():131;9.182064670671361E-25
tachyon.master$TachyonMaster#getRPCLocalPort():205;9.182064670671361E-25
tachyon.master$TachyonMaster#getFileSystemMaster():226;9.182064670671361E-25
tachyon.master$TachyonMaster#getBlockMaster():240;9.182064670671361E-25
tachyon.master$TachyonMaster#start():261;9.182064670671361E-25
tachyon.master$TachyonMaster#startMasters(boolean):280;9.182064670671361E-25
tachyon.master$TachyonMaster#startServing():310;9.182064670671361E-25
tachyon.master$TachyonMaster#startServing(java.lang.String,java.lang.String):314;9.182064670671361E-25
tachyon.master$TachyonMaster#startServingWebServer():325;9.182064670671361E-25
tachyon.master$TachyonMaster#startServingRPCServer():336;9.182064670671361E-25
tachyon.master$TachyonMaster#isJournalFormatted(java.lang.String):387;9.182064670671361E-25
tachyon.master$TachyonMaster#connectToUFS():410;9.182064670671361E-25
tachyon.master.journal$Journal#Journal(java.lang.String):49;9.182064670671361E-25
tachyon.master.journal$Journal#getDirectory():62;9.182064670671361E-25
tachyon.master.journal$Journal#getCheckpointFilePath():76;9.182064670671361E-25
tachyon.master.journal$ReadOnlyJournal#ReadOnlyJournal(java.lang.String):26;9.182064670671361E-25
tachyon.master.journal$ReadOnlyJournal#getNewReader():33;9.182064670671361E-25
tachyon.master.journal$ReadWriteJournal#ReadWriteJournal(java.lang.String):26;9.182064670671361E-25
tachyon.master.journal$ReadWriteJournal#getNewWriter():33;9.182064670671361E-25
tachyon.master$MasterBase#MasterBase(tachyon.master.journal.Journal,java.util.concurrent.ExecutorService):56;9.182064670671361E-25
tachyon.master$MasterBase#start(boolean):75;9.182064670671361E-25
tachyon.master$MasterBase#getExecutorService():203;9.182064670671361E-25
tachyon.master.block$BlockMaster#BlockMaster(tachyon.master.journal.Journal):140;9.182064670671361E-25
tachyon.master.block$BlockMaster#getJournalDirectory(java.lang.String):136;9.182064670671361E-25
tachyon.master.block$BlockMaster#getProcessor():146;9.182064670671361E-25
tachyon.master.block$BlockMaster#getServiceName():152;9.182064670671361E-25
tachyon.master.block$BlockMaster#streamToJournalCheckpoint(tachyon.master.journal.JournalOutputStream):179;9.182064670671361E-25
tachyon.master.block$BlockMaster#start(boolean):187;9.182064670671361E-25
tachyon.master.block$BlockMaster#getWorkerId(tachyon.thrift.NetAddress):446;9.182064670671361E-25
tachyon.master.block$BlockMaster#workerRegister(long,java.util.List,java.util.List,java.util.Map):490;9.182064670671361E-25
tachyon.master.journal$JournalFormatter$Factory#createJournalFormatter(tachyon.conf.TachyonConf):39;9.182064670671361E-25
tachyon.master.journal$JsonJournalFormatter#JsonJournalFormatter():73;9.182064670671361E-25
tachyon.master.file$FileSystemMaster#FileSystemMaster(tachyon.master.block.BlockMaster,tachyon.master.journal.Journal):122;9.182064670671361E-25
tachyon.master.file$FileSystemMaster#getJournalDirectory(java.lang.String):118;9.182064670671361E-25
tachyon.master.file$FileSystemMaster#getProcessor():137;9.182064670671361E-25
tachyon.master.file$FileSystemMaster#getServiceName():143;9.182064670671361E-25
tachyon.master.file$FileSystemMaster#streamToJournalCheckpoint(tachyon.master.journal.JournalOutputStream):203;9.182064670671361E-25
tachyon.master.file$FileSystemMaster#start(boolean):209;9.182064670671361E-25
tachyon.master.rawtable$RawTableMaster#RawTableMaster(tachyon.master.file.FileSystemMaster,tachyon.master.journal.Journal):67;9.182064670671361E-25
tachyon.master.rawtable$RawTableMaster#getJournalDirectory(java.lang.String):63;9.182064670671361E-25
tachyon.master.rawtable$RawTableMaster#getProcessor():77;9.182064670671361E-25
tachyon.master.rawtable$RawTableMaster#getServiceName():83;9.182064670671361E-25
tachyon.master.rawtable$RawTableMaster#streamToJournalCheckpoint(tachyon.master.journal.JournalOutputStream):106;9.182064670671361E-25
tachyon.master.rawtable$RawTableMaster#start(boolean):111;9.182064670671361E-25
tachyon.master.lineage$LineageMaster#getJournalDirectory(java.lang.String):107;9.182064670671361E-25
tachyon.master.block$BlockContainerIdGenerator#BlockContainerIdGenerator():32;9.182064670671361E-25
tachyon.master.block$BlockMaster$1#getFieldValue(tachyon.master.block.meta.MasterWorkerInfo):103;9.182064670671361E-25
tachyon.master.block$BlockMaster$2#getFieldValue(tachyon.master.block.meta.MasterWorkerInfo):110;9.182064670671361E-25
tachyon.master.file.meta$TTLBucketList#TTLBucketList():38;9.182064670671361E-25
tachyon.master.file.meta$InodeDirectoryIdGenerator#InodeDirectoryIdGenerator(tachyon.master.block.ContainerIdGenerable):41;9.182064670671361E-25
tachyon.master.file.meta$MountTable#MountTable():40;9.182064670671361E-25
tachyon.master.file.meta$MountTable#add(tachyon.TachyonURI,tachyon.TachyonURI):55;9.182064670671361E-25
tachyon.master.file.meta$InodeTree#InodeTree(tachyon.master.block.ContainerIdGenerable,tachyon.master.file.meta.InodeDirectoryIdGenerator,tachyon.master.file.meta.MountTable):103;9.182064670671361E-25
tachyon.master.file.meta$InodeTree#initializeRoot():110;9.182064670671361E-25
tachyon.master.file.meta$InodeTree#streamToJournalCheckpoint(tachyon.master.journal.JournalOutputStream):440;9.182064670671361E-25
tachyon.master.rawtable.meta$RawTables#RawTables():31;9.182064670671361E-25
tachyon.master.rawtable.meta$RawTables#streamToJournalCheckpoint(tachyon.master.journal.JournalOutputStream):130;9.182064670671361E-25
tachyon.metrics$MetricsSystem#MetricsSystem(java.lang.String,tachyon.conf.TachyonConf):100;9.182064670671361E-25
tachyon.metrics$MetricsSystem#getServletHandler():130;9.182064670671361E-25
tachyon.metrics$MetricsSystem#registerSource(tachyon.metrics.source.Source):142;9.182064670671361E-25
tachyon.metrics$MetricsSystem#registerSources():154;9.182064670671361E-25
tachyon.metrics$MetricsSystem#registerSinks():173;9.182064670671361E-25
tachyon.metrics$MetricsSystem#start():218;9.182064670671361E-25
tachyon.metrics$MetricsConfig#MetricsConfig(java.lang.String):50;9.182064670671361E-25
tachyon.metrics$MetricsConfig#getInstanceProperties(java.lang.String):86;9.182064670671361E-25
tachyon.metrics$MetricsConfig#loadConfigFile():109;9.182064670671361E-25
tachyon.metrics$MetricsConfig#parseConfiguration():136;9.182064670671361E-25
tachyon.metrics$MetricsConfig#setDefaultProperties():152;9.182064670671361E-25
tachyon.metrics$MetricsConfig#subProperties(java.util.Properties,java.lang.String):165;9.182064670671361E-25
tachyon.master.journal$JournalWriter#JournalWriter(tachyon.master.journal.Journal):71;9.182064670671361E-25
tachyon.master.journal$JournalWriter#completeAllLogs():85;9.182064670671361E-25
tachyon.master.journal$JournalWriter#getCheckpointOutputStream(long):109;9.182064670671361E-25
tachyon.master.journal$JournalWriter#deleteCompletedLogs():171;9.182064670671361E-25
tachyon.master.journal$JournalTailer#JournalTailer(tachyon.master.Master,tachyon.master.journal.Journal):48;9.182064670671361E-25
tachyon.master.journal$JournalTailer#checkpointExists():66;9.182064670671361E-25
tachyon.master.journal$JournalTailer#getLatestSequenceNumber():77;9.182064670671361E-25
tachyon.master.journal$JournalReader#JournalReader(tachyon.master.journal.Journal):59;9.182064670671361E-25
tachyon.master.journal$JournalReader#getCheckpointLastModifiedTimeMs():129;9.182064670671361E-25
tachyon.master.journal$JournalWriter$CheckpointOutputStream#JournalWriter$CheckpointOutputStream(tachyon.master.journal.JournalWriter,java.io.DataOutputStream):221;9.182064670671361E-25
tachyon.master.journal$JournalWriter$CheckpointOutputStream#writeEntry(tachyon.master.journal.JournalEntry):237;9.182064670671361E-25
tachyon.master.journal$JournalWriter$CheckpointOutputStream#close():257;9.182064670671361E-25
tachyon.worker.block$BlockWorker#BlockWorker():159;9.182064670671361E-25
tachyon.worker.block$BlockWorker#process():252;9.182064670671361E-25
tachyon.worker.block$BlockWorker#createThriftServer():323;9.182064670671361E-25
tachyon.worker.block$BlockWorker#createThriftServerSocket():346;9.182064670671361E-25
tachyon.worker$WorkerSource#WorkerSource():28;9.182064670671361E-25
tachyon.worker$WorkerSource#getName():67;9.182064670671361E-25
tachyon.worker$WorkerSource#getMetricRegistry():72;9.182064670671361E-25
tachyon.worker$WorkerSource#registerGauges(tachyon.worker.block.BlockDataManager):136;9.182064670671361E-25
tachyon.worker.block$BlockDataManager#BlockDataManager(tachyon.worker.WorkerSource,tachyon.client.WorkerBlockMasterClient,tachyon.client.WorkerFileSystemMasterClient,tachyon.worker.block.BlockStore):98;9.182064670671361E-25
tachyon.worker.block$TieredBlockStore#TieredBlockStore():105;9.182064670671361E-25
tachyon.worker.block$TieredBlockStore#registerBlockStoreEventListener(tachyon.worker.block.BlockStoreEventListener):395;9.182064670671361E-25
tachyon.worker.block$BlockMetadataManager#BlockMetadataManager():58;9.182064670671361E-25
tachyon.worker.block$BlockMetadataManager#newBlockMetadataManager():66;9.182064670671361E-25
tachyon.worker.block$BlockMetadataManager#initBlockMetadataManager():84;9.182064670671361E-25
tachyon.worker.block.meta$StorageTier#StorageTier(int):47;9.182064670671361E-25
tachyon.worker.block.meta$StorageTier#initStorageTier():59;9.182064670671361E-25
tachyon.worker.block.meta$StorageTier#newStorageTier(int):97;9.182064670671361E-25
tachyon.worker.block.meta$StorageDir#StorageDir(tachyon.worker.block.meta.StorageTier,int,long,java.lang.String):66;9.182064670671361E-25
tachyon.worker.block.meta$StorageDir#newStorageDir(tachyon.worker.block.meta.StorageTier,int,long,java.lang.String):97;9.182064670671361E-25
tachyon.worker.block.meta$StorageDir#initializeMeta():115;9.182064670671361E-25
tachyon.worker.block.meta$StorageDir#getBlocks():221;9.182064670671361E-25
tachyon.worker.block$BlockLockManager#BlockLockManager():63;9.182064670671361E-25
tachyon.worker.block$ClientRWLock#ClientRWLock():29;9.182064670671361E-25
tachyon.worker.block$BlockMetadataManagerView#getTierViews():170;9.182064670671361E-25
tachyon.worker.block.meta$StorageDirView#getEvictableBlocks():77;9.182064670671361E-25
tachyon.worker.block.allocator$Allocator$Factory#createAllocator(tachyon.conf.TachyonConf,tachyon.worker.block.BlockMetadataManagerView):44;9.182064670671361E-25
tachyon.worker.block.allocator$MaxFreeAllocator#MaxFreeAllocator(tachyon.worker.block.BlockMetadataManagerView):32;9.182064670671361E-25
tachyon.worker.block.evictor$Evictor$Factory#createEvictor(tachyon.conf.TachyonConf,tachyon.worker.block.BlockMetadataManagerView,tachyon.worker.block.allocator.Allocator):44;9.182064670671361E-25
tachyon.worker.block$BlockStoreEventListenerBase#BlockStoreEventListenerBase():22;9.182064670671361E-25
tachyon.worker.block.evictor$EvictorBase#EvictorBase(tachyon.worker.block.BlockMetadataManagerView,tachyon.worker.block.allocator.Allocator):48;9.182064670671361E-25
tachyon.worker.block.evictor$LRUEvictor#LRUEvictor(tachyon.worker.block.BlockMetadataManagerView,tachyon.worker.block.allocator.Allocator):52;9.182064670671361E-25
tachyon$Sessions#Sessions():45;9.182064670671361E-25
tachyon.worker.block$BlockHeartbeatReporter#BlockHeartbeatReporter():42;9.182064670671361E-25
tachyon.worker.block$BlockMetricsReporter#BlockMetricsReporter(tachyon.worker.WorkerSource):29;9.182064670671361E-25
tachyon.worker$DataServer$Factory#createDataServer(java.net.InetSocketAddress,tachyon.worker.block.BlockDataManager,tachyon.conf.TachyonConf):37;9.182064670671361E-25
tachyon.master.block$BlockMaster$LostWorkerDetectionHeartbeatExecutor#BlockMaster$LostWorkerDetectionHeartbeatExecutor(tachyon.master.block.BlockMaster):660;9.182064670671361E-25
tachyon.master.journal$JournalWriter$EntryOutputStream#JournalWriter$EntryOutputStream(tachyon.master.journal.JournalWriter,java.io.OutputStream):300;9.182064670671361E-25
tachyon.master.file$FileSystemMaster$MasterInodeTTLCheckExecutor#FileSystemMaster$MasterInodeTTLCheckExecutor(tachyon.master.file.FileSystemMaster):1398;9.182064670671361E-25
tachyon.metrics.sink$MetricsServlet#MetricsServlet(java.util.Properties,com.codahale.metrics.MetricRegistry):50;9.182064670671361E-25
tachyon.metrics.sink$MetricsServlet#createServlet():59;9.182064670671361E-25
tachyon.metrics.sink$MetricsServlet#getHandler():78;9.182064670671361E-25
tachyon.worker.block$BlockServiceHandler#BlockServiceHandler(tachyon.worker.block.BlockDataManager):42;9.182064670671361E-25
tachyon.web$UIWebServer#UIWebServer(tachyon.util.network.NetworkAddressUtils$ServiceType,java.net.InetSocketAddress,tachyon.conf.TachyonConf):60;9.182064670671361E-25
tachyon.web$UIWebServer#addHandler(org.eclipse.jetty.server.handler.AbstractHandler):94;9.182064670671361E-25
tachyon.web$UIWebServer#startWebServer():149;9.182064670671361E-25
tachyon.web$MasterUIWebServer#MasterUIWebServer(tachyon.util.network.NetworkAddressUtils$ServiceType,java.net.InetSocketAddress,tachyon.master.TachyonMaster,tachyon.conf.TachyonConf):35;9.182064670671361E-25
tachyon.worker$WorkerIdRegistry#registerWithBlockMaster(tachyon.client.WorkerBlockMasterClient,tachyon.thrift.NetAddress):59;9.182064670671361E-25
tachyon.web$WebInterfaceGeneralServlet#WebInterfaceGeneralServlet(tachyon.master.TachyonMaster):88;9.182064670671361E-25
tachyon.web$WebInterfaceWorkersServlet#WebInterfaceWorkersServlet(tachyon.master.block.BlockMaster):124;9.182064670671361E-25
tachyon.web$WebInterfaceConfigurationServlet#WebInterfaceConfigurationServlet(tachyon.master.file.FileSystemMaster):50;9.182064670671361E-25
tachyon.web$WebInterfaceBrowseServlet#WebInterfaceBrowseServlet(tachyon.master.TachyonMaster):59;9.182064670671361E-25
tachyon.web$WebInterfaceMemoryServlet#WebInterfaceMemoryServlet(tachyon.master.TachyonMaster):43;9.182064670671361E-25
tachyon.web$WebInterfaceDependencyServlet#WebInterfaceDependencyServlet(tachyon.master.TachyonMaster):36;9.182064670671361E-25
tachyon.web$WebInterfaceDownloadServlet#WebInterfaceDownloadServlet(tachyon.master.file.FileSystemMaster):57;9.182064670671361E-25
tachyon.web$WebInterfaceDownloadLocalServlet#WebInterfaceDownloadLocalServlet():44;9.182064670671361E-25
tachyon.web$WebInterfaceBrowseLogsServlet#WebInterfaceBrowseLogsServlet(boolean):51;9.182064670671361E-25
tachyon.web$WebInterfaceHeaderServlet#WebInterfaceHeaderServlet(tachyon.conf.TachyonConf):38;9.182064670671361E-25
tachyon.master.block$BlockMasterServiceHandler#BlockMasterServiceHandler(tachyon.master.block.BlockMaster):34;9.182064670671361E-25
tachyon.master.block$BlockMasterServiceHandler#workerGetWorkerId(tachyon.thrift.NetAddress):40;9.182064670671361E-25
tachyon.master.block$BlockMasterServiceHandler#workerRegister(long,java.util.List,java.util.List,java.util.Map):48;9.182064670671361E-25
tachyon.master.file$FileSystemMasterServiceHandler#FileSystemMasterServiceHandler(tachyon.master.file.FileSystemMaster):37;9.182064670671361E-25
tachyon.master.rawtable$RawTableMasterServiceHandler#RawTableMasterServiceHandler(tachyon.master.rawtable.RawTableMaster):31;9.182064670671361E-25
tachyon.master.block.meta$MasterWorkerInfo#MasterWorkerInfo(long,tachyon.thrift.NetAddress):65;9.182064670671361E-25
tachyon.master.block.meta$MasterWorkerInfo#register(java.util.List,java.util.List,java.util.Set):88;9.182064670671361E-25
tachyon.master.block.meta$MasterWorkerInfo#toString():251;9.182064670671361E-25
tachyon.web$WorkerUIWebServer#WorkerUIWebServer(tachyon.util.network.NetworkAddressUtils$ServiceType,java.net.InetSocketAddress,tachyon.worker.block.BlockDataManager,java.net.InetSocketAddress,long,tachyon.conf.TachyonConf):35;9.182064670671361E-25
tachyon.web$WebInterfaceWorkerGeneralServlet#WebInterfaceWorkerGeneralServlet(tachyon.worker.block.BlockDataManager,java.net.InetSocketAddress,long):99;9.182064670671361E-25
tachyon.web$WebInterfaceWorkerGeneralServlet$UiWorkerInfo#WebInterfaceWorkerGeneralServlet$UiWorkerInfo(java.lang.String,long):75;9.182064670671361E-25
tachyon.web$WebInterfaceWorkerBlockInfoServlet#WebInterfaceWorkerBlockInfoServlet(tachyon.worker.block.BlockDataManager,tachyon.conf.TachyonConf):57;9.182064670671361E-25
tachyon.worker.block$BlockMasterSync#BlockMasterSync(tachyon.worker.block.BlockDataManager,tachyon.thrift.NetAddress,tachyon.client.WorkerBlockMasterClient):78;9.182064670671361E-25
tachyon.worker.block$BlockMasterSync#registerWithMaster():96;9.182064670671361E-25
tachyon.worker.block$BlockMasterSync#run():112;9.182064670671361E-25
tachyon.worker.block$PinListSync#PinListSync(tachyon.worker.block.BlockDataManager,tachyon.client.WorkerFileSystemMasterClient):57;9.182064670671361E-25
tachyon.worker.block$PinListSync#run():73;9.182064670671361E-25
tachyon.worker.block$SessionCleaner#SessionCleaner(tachyon.worker.block.BlockDataManager):45;9.182064670671361E-25
tachyon.worker.block$SessionCleaner#run():58;9.182064670671361E-25
tachyon.worker.block$BlockStoreMeta#getBlockList():83;9.182064670671361E-25
tachyon.worker.block$BlockStoreMeta#getCapacityBytesOnTiers():99;9.182064670671361E-25
tachyon.master.file.meta$InodeDirectory#getChildren():135;5.691702523652165E-25
tachyon.master.block.meta$MasterWorkerInfo#getId():193;5.691702523652165E-25
tachyon.master.journal$Journal#getCompletedDirectory():69;5.431901672209327E-25
tachyon.master.journal$Journal#getCurrentLogFilePath():83;5.431901672209327E-25
tachyon.master.journal$Journal#getCompletedLogFilePath(long):93;5.431901672209327E-25
tachyon.master.journal$JournalWriter#openCurrentLog():159;5.431901672209327E-25
tachyon.master.journal$JournalWriter#completeCurrentLog():196;5.431901672209327E-25
tachyon.worker.block$BlockMetadataManagerView#BlockMetadataManagerView(tachyon.worker.block.BlockMetadataManager,java.util.Set,java.util.Set):67;2.525689364301487E-25
tachyon.worker.block.meta$StorageTierView#StorageTierView(tachyon.worker.block.meta.StorageTier,tachyon.worker.block.BlockMetadataManagerView):44;2.525689364301487E-25
tachyon.worker.block.meta$StorageTierView#getDirViews():58;2.525689364301487E-25
tachyon.worker.block.meta$StorageDirView#StorageDirView(tachyon.worker.block.meta.StorageDir,tachyon.worker.block.meta.StorageTierView,tachyon.worker.block.BlockMetadataManagerView):56;2.525689364301487E-25
tachyon.master.file.meta$InodeDirectoryIdGenerator#getNewDirectoryId():46;2.124859041085016E-25
tachyon.master.file.meta$InodeDirectoryIdGenerator#initialize():70;2.124859041085016E-25
tachyon$StorageLevelAlias#getValue():47;2.124859041085016E-25
tachyon.master.file.meta$Inode$Builder#setId(long):47;2.124859041085016E-25
tachyon.master.file.meta$InodeDirectory$Builder#InodeDirectory$Builder():36;2.124859041085016E-25
tachyon.master.file.meta$InodeDirectory$Builder#build():46;2.124859041085016E-25
tachyon.master.file.meta$InodeDirectory#InodeDirectory(tachyon.master.file.meta.InodeDirectory$Builder):66;2.124859041085016E-25
tachyon.master.file.meta$InodeDirectory#getChildrenIds():142;2.124859041085016E-25
tachyon.master.file.meta$InodeDirectory#toJournalEntry():185;2.124859041085016E-25
tachyon.master.file.journal$InodeDirectoryEntry#InodeDirectoryEntry(long,long,java.lang.String,long,boolean,boolean,long,java.util.Set):31;2.124859041085016E-25
tachyon.master.file.journal$InodeDirectoryEntry#getType():48;2.124859041085016E-25
tachyon.master.file.journal$InodeDirectoryEntry#getParameters():53;2.124859041085016E-25
tachyon.master.block.meta$MasterWorkerInfo#getAddress():165;2.124859041085016E-25
tachyon.master.journal$Journal#getJournalFormatter():100;1.869798704636339E-25
tachyon.master$MasterBase#writeJournalEntry(tachyon.master.journal.JournalEntry):179;1.869798704636339E-25
tachyon.master$MasterBase#flushJournal():191;1.869798704636339E-25
tachyon.master.block$BlockMaster#getNewContainerId():302;1.869798704636339E-25
tachyon.master.block$BlockMaster#workerHeartbeat(long,java.util.List,java.util.List,java.util.Map):527;1.869798704636339E-25
tachyon.master.block$BlockMaster#processWorkerRemovedBlocks(tachyon.master.block.meta.MasterWorkerInfo,java.util.Collection):560;1.869798704636339E-25
tachyon.master.block$BlockMaster#processWorkerAddedBlocks(tachyon.master.block.meta.MasterWorkerInfo,java.util.Map):597;1.869798704636339E-25
tachyon.master.journal$JsonJournalFormatter#serialize(tachyon.master.journal.SerializableJournalEntry,java.io.OutputStream):224;1.869798704636339E-25
tachyon.master.journal$JsonJournalFormatter#writeEntry(tachyon.master.journal.JsonJournalFormatter$JsonEntry,java.io.OutputStream):233;1.869798704636339E-25
tachyon.master.file$FileSystemMaster#getPinIdList():1213;1.869798704636339E-25
tachyon.master.block$BlockContainerIdGenerator#getNewContainerId():38;1.869798704636339E-25
tachyon.master.block$BlockContainerIdGenerator#toJournalEntry():47;1.869798704636339E-25
tachyon.master.file.meta$InodeDirectoryIdGenerator#toJournalEntry():60;1.869798704636339E-25
tachyon.master.file.meta$InodeTree#getPinIdSet():425;1.869798704636339E-25
tachyon.master.file.meta$InodeTree$1#getFieldValue(tachyon.master.file.meta.Inode):72;1.869798704636339E-25
tachyon.master.journal$JournalWriter#getEntryOutputStream():132;1.869798704636339E-25
tachyon.master.journal$JournalWriter$CheckpointOutputStream#isClosed():226;1.869798704636339E-25
tachyon.master.block.journal$BlockContainerIdGeneratorEntry#BlockContainerIdGeneratorEntry(long):32;1.869798704636339E-25
tachyon.master.block.journal$BlockContainerIdGeneratorEntry#getType():42;1.869798704636339E-25
tachyon.master.block.journal$BlockContainerIdGeneratorEntry#getParameters():47;1.869798704636339E-25
tachyon.master.journal$SerializableJournalEntry#SerializableJournalEntry(long,tachyon.master.journal.JournalEntry):27;1.869798704636339E-25
tachyon.master.journal$SerializableJournalEntry#getSequenceNumber():36;1.869798704636339E-25
tachyon.master.journal$SerializableJournalEntry#getType():41;1.869798704636339E-25
tachyon.master.journal$SerializableJournalEntry#getParameters():46;1.869798704636339E-25
tachyon.master.journal$JsonJournalFormatter$JsonEntry#JsonJournalFormatter$JsonEntry(long,tachyon.master.journal.JournalEntryType):96;1.869798704636339E-25
tachyon.master.journal$JsonJournalFormatter$JsonEntry#withParameter(java.lang.String,java.lang.Object):215;1.869798704636339E-25
tachyon.worker.block$BlockDataManager#getReport():321;1.869798704636339E-25
tachyon.worker.block$BlockDataManager#getStoreMeta():331;1.869798704636339E-25
tachyon.worker.block$BlockDataManager#updatePinList(java.util.Set):496;1.869798704636339E-25
tachyon.master.file.meta$Inode$Builder#Inode$Builder():33;1.869798704636339E-25
tachyon.master.file.meta$Inode$Builder#setName(java.lang.String):52;1.869798704636339E-25
tachyon.master.file.meta$Inode$Builder#setParentId(long):57;1.869798704636339E-25
tachyon.master.journal$JournalWriter$EntryOutputStream#writeEntry(tachyon.master.journal.JournalEntry):307;1.869798704636339E-25
tachyon.master.journal$JournalWriter$EntryOutputStream#flush():329;1.869798704636339E-25
tachyon.master.file.meta$Inode#Inode(tachyon.master.file.meta.Inode$Builder):99;1.869798704636339E-25
tachyon.master.file.meta$Inode#hashCode():169;1.869798704636339E-25
tachyon.master.file.meta$Inode#isDirectory():183;1.869798704636339E-25
tachyon.master.file.journal$InodeEntry#InodeEntry(long,long,java.lang.String,long,boolean,boolean,long):36;1.869798704636339E-25
tachyon.master.file.journal$InodeEntry#getParameters():51;1.869798704636339E-25
tachyon.master.file.journal$InodeDirectoryIdGeneratorEntry#InodeDirectoryIdGeneratorEntry(long,long):29;1.869798704636339E-25
tachyon.master.file.journal$InodeDirectoryIdGeneratorEntry#getType():44;1.869798704636339E-25
tachyon.master.file.journal$InodeDirectoryIdGeneratorEntry#getParameters():49;1.869798704636339E-25
tachyon.master.file$FileSystemMasterServiceHandler#workerGetPinIdList():43;1.869798704636339E-25
tachyon.worker.block$BlockDataManager#cleanupSessions():191;1.7923527525967502E-25
tachyon.worker.block$TieredBlockStore#getBlockStoreMeta():387;1.7923527525967502E-25
tachyon.worker.block$TieredBlockStore#updatePinnedInodes(java.util.Set):866;1.7923527525967502E-25
tachyon.worker.block$BlockMetadataManager#getBlockStoreMeta():218;1.7923527525967502E-25
tachyon.worker.block$BlockMetadataManager#getTiers():277;1.7923527525967502E-25
tachyon.worker.block.meta$StorageTier#getTierAlias():106;1.7923527525967502E-25
tachyon.worker.block.meta$StorageTier#getTierLevel():113;1.7923527525967502E-25
tachyon.worker.block.meta$StorageTier#getCapacityBytes():120;1.7923527525967502E-25
tachyon.worker.block.meta$StorageTier#getAvailableBytes():127;1.7923527525967502E-25
tachyon.worker.block.meta$StorageDir#getCapacityBytes():155;1.7923527525967502E-25
tachyon.worker.block.meta$StorageDir#getAvailableBytes():165;1.7923527525967502E-25
tachyon.worker.block.meta$StorageDir#getStorageDirId():201;1.7923527525967502E-25
tachyon.worker.block.meta$StorageDir#getBlockIds():212;1.7923527525967502E-25
tachyon$Sessions#getTimedOutSessions():55;1.7923527525967502E-25
tachyon.worker.block$BlockHeartbeatReporter#generateReport():55;1.7923527525967502E-25
tachyon.master.block.meta$MasterWorkerInfo#getToRemoveBlocks():207;1.7923527525967502E-25
tachyon.master.block.meta$MasterWorkerInfo#updateLastUpdatedTimeMs():270;1.7923527525967502E-25
tachyon.master.block.meta$MasterWorkerInfo#updateUsedBytes(java.util.List):304;1.7923527525967502E-25
tachyon.worker$WorkerContext#getConf():39;1.718388831577518E-25
tachyon.worker$WorkerIdRegistry#getWorkerId():67;1.718388831577518E-25
tachyon.master.block$BlockMasterServiceHandler#workerHeartbeat(long,java.util.List,java.util.List,java.util.Map):58;1.718388831577518E-25
tachyon.worker.block$BlockMasterSync#handleMasterCommand(tachyon.thrift.Command):175;1.718388831577518E-25
tachyon.worker.block$BlockStoreMeta#BlockStoreMeta(tachyon.worker.block.BlockMetadataManager):58;1.718388831577518E-25
tachyon.worker.block$BlockStoreMeta#getUsedBytesOnTiers():127;1.718388831577518E-25
tachyon$StorageDirId#getStorageDirId(int,int,int):46;1.718388831577518E-25
tachyon.worker.block$BlockHeartbeatReport#BlockHeartbeatReport(java.util.Map,java.util.List):31;1.718388831577518E-25
tachyon.worker.block$BlockHeartbeatReport#getAddedBlocks():42;1.718388831577518E-25
tachyon.worker.block$BlockHeartbeatReport#getRemovedBlocks():51;1.718388831577518E-25
tachyon.worker.block.meta$StorageTier#getStorageDirs():148;1.647738169488831E-25
tachyon.worker.block.meta$StorageDir#getDirPath():178;1.647738169488831E-25
tachyon.master.file.meta$Inode#getParentId():164;1.647738169488831E-25
tachyon.master$MasterContext#getConf():44;1.5802407613039125E-25
tachyon.master$MasterContext#getMasterSource():54;1.5802407613039125E-25
tachyon.master.file.meta$Inode#getCreationTimeMs():136;1.5802407613039125E-25
tachyon.master.file.meta$Inode#getId():143;1.5802407613039125E-25
tachyon.master.file.meta$Inode#getLastModificationTimeMs():150;1.5802407613039125E-25
tachyon.master.file.meta$Inode#getName():157;1.5802407613039125E-25
tachyon.master.file.meta$Inode#isPinned():197;1.5802407613039125E-25
tachyon.master.file.meta$Inode#isPersisted():204;1.5802407613039125E-25
tachyon.master.file$FileSystemMaster#completeFileInternal(java.util.List,long,long,boolean,long):463;4.927927963506813E-27
tachyon.master.file.meta$InodeFile#setBlockIds(java.util.List):203;4.47073669282115E-27
tachyon.master$MasterContext#MasterContext():24;0.0
tachyon.master$MasterContext#resetConf():62;0.0
tachyon.master$MasterSource#MasterSource():36;0.0
tachyon.master$MasterSource#incFilesCreated():172;0.0
tachyon.master$MasterSource#incFilesDeleted():180;0.0
tachyon.master$TachyonMaster$Factory#TachyonMaster$Factory():118;0.0
tachyon.master$TachyonMaster#main(java.lang.String[]):58;0.0
tachyon.master$TachyonMaster#getMasterAddress():191;0.0
tachyon.master$TachyonMaster#getRPCBindHost():198;0.0
tachyon.master$TachyonMaster#getWebBindHost():212;0.0
tachyon.master$TachyonMaster#getWebLocalPort():219;0.0
tachyon.master$TachyonMaster#getRawTableMaster():233;0.0
tachyon.master$TachyonMaster#getStarttimeMs():247;0.0
tachyon.master$TachyonMaster#isServing():254;0.0
tachyon.master$MasterBase#processJournalCheckpoint(tachyon.master.journal.JournalInputStream):65;0.0
tachyon.master$MasterBase#upgradeToReadWriteJournal(tachyon.master.journal.ReadWriteJournal):162;0.0
tachyon.master$MasterBase#isLeaderMode():166;0.0
tachyon.master$MasterBase#isStandbyMode():170;0.0
tachyon.master.block$BlockMaster#processJournalCheckpoint(tachyon.master.journal.JournalInputStream):158;0.0
tachyon.master.block$BlockMaster#processJournalEntry(tachyon.master.journal.JournalEntry):165;0.0
tachyon.master.block$BlockMaster#getWorkerCount():209;0.0
tachyon.master.block$BlockMaster#getWorkerInfoList():219;0.0
tachyon.master.block$BlockMaster#getUsedBytes():247;0.0
tachyon.master.block$BlockMaster#getLostWorkersInfo():262;0.0
tachyon.master.block$BlockMaster#commitBlock(long,long,int,long,long):321;0.0
tachyon.master.block$BlockMaster#getBlockInfo(long):372;0.0
tachyon.master.block$BlockMaster#getTotalBytesOnTiers():411;0.0
tachyon.master.block$BlockMaster#getUsedBytesOnTiers():426;0.0
tachyon.master.block$BlockMaster#processLostWorker(tachyon.master.block.meta.MasterWorkerInfo):583;0.0
tachyon.master.block$BlockMaster#getLostBlocks():618;0.0
tachyon.master.block$BlockMaster#reportLostBlocks(java.util.List):652;0.0
tachyon.master.block$BlockMaster#grantAccess(tachyon.test.Tester):726;0.0
tachyon.master.journal$JournalFormatter$Factory#JournalFormatter$Factory():32;0.0
tachyon.master.journal$JsonJournalFormatter#deserialize(java.io.InputStream):239;0.0
tachyon.master.file$FileSystemMaster#processJournalEntry(tachyon.master.journal.JournalEntry):148;0.0
tachyon.master.file$FileSystemMaster#persistFileFromEntry(tachyon.master.file.journal.PersistFileEntry):307;0.0
tachyon.master.file$FileSystemMaster#isDirectory(long):322;0.0
tachyon.master.file$FileSystemMaster#completeFile(long):425;0.0
tachyon.master.file$FileSystemMaster#completeFileFromEntry(tachyon.master.file.journal.CompleteFileEntry):471;0.0
tachyon.master.file$FileSystemMaster#reinitializeFile(tachyon.TachyonURI,long,long):537;0.0
tachyon.master.file$FileSystemMaster#resetBlockFileFromEntry(tachyon.master.file.journal.ReinitializeFileEntry):547;0.0
tachyon.master.file$FileSystemMaster#getNewBlockIdForFile(long):563;0.0
tachyon.master.file$FileSystemMaster#getNumberOfFiles():579;0.0
tachyon.master.file$FileSystemMaster#getNumberOfPinnedFiles():590;0.0
tachyon.master.file$FileSystemMaster#deleteFileFromEntry(tachyon.master.file.journal.DeleteFileEntry):618;0.0
tachyon.master.file$FileSystemMaster#getFileBlockInfo(long,int):709;0.0
tachyon.master.file$FileSystemMaster#getFileBlockInfoList(long):736;0.0
tachyon.master.file$FileSystemMaster#getFileBlockInfoList(tachyon.TachyonURI):763;0.0
tachyon.master.file$FileSystemMaster#generateFileBlockInfo(tachyon.master.file.meta.InodeFile,tachyon.thrift.BlockInfo):778;0.0
tachyon.master.file$FileSystemMaster#isFullyInMemory(tachyon.master.file.meta.InodeFile):824;0.0
tachyon.master.file$FileSystemMaster#getInMemoryFiles():833;0.0
tachyon.master.file$FileSystemMaster#renameFromEntry(tachyon.master.file.journal.RenameEntry):1082;0.0
tachyon.master.file$FileSystemMaster#setPinned(long,boolean):1132;0.0
tachyon.master.file$FileSystemMaster#setPinnedInternal(long,boolean,long):1143;0.0
tachyon.master.file$FileSystemMaster#setPinnedFromEntry(tachyon.master.file.journal.SetPinnedEntry):1149;0.0
tachyon.master.file$FileSystemMaster#free(long,boolean):1167;0.0
tachyon.master.file$FileSystemMaster#getPath(long):1203;0.0
tachyon.master.file$FileSystemMaster#getUfsAddress():1222;0.0
tachyon.master.file$FileSystemMaster#getWhiteList():1229;0.0
tachyon.master.file$FileSystemMaster#getLostFiles():1236;0.0
tachyon.master.file$FileSystemMaster#reportLostFile(long):1247;0.0
tachyon.master.file$FileSystemMaster#mount(tachyon.TachyonURI,tachyon.TachyonURI):1321;0.0
tachyon.master.file$FileSystemMaster#mountFromEntry(tachyon.master.file.journal.AddMountPointEntry):1338;0.0
tachyon.master.file$FileSystemMaster#mountInternal(tachyon.TachyonURI,tachyon.TachyonURI):1346;0.0
tachyon.master.file$FileSystemMaster#unmount(tachyon.TachyonURI):1351;0.0
tachyon.master.file$FileSystemMaster#unmountFromEntry(tachyon.master.file.journal.DeleteMountPointEntry):1369;0.0
tachyon.master.file$FileSystemMaster#unmountInternal(tachyon.TachyonURI):1376;0.0
tachyon.master.file$FileSystemMaster#resetFile(long):1387;0.0
tachyon.master.rawtable$RawTableMaster#processJournalEntry(tachyon.master.journal.JournalEntry):88;0.0
tachyon.master.rawtable$RawTableMaster#createRawTable(tachyon.TachyonURI,int,java.nio.ByteBuffer):134;0.0
tachyon.master.rawtable$RawTableMaster#updateRawTableMetadata(long,java.nio.ByteBuffer):177;0.0
tachyon.master.rawtable$RawTableMaster#columnPath(tachyon.TachyonURI,int):196;0.0
tachyon.master.rawtable$RawTableMaster#getRawTableId(tachyon.TachyonURI):209;0.0
tachyon.master.rawtable$RawTableMaster#getClientRawTableInfo(long):227;0.0
tachyon.master.rawtable$RawTableMaster#getClientRawTableInfo(tachyon.TachyonURI):263;0.0
tachyon.master.rawtable$RawTableMaster#validateColumnSize(int):274;0.0
tachyon.master.rawtable$RawTableMaster#validateMetadataSize(java.nio.ByteBuffer):288;0.0
tachyon.master.lineage$LineageMaster#LineageMaster(tachyon.master.file.FileSystemMaster,tachyon.master.journal.Journal):117;0.0
tachyon.master.lineage$LineageMaster#getProcessor():129;0.0
tachyon.master.lineage$LineageMaster#getServiceName():135;0.0
tachyon.master.lineage$LineageMaster#processJournalEntry(tachyon.master.journal.JournalEntry):140;0.0
tachyon.master.lineage$LineageMaster#start(boolean):159;0.0
tachyon.master.lineage$LineageMaster#stop():177;0.0
tachyon.master.lineage$LineageMaster#streamToJournalCheckpoint(tachyon.master.journal.JournalOutputStream):189;0.0
tachyon.master.lineage$LineageMaster#getLineageStoreView():197;0.0
tachyon.master.lineage$LineageMaster#createLineage(java.util.List,java.util.List,tachyon.job.Job):214;0.0
tachyon.master.lineage$LineageMaster#deleteLineage(long,boolean):258;0.0
tachyon.master.lineage$LineageMaster#deleteLineageInternal(long,boolean):266;0.0
tachyon.master.lineage$LineageMaster#deleteLineageFromEntry(tachyon.master.lineage.journal.DeleteLineageEntry):285;0.0
tachyon.master.lineage$LineageMaster#reinitializeFile(java.lang.String,long,long):304;0.0
tachyon.master.lineage$LineageMaster#asyncCompleteFile(long):322;0.0
tachyon.master.lineage$LineageMaster#asyncCompleteFileFromEntry(tachyon.master.lineage.journal.AsyncCompleteFileEntry):336;0.0
tachyon.master.lineage$LineageMaster#lineageWorkerHeartbeat(long,java.util.List):351;0.0
tachyon.master.lineage$LineageMaster#getLineageInfoList():369;0.0
tachyon.master.lineage$LineageMaster#queueForCheckpoint(tachyon.master.lineage.checkpoint.CheckpointPlan):395;0.0
tachyon.master.lineage$LineageMaster#pollToCheckpoint(long):423;0.0
tachyon.master.lineage$LineageMaster#requestFilePersistence(java.util.List):453;0.0
tachyon.master.lineage$LineageMaster#requestFilePersistenceFromEntry(tachyon.master.lineage.journal.RequestFilePersistenceEntry):464;0.0
tachyon.master.lineage$LineageMaster#persistFiles(long,java.util.List):476;0.0
tachyon.master.lineage$LineageMaster#persistFilesFromEntry(tachyon.master.lineage.journal.PersistFilesEntry):489;0.0
tachyon.master.lineage$LineageMaster#getWorkerStoringFile(tachyon.master.lineage.meta.LineageFile):495;0.0
tachyon.master.block$BlockContainerIdGenerator#setNextContainerId(long):42;0.0
tachyon.master.file.meta$InodeDirectoryIdGenerator#fromJournalEntry(tachyon.master.file.journal.InodeDirectoryIdGeneratorEntry):64;0.0
tachyon.master.file.meta$MountTable#delete(tachyon.TachyonURI):80;0.0
tachyon.master.file.meta$InodeTree#getSize():125;0.0
tachyon.master.file.meta$InodeTree#getPinnedSize():134;0.0
tachyon.master.file.meta$InodeTree#getRoot():182;0.0
tachyon.master.file.meta$InodeTree#reinitializeFile(tachyon.TachyonURI,long,long):335;0.0
tachyon.master.file.meta$InodeTree#deleteInode(tachyon.master.file.meta.Inode):381;0.0
tachyon.master.file.meta$InodeTree#setPinned(tachyon.master.file.meta.Inode,boolean,long):393;0.0
tachyon.master.file.meta$InodeTree#setPinned(tachyon.master.file.meta.Inode,boolean):418;0.0
tachyon.master.file.meta$InodeTree#addInodeFromJournal(tachyon.master.file.journal.InodeEntry):458;0.0
tachyon.master.file.meta$InodeTree#addInodeFromJournalInternal(tachyon.master.file.meta.Inode):486;0.0
tachyon.master.file.meta$InodeTree#hashCode():502;0.0
tachyon.master.file.meta$InodeTree#equals(java.lang.Object):508;0.0
tachyon.master.rawtable.meta$RawTables#add(long,int,java.nio.ByteBuffer):50;0.0
tachyon.master.rawtable.meta$RawTables#remove(long):63;0.0
tachyon.master.rawtable.meta$RawTables#contains(long):73;0.0
tachyon.master.rawtable.meta$RawTables#getColumns(long):83;0.0
tachyon.master.rawtable.meta$RawTables#getMetadata(long):94;0.0
tachyon.master.rawtable.meta$RawTables#getTableInfo(long):105;0.0
tachyon.master.rawtable.meta$RawTables#updateMetadata(long,java.nio.ByteBuffer):118;0.0
tachyon.master.rawtable.meta$RawTables$1#getFieldValue(tachyon.master.rawtable.meta.RawTable):35;0.0
tachyon.master$MasterSource$1#getValue():65;0.0
tachyon.master$MasterSource$2#getValue():72;0.0
tachyon.master$MasterSource$3#getValue():79;0.0
tachyon.master$MasterSource$4#getValue():87;0.0
tachyon.master$MasterSource$5#getValue():102;0.0
tachyon.master$MasterSource$6#getValue():117;0.0
tachyon.master$MasterSource$7#getValue():132;0.0
tachyon.master$MasterSource$8#getValue():139;0.0
tachyon.master$MasterSource$9#getValue():146;0.0
tachyon.metrics$MetricsSystem#MetricsSystem(java.lang.String,tachyon.metrics.MetricsConfig,tachyon.conf.TachyonConf):117;0.0
tachyon.metrics$MetricsSystem#getSinks():66;0.0
tachyon.metrics$MetricsSystem#getSources():75;0.0
tachyon.metrics$MetricsSystem#checkMinimalPollingPeriod(java.util.concurrent.TimeUnit,int):87;0.0
tachyon.metrics$MetricsSystem#removeSource(tachyon.metrics.source.Source):201;0.0
tachyon.metrics$MetricsSystem#report():209;0.0
tachyon.metrics$MetricsConfig#MetricsConfig(java.util.Properties):63;0.0
tachyon.metrics$MetricsConfig#addDefaultProperties(java.util.Properties,java.util.Properties):71;0.0
tachyon.metrics$MetricsConfig#getPropertyCategories():102;0.0
tachyon.master.journal$JournalTailer#isValid():58;0.0
tachyon.master.journal$JournalTailer#processJournalCheckpoint(boolean):89;0.0
tachyon.master.journal$JournalTailer#processNextJournalLogFiles():114;0.0
tachyon.master.journal$JournalReader#isValid():73;0.0
tachyon.master.journal$JournalReader#getCheckpointInputStream():84;0.0
tachyon.master.journal$JournalReader#getNextInputStream():103;0.0
tachyon.master.journal$JournalWriter$CheckpointOutputStream#flush():282;0.0
tachyon.master.block.journal$BlockContainerIdGeneratorEntry#getNextContainerId():37;0.0
tachyon.worker$WorkerContext#WorkerContext():24;0.0
tachyon.worker$WorkerContext#resetConf():47;0.0
tachyon.master.journal$JsonJournalFormatter$JsonEntry#JsonJournalFormatter$JsonEntry(long,tachyon.master.journal.JournalEntryType,java.util.Map):105;0.0
tachyon.master.journal$JsonJournalFormatter$JsonEntry#createObjectMapper():79;0.0
tachyon.master.journal$JsonJournalFormatter$JsonEntry#get(java.lang.String,java.lang.Class):116;0.0
tachyon.master.journal$JsonJournalFormatter$JsonEntry#get(java.lang.String,com.fasterxml.jackson.core.type.TypeReference):128;0.0
tachyon.master.journal$JsonJournalFormatter$JsonEntry#getBoolean(java.lang.String):138;0.0
tachyon.master.journal$JsonJournalFormatter$JsonEntry#getByteBuffer(java.lang.String):148;0.0
tachyon.master.journal$JsonJournalFormatter$JsonEntry#getByteBufferList(java.lang.String):164;0.0
tachyon.master.journal$JsonJournalFormatter$JsonEntry#getInt(java.lang.String):183;0.0
tachyon.master.journal$JsonJournalFormatter$JsonEntry#getLong(java.lang.String):194;0.0
tachyon.master.journal$JsonJournalFormatter$JsonEntry#getString(java.lang.String):204;0.0
tachyon.worker.block$BlockWorker#getWorkerServiceHandler():108;0.0
tachyon.worker.block$BlockWorker#getRPCBindHost():115;0.0
tachyon.worker.block$BlockWorker#getRPCLocalPort():123;0.0
tachyon.worker.block$BlockWorker#getDataBindHost():130;0.0
tachyon.worker.block$BlockWorker#getDataLocalPort():137;0.0
tachyon.worker.block$BlockWorker#getWebBindHost():144;0.0
tachyon.worker.block$BlockWorker#getWebLocalPort():151;0.0
tachyon.worker.block$BlockWorker#getWorkerNetAddress():244;0.0
tachyon.worker$WorkerSource#incBlocksAccessed():76;0.0
tachyon.worker$WorkerSource#incBlocksCanceled():80;0.0
tachyon.worker$WorkerSource#incBlocksDeleted():84;0.0
tachyon.worker$WorkerSource#incBlocksEvicted():88;0.0
tachyon.worker$WorkerSource#incBlocksPromoted():92;0.0
tachyon.worker$WorkerSource#incBlocksReadLocal(long):96;0.0
tachyon.worker$WorkerSource#incBlocksReadRemote(long):100;0.0
tachyon.worker$WorkerSource#incBlocksWrittenLocal(long):104;0.0
tachyon.worker$WorkerSource#incBlocksWrittenRemote(long):108;0.0
tachyon.worker$WorkerSource#incBytesReadLocal(long):112;0.0
tachyon.worker$WorkerSource#incBytesReadRemote(long):116;0.0
tachyon.worker$WorkerSource#incBytesReadUfs(long):120;0.0
tachyon.worker$WorkerSource#incBytesWrittenLocal(long):124;0.0
tachyon.worker$WorkerSource#incBytesWrittenRemote(long):128;0.0
tachyon.worker$WorkerSource#incBytesWrittenUfs(long):132;0.0
tachyon.worker.block$BlockDataManager#grantAccess(tachyon.test.Tester):114;0.0
tachyon.worker.block$BlockDataManager#abortBlock(long,long):129;0.0
tachyon.worker.block$BlockDataManager#accessBlock(long,long):142;0.0
tachyon.worker.block$BlockDataManager#persistFile(long,long,java.lang.String):161;0.0
tachyon.worker.block$BlockDataManager#commitBlock(long,long):213;0.0
tachyon.worker.block$BlockDataManager#createBlock(long,long,int,long):250;0.0
tachyon.worker.block$BlockDataManager#createBlockRemote(long,long,int,long):273;0.0
tachyon.worker.block$BlockDataManager#freeSpace(long,long,int):293;0.0
tachyon.worker.block$BlockDataManager#getTempBlockWriterRemote(long,long):311;0.0
tachyon.worker.block$BlockDataManager#getVolatileBlockMeta(long):343;0.0
tachyon.worker.block$BlockDataManager#hasBlockMeta(long):353;0.0
tachyon.worker.block$BlockDataManager#lockBlock(long,long):365;0.0
tachyon.worker.block$BlockDataManager#moveBlock(long,long,int):387;0.0
tachyon.worker.block$BlockDataManager#readBlock(long,long,long):406;0.0
tachyon.worker.block$BlockDataManager#readBlockRemote(long,long,long):424;0.0
tachyon.worker.block$BlockDataManager#removeBlock(long,long):438;0.0
tachyon.worker.block$BlockDataManager#requestSpace(long,long,long):456;0.0
tachyon.worker.block$BlockDataManager#unlockBlock(long):471;0.0
tachyon.worker.block$BlockDataManager#unlockBlock(long,long):476;0.0
tachyon.worker.block$BlockDataManager#sessionHeartbeat(long,java.util.List):486;0.0
tachyon.worker.block$BlockDataManager#getFileInfo(long):507;0.0
tachyon.worker.block$TieredBlockStore#lockBlock(long,long):129;0.0
tachyon.worker.block$TieredBlockStore#unlockBlock(long):143;0.0
tachyon.worker.block$TieredBlockStore#unlockBlock(long,long):148;0.0
tachyon.worker.block$TieredBlockStore#getBlockWriter(long,long):157;0.0
tachyon.worker.block$TieredBlockStore#getBlockReader(long,long,long):169;0.0
tachyon.worker.block$TieredBlockStore#createBlockMeta(long,long,tachyon.worker.block.BlockStoreLocation,long):183;0.0
tachyon.worker.block$TieredBlockStore#getVolatileBlockMeta(long):205;0.0
tachyon.worker.block$TieredBlockStore#getBlockMeta(long,long,long):216;0.0
tachyon.worker.block$TieredBlockStore#commitBlock(long,long):228;0.0
tachyon.worker.block$TieredBlockStore#abortBlock(long,long):239;0.0
tachyon.worker.block$TieredBlockStore#requestSpace(long,long,long):250;0.0
tachyon.worker.block$TieredBlockStore#moveBlock(long,long,tachyon.worker.block.BlockStoreLocation):268;0.0
tachyon.worker.block$TieredBlockStore#moveBlock(long,long,tachyon.worker.block.BlockStoreLocation,tachyon.worker.block.BlockStoreLocation):276;0.0
tachyon.worker.block$TieredBlockStore#removeBlock(long,long):298;0.0
tachyon.worker.block$TieredBlockStore#removeBlock(long,long,tachyon.worker.block.BlockStoreLocation):304;0.0
tachyon.worker.block$TieredBlockStore#accessBlock(long,long):314;0.0
tachyon.worker.block$TieredBlockStore#freeSpace(long,long,tachyon.worker.block.BlockStoreLocation):331;0.0
tachyon.worker.block$TieredBlockStore#cleanupSession(long):337;0.0
tachyon.worker.block$TieredBlockStore#hasBlockMeta(long):379;0.0
tachyon.worker.block$TieredBlockStore#checkTempBlockIdAvailable(long):408;0.0
tachyon.worker.block$TieredBlockStore#checkTempBlockOwnedBySession(long,long):428;0.0
tachyon.worker.block$TieredBlockStore#abortBlockInternal(long,long):451;0.0
tachyon.worker.block$TieredBlockStore#commitBlockInternal(long,long):494;0.0
tachyon.worker.block$TieredBlockStore#createBlockMetaInternal(long,long,tachyon.worker.block.BlockStoreLocation,long,boolean):553;0.0
tachyon.worker.block$TieredBlockStore#requestSpaceInternal(long,long):601;0.0
tachyon.worker.block$TieredBlockStore#freeSpaceInternal(long,long,tachyon.worker.block.BlockStoreLocation):633;0.0
tachyon.worker.block$TieredBlockStore#getUpdatedView():717;0.0
tachyon.worker.block$TieredBlockStore#moveBlockInternal(long,long,tachyon.worker.block.BlockStoreLocation,tachyon.worker.block.BlockStoreLocation):741;0.0
tachyon.worker.block$TieredBlockStore#removeBlockInternal(long,long,tachyon.worker.block.BlockStoreLocation):824;0.0
tachyon.worker.block$BlockMetadataManager#abortTempBlockMeta(tachyon.worker.block.meta.TempBlockMeta):101;0.0
tachyon.worker.block$BlockMetadataManager#addTempBlockMeta(tachyon.worker.block.meta.TempBlockMeta):114;0.0
tachyon.worker.block$BlockMetadataManager#commitTempBlockMeta(tachyon.worker.block.meta.TempBlockMeta):128;0.0
tachyon.worker.block$BlockMetadataManager#cleanupSessionTempBlocks(long,java.util.List):143;0.0
tachyon.worker.block$BlockMetadataManager#getAvailableBytes(tachyon.worker.block.BlockStoreLocation):160;0.0
tachyon.worker.block$BlockMetadataManager#getBlockMeta(long):189;0.0
tachyon.worker.block$BlockMetadataManager#getBlockPath(long,tachyon.worker.block.BlockStoreLocation):209;0.0
tachyon.worker.block$BlockMetadataManager#getDir(tachyon.worker.block.BlockStoreLocation):229;0.0
tachyon.worker.block$BlockMetadataManager#getTempBlockMeta(long):245;0.0
tachyon.worker.block$BlockMetadataManager#getTier(int):263;0.0
tachyon.worker.block$BlockMetadataManager#getTiersBelow(int):288;0.0
tachyon.worker.block$BlockMetadataManager#getSessionTempBlocks(long):300;0.0
tachyon.worker.block$BlockMetadataManager#hasBlockMeta(long):316;0.0
tachyon.worker.block$BlockMetadataManager#hasTempBlockMeta(long):333;0.0
tachyon.worker.block$BlockMetadataManager#moveBlockMeta(tachyon.worker.block.meta.BlockMeta,tachyon.worker.block.meta.TempBlockMeta):356;0.0
tachyon.worker.block$BlockMetadataManager#moveBlockMeta(tachyon.worker.block.meta.BlockMeta,tachyon.worker.block.BlockStoreLocation):382;0.0
tachyon.worker.block$BlockMetadataManager#removeBlockMeta(tachyon.worker.block.meta.BlockMeta):424;0.0
tachyon.worker.block$BlockMetadataManager#resizeTempBlockMeta(tachyon.worker.block.meta.TempBlockMeta,long):437;0.0
tachyon.worker.block.meta$StorageTier#getDir(int):141;0.0
tachyon$StorageLevelAlias#StorageLevelAlias(java.lang.String,int,int):37;0.0
tachyon$StorageLevelAlias#getAlias(int):57;0.0
tachyon.worker.block.meta$StorageDir#getCommittedBytes():174;0.0
tachyon.worker.block.meta$StorageDir#getParentTier():187;0.0
tachyon.worker.block.meta$StorageDir#getDirIndex():196;0.0
tachyon.worker.block.meta$StorageDir#hasBlockMeta(long):231;0.0
tachyon.worker.block.meta$StorageDir#hasTempBlockMeta(long):241;0.0
tachyon.worker.block.meta$StorageDir#getBlockMeta(long):252;0.0
tachyon.worker.block.meta$StorageDir#getTempBlockMeta(long):267;0.0
tachyon.worker.block.meta$StorageDir#addBlockMeta(tachyon.worker.block.meta.BlockMeta):283;0.0
tachyon.worker.block.meta$StorageDir#addTempBlockMeta(tachyon.worker.block.meta.TempBlockMeta):311;0.0
tachyon.worker.block.meta$StorageDir#removeBlockMeta(tachyon.worker.block.meta.BlockMeta):345;0.0
tachyon.worker.block.meta$StorageDir#removeTempBlockMeta(tachyon.worker.block.meta.TempBlockMeta):361;0.0
tachyon.worker.block.meta$StorageDir#resizeTempBlockMeta(tachyon.worker.block.meta.TempBlockMeta,long):390;0.0
tachyon.worker.block.meta$StorageDir#cleanupSessionTempBlocks(long,java.util.List):407;0.0
tachyon.worker.block.meta$StorageDir#getSessionTempBlocks(long):443;0.0
tachyon.worker.block.meta$StorageDir#toBlockStoreLocation():459;0.0
tachyon.worker.block.meta$StorageDir#reclaimSpace(long,boolean):463;0.0
tachyon.worker.block.meta$StorageDir#reserveSpace(long,boolean):472;0.0
tachyon.worker.block$BlockLockManager#blockHashIndex(long):76;0.0
tachyon.worker.block$BlockLockManager#lockBlock(long,long,tachyon.worker.block.BlockLockType):90;0.0
tachyon.worker.block$BlockLockManager#unlockBlock(long):120;0.0
tachyon.worker.block$BlockLockManager#unlockBlock(long,long):140;0.0
tachyon.worker.block$BlockLockManager#validateLock(long,long,long):176;0.0
tachyon.worker.block$BlockLockManager#cleanupSession(long):199;0.0
tachyon.worker.block$BlockLockManager#getLockedBlocks():224;0.0
tachyon.worker.block$ClientRWLock#readLock():38;0.0
tachyon.worker.block$ClientRWLock#writeLock():43;0.0
tachyon.worker.block$BlockMetadataManagerView#clearBlockMarks():87;0.0
tachyon.worker.block$BlockMetadataManagerView#isBlockPinned(long):101;0.0
tachyon.worker.block$BlockMetadataManagerView#isBlockLocked(long):112;0.0
tachyon.worker.block$BlockMetadataManagerView#isBlockEvictable(long):127;0.0
tachyon.worker.block$BlockMetadataManagerView#isBlockMarked(long):137;0.0
tachyon.worker.block$BlockMetadataManagerView#getTierView(int):155;0.0
tachyon.worker.block$BlockMetadataManagerView#getTierViewsBelow(int):181;0.0
tachyon.worker.block$BlockMetadataManagerView#getNextTier(tachyon.worker.block.meta.StorageTierView):192;0.0
tachyon.worker.block$BlockMetadataManagerView#getAvailableBytes(tachyon.worker.block.BlockStoreLocation):208;0.0
tachyon.worker.block$BlockMetadataManagerView#getBlockMeta(long):220;0.0
tachyon.worker.block.meta$StorageTierView#getDirView(int):68;0.0
tachyon.worker.block.meta$StorageTierView#getTierViewAlias():75;0.0
tachyon.worker.block.meta$StorageTierView#getTierViewLevel():82;0.0
tachyon.worker.block.meta$StorageTierView#getBlockMetadataManagerView():89;0.0
tachyon.worker.block.meta$StorageDirView#getDirViewIndex():68;0.0
tachyon.worker.block.meta$StorageDirView#getCapacityBytes():94;0.0
tachyon.worker.block.meta$StorageDirView#getAvailableBytes():103;0.0
tachyon.worker.block.meta$StorageDirView#getCommittedBytes():112;0.0
tachyon.worker.block.meta$StorageDirView#getEvitableBytes():121;0.0
tachyon.worker.block.meta$StorageDirView#clearBlockMarks():135;0.0
tachyon.worker.block.meta$StorageDirView#createTempBlockMeta(long,long,long):149;0.0
tachyon.worker.block.meta$StorageDirView#getParentTierView():156;0.0
tachyon.worker.block.meta$StorageDirView#isMarkedToMoveOut(long):166;0.0
tachyon.worker.block.meta$StorageDirView#markBlockMoveIn(long,long):176;0.0
tachyon.worker.block.meta$StorageDirView#markBlockMoveOut(long,long):188;0.0
tachyon.worker.block.meta$StorageDirView#toBlockStoreLocation():200;0.0
tachyon.worker.block.allocator$Allocator$Factory#Allocator$Factory():35;0.0
tachyon.master.journal$JournalEntryType#JournalEntryType(java.lang.String,int):21;0.0
tachyon.worker.block.allocator$MaxFreeAllocator#allocateBlockWithView(long,long,tachyon.worker.block.BlockStoreLocation,tachyon.worker.block.BlockMetadataManagerView):39;0.0
tachyon.worker.block.allocator$MaxFreeAllocator#allocateBlock(long,long,tachyon.worker.block.BlockStoreLocation):56;0.0
tachyon.worker.block.allocator$MaxFreeAllocator#getCandidateDirInTier(tachyon.worker.block.meta.StorageTierView,long):88;0.0
tachyon.worker.block.evictor$Evictor$Factory#Evictor$Factory():34;0.0
tachyon.worker.block$BlockStoreEventListenerBase#onAccessBlock(long,long):25;0.0
tachyon.worker.block$BlockStoreEventListenerBase#onAbortBlock(long,long):28;0.0
tachyon.worker.block$BlockStoreEventListenerBase#onCommitBlock(long,long,tachyon.worker.block.BlockStoreLocation):31;0.0
tachyon.worker.block$BlockStoreEventListenerBase#onMoveBlockByClient(long,long,tachyon.worker.block.BlockStoreLocation,tachyon.worker.block.BlockStoreLocation):35;0.0
tachyon.worker.block$BlockStoreEventListenerBase#onMoveBlockByWorker(long,long,tachyon.worker.block.BlockStoreLocation,tachyon.worker.block.BlockStoreLocation):39;0.0
tachyon.worker.block$BlockStoreEventListenerBase#onRemoveBlockByClient(long,long):42;0.0
tachyon.worker.block$BlockStoreEventListenerBase#onRemoveBlockByWorker(long,long):45;0.0
tachyon.worker.block.evictor$EvictorBase#cascadingEvict(long,tachyon.worker.block.BlockStoreLocation,tachyon.worker.block.evictor.EvictionPlan):73;0.0
tachyon.worker.block.evictor$EvictorBase#freeSpaceWithView(long,tachyon.worker.block.BlockStoreLocation,tachyon.worker.block.BlockMetadataManagerView):169;0.0
tachyon.worker.block.evictor$EvictorBase#onRemoveBlockFromIterator(long):195;0.0
tachyon.worker.block.evictor$EvictorBase#updateBlockStoreLocation(long,tachyon.worker.block.BlockStoreLocation):207;0.0
tachyon.worker.block.evictor$LRUEvictor#getBlockIterator():66;0.0
tachyon.worker.block.evictor$LRUEvictor#onAccessBlock(long,long):72;0.0
tachyon.worker.block.evictor$LRUEvictor#onCommitBlock(long,long,tachyon.worker.block.BlockStoreLocation):78;0.0
tachyon.worker.block.evictor$LRUEvictor#onRemoveBlockByClient(long,long):83;0.0
tachyon.worker.block.evictor$LRUEvictor#onRemoveBlockByWorker(long,long):88;0.0
tachyon.worker.block.evictor$LRUEvictor#onRemoveBlockFromIterator(long):93;0.0
tachyon$Sessions#removeSession(long):73;0.0
tachyon$Sessions#sessionHeartbeat(long):85;0.0
tachyon.worker.block$BlockHeartbeatReporter#onMoveBlockByClient(long,long,tachyon.worker.block.BlockStoreLocation,tachyon.worker.block.BlockStoreLocation):69;0.0
tachyon.worker.block$BlockHeartbeatReporter#onRemoveBlockByClient(long,long):81;0.0
tachyon.worker.block$BlockHeartbeatReporter#onRemoveBlockByWorker(long,long):93;0.0
tachyon.worker.block$BlockHeartbeatReporter#onMoveBlockByWorker(long,long,tachyon.worker.block.BlockStoreLocation,tachyon.worker.block.BlockStoreLocation):106;0.0
tachyon.worker.block$BlockHeartbeatReporter#addBlockToAddedBlocks(long,long):123;0.0
tachyon.worker.block$BlockHeartbeatReporter#removeBlockFromAddedBlocks(long):136;0.0
tachyon.worker.block$BlockMetricsReporter#onAccessBlock(long,long):35;0.0
tachyon.worker.block$BlockMetricsReporter#onMoveBlockByClient(long,long,tachyon.worker.block.BlockStoreLocation,tachyon.worker.block.BlockStoreLocation):41;0.0
tachyon.worker.block$BlockMetricsReporter#onRemoveBlockByClient(long,long):50;0.0
tachyon.worker.block$BlockMetricsReporter#onMoveBlockByWorker(long,long,tachyon.worker.block.BlockStoreLocation,tachyon.worker.block.BlockStoreLocation):56;0.0
tachyon.worker.block$BlockMetricsReporter#onRemoveBlockByWorker(long,long):65;0.0
tachyon.worker.block$BlockMetricsReporter#onAbortBlock(long,long):70;0.0
tachyon.worker.block$BlockMetricsReporter#updateClientMetrics(java.util.List):79;0.0
tachyon.worker$WorkerSource$1#getValue():142;0.0
tachyon.worker$WorkerSource$2#getValue():149;0.0
tachyon.worker$WorkerSource$3#getValue():156;0.0
tachyon.worker$WorkerSource$4#getValue():164;0.0
tachyon.worker$DataServer$Factory#DataServer$Factory():33;0.0
tachyon.worker.netty$NettyDataServer#NettyDataServer(java.net.InetSocketAddress,tachyon.worker.block.BlockDataManager,tachyon.conf.TachyonConf):50;0.0
tachyon.worker.netty$NettyDataServer#close():65;0.0
tachyon.worker.netty$NettyDataServer#createBootstrap():73;0.0
tachyon.worker.netty$NettyDataServer#getBindHost():115;0.0
tachyon.worker.netty$NettyDataServer#getPort():125;0.0
tachyon.worker.netty$NettyDataServer#isClosed():130;0.0
tachyon.worker.netty$NettyDataServer#createBootstrapOfType(tachyon.network.ChannelType):141;0.0
tachyon.worker.netty$DataServerHandler#DataServerHandler(tachyon.worker.block.BlockDataManager,tachyon.conf.TachyonConf):66;0.0
tachyon.worker.netty$DataServerHandler#channelRead0(io.netty.channel.ChannelHandlerContext,tachyon.network.protocol.RPCMessage):76;0.0
tachyon.worker.netty$DataServerHandler#exceptionCaught(io.netty.channel.ChannelHandlerContext,java.lang.Throwable):93;0.0
tachyon.worker.netty$DataServerHandler#handleBlockReadRequest(io.netty.channel.ChannelHandlerContext,tachyon.network.protocol.RPCBlockReadRequest):99;0.0
tachyon.worker.netty$DataServerHandler#handleBlockWriteRequest(io.netty.channel.ChannelHandlerContext,tachyon.network.protocol.RPCBlockWriteRequest):157;0.0
tachyon.worker.netty$DataServerHandler#returnLength(long,long,long):206;0.0
tachyon.worker.netty$DataServerHandler#validateBounds(tachyon.network.protocol.RPCBlockReadRequest,long):210;0.0
tachyon.worker.netty$DataServerHandler#getDataBuffer(tachyon.network.protocol.RPCBlockReadRequest,tachyon.worker.block.io.BlockReader,long):231;0.0
tachyon.worker.netty$FileTransferType#FileTransferType(java.lang.String,int):23;0.0
tachyon.master.file.meta$Inode#restore():211;0.0
tachyon.master.file.meta$Inode#toString():261;0.0
tachyon.master.file.meta$InodeDirectory#addChildren(tachyon.master.file.meta.Inode[]):84;0.0
tachyon.master.file.meta$InodeDirectory#getChild(long):120;0.0
tachyon.master.file.meta$InodeDirectory#removeChild(java.lang.String):173;0.0
tachyon.master.file.meta$InodeDirectory#toString():178;0.0
tachyon.master.file.journal$InodeEntry#hashCode():64;0.0
tachyon.master.file.journal$InodeEntry#equals(java.lang.Object):70;0.0
tachyon.master.file.journal$InodeDirectoryEntry#toInodeDirectory():37;0.0
tachyon.master.file.journal$InodeDirectoryEntry#hashCode():60;0.0
tachyon.master.file.journal$InodeDirectoryEntry#equals(java.lang.Object):65;0.0
tachyon.worker.netty$PipelineHandler#PipelineHandler(tachyon.worker.netty.DataServerHandler):33;0.0
tachyon.worker.netty$PipelineHandler#initChannel(io.netty.channel.socket.SocketChannel):39;0.0
tachyon.master.file.journal$InodeDirectoryIdGeneratorEntry#getContainerId():35;0.0
tachyon.master.file.journal$InodeDirectoryIdGeneratorEntry#getSequenceNumber():39;0.0
tachyon.metrics.sink$MetricsServlet#start():86;0.0
tachyon.metrics.sink$MetricsServlet#stop():89;0.0
tachyon.metrics.sink$MetricsServlet#report():92;0.0
tachyon.worker.block$BlockServiceHandler#accessBlock(long):56;0.0
tachyon.worker.block$BlockServiceHandler#persistFile(long,long,java.lang.String):75;0.0
tachyon.worker.block$BlockServiceHandler#asyncCheckpoint(long):86;0.0
tachyon.worker.block$BlockServiceHandler#cacheBlock(long,long):103;0.0
tachyon.worker.block$BlockServiceHandler#cancelBlock(long,long):124;0.0
tachyon.worker.block$BlockServiceHandler#lockBlock(long,long):143;0.0
tachyon.worker.block$BlockServiceHandler#promoteBlock(long):164;0.0
tachyon.worker.block$BlockServiceHandler#requestBlockLocation(long,long,long):192;0.0
tachyon.worker.block$BlockServiceHandler#requestSpace(long,long,long):212;0.0
tachyon.worker.block$BlockServiceHandler#unlockBlock(long,long):232;0.0
tachyon.worker.block$BlockServiceHandler#sessionHeartbeat(long,java.util.List):248;0.0
tachyon.web$UIWebServer#setHandler(org.eclipse.jetty.server.handler.AbstractHandler):106;0.0
tachyon.web$UIWebServer#getServer():113;0.0
tachyon.web$UIWebServer#getBindHost():122;0.0
tachyon.web$UIWebServer#getLocalPort():132;0.0
tachyon.worker$WorkerIdRegistry#WorkerIdRegistry():48;0.0
tachyon.worker$WorkerIdRegistry#setWorkerIdForTesting(long):76;0.0
tachyon.web$WebInterfaceGeneralServlet#doGet(javax.servlet.http.HttpServletRequest,javax.servlet.http.HttpServletResponse):103;0.0
tachyon.web$WebInterfaceGeneralServlet#doPost(javax.servlet.http.HttpServletRequest,javax.servlet.http.HttpServletResponse):111;0.0
tachyon.web$WebInterfaceGeneralServlet#generateOrderedStorageTierInfo():121;0.0
tachyon.web$WebInterfaceGeneralServlet#populateValues(javax.servlet.http.HttpServletRequest):144;0.0
tachyon.web$WebInterfaceWorkersServlet#doGet(javax.servlet.http.HttpServletRequest,javax.servlet.http.HttpServletResponse):140;0.0
tachyon.web$WebInterfaceWorkersServlet#generateOrderedNodeInfos(java.util.Collection):151;0.0
tachyon.web$WebInterfaceWorkersServlet#populateValues(javax.servlet.http.HttpServletRequest):168;0.0
tachyon.web$WebInterfaceConfigurationServlet#doGet(javax.servlet.http.HttpServletRequest,javax.servlet.http.HttpServletResponse):66;0.0
tachyon.web$WebInterfaceConfigurationServlet#getSortedProperties():73;0.0
tachyon.web$WebInterfaceBrowseServlet#displayFile(tachyon.TachyonURI,javax.servlet.http.HttpServletRequest,long):76;0.0
tachyon.web$WebInterfaceBrowseServlet#doGet(javax.servlet.http.HttpServletRequest,javax.servlet.http.HttpServletResponse):131;0.0
tachyon.web$WebInterfaceBrowseServlet#setPathDirectories(tachyon.TachyonURI,javax.servlet.http.HttpServletRequest):277;0.0
tachyon.web$WebInterfaceMemoryServlet#doGet(javax.servlet.http.HttpServletRequest,javax.servlet.http.HttpServletResponse):58;0.0
tachyon.web$WebInterfaceDependencyServlet#doGet(javax.servlet.http.HttpServletRequest,javax.servlet.http.HttpServletResponse):43;0.0
tachyon.web$WebInterfaceDependencyServlet#doPost(javax.servlet.http.HttpServletRequest,javax.servlet.http.HttpServletResponse):57;0.0
tachyon.web$WebInterfaceDownloadServlet#doGet(javax.servlet.http.HttpServletRequest,javax.servlet.http.HttpServletResponse):72;0.0
tachyon.web$WebInterfaceDownloadServlet#downloadFile(tachyon.TachyonURI,javax.servlet.http.HttpServletRequest,javax.servlet.http.HttpServletResponse):108;0.0
tachyon.web$WebInterfaceDownloadLocalServlet#doGet(javax.servlet.http.HttpServletRequest,javax.servlet.http.HttpServletResponse):59;0.0
tachyon.web$WebInterfaceDownloadLocalServlet#downloadLogFile(java.io.File,javax.servlet.http.HttpServletRequest,javax.servlet.http.HttpServletResponse):93;0.0
tachyon.web$WebInterfaceBrowseLogsServlet#displayLocalFile(java.io.File,javax.servlet.http.HttpServletRequest,long):68;0.0
tachyon.web$WebInterfaceBrowseLogsServlet#doGet(javax.servlet.http.HttpServletRequest,javax.servlet.http.HttpServletResponse):110;0.0
tachyon.web$WebInterfaceBrowseLogsServlet$1#accept(java.io.File,java.lang.String):47;0.0
tachyon.web$WebInterfaceHeaderServlet#doGet(javax.servlet.http.HttpServletRequest,javax.servlet.http.HttpServletResponse):53;0.0
tachyon.metrics.sink$MetricsServlet$1#doGet(javax.servlet.http.HttpServletRequest,javax.servlet.http.HttpServletResponse):63;0.0
tachyon.master.block$BlockMasterServiceHandler#workerCommitBlock(long,long,int,long,long):65;0.0
tachyon.master.block$BlockMasterServiceHandler#getWorkerInfoList():70;0.0
tachyon.master.block$BlockMasterServiceHandler#getCapacityBytes():75;0.0
tachyon.master.block$BlockMasterServiceHandler#getUsedBytes():80;0.0
tachyon.master.block$BlockMasterServiceHandler#getBlockInfo(long):86;0.0
tachyon.master.file$FileSystemMasterServiceHandler#persistFile(long,long):50;0.0
tachyon.master.file$FileSystemMasterServiceHandler#getFileId(java.lang.String):59;0.0
tachyon.master.file$FileSystemMasterServiceHandler#getFileInfo(long):68;0.0
tachyon.master.file$FileSystemMasterServiceHandler#getFileInfoList(long):77;0.0
tachyon.master.file$FileSystemMasterServiceHandler#getFileBlockInfo(long,int):86;0.0
tachyon.master.file$FileSystemMasterServiceHandler#getFileBlockInfoList(long):95;0.0
tachyon.master.file$FileSystemMasterServiceHandler#getNewBlockIdForFile(long):104;0.0
tachyon.master.file$FileSystemMasterServiceHandler#getUfsAddress():112;0.0
tachyon.master.file$FileSystemMasterServiceHandler#create(java.lang.String,tachyon.thrift.CreateTOptions):120;0.0
tachyon.master.file$FileSystemMasterServiceHandler#completeFile(long):131;0.0
tachyon.master.file$FileSystemMasterServiceHandler#deleteFile(long,boolean):141;0.0
tachyon.master.file$FileSystemMasterServiceHandler#renameFile(long,java.lang.String):153;0.0
tachyon.master.file$FileSystemMasterServiceHandler#setPinned(long,boolean):164;0.0
tachyon.master.file$FileSystemMasterServiceHandler#mkdir(java.lang.String,tachyon.thrift.MkdirTOptions):174;0.0
tachyon.master.file$FileSystemMasterServiceHandler#free(long,boolean):186;0.0
tachyon.master.file$FileSystemMasterServiceHandler#reportLostFile(long):195;0.0
tachyon.master.file$FileSystemMasterServiceHandler#loadMetadata(java.lang.String,boolean):205;0.0
tachyon.master.file$FileSystemMasterServiceHandler#mount(java.lang.String,java.lang.String):217;0.0
tachyon.master.file$FileSystemMasterServiceHandler#unmount(java.lang.String):228;0.0
tachyon.master.rawtable$RawTableMasterServiceHandler#createRawTable(java.lang.String,int,java.nio.ByteBuffer):40;0.0
tachyon.master.rawtable$RawTableMasterServiceHandler#getRawTableId(java.lang.String):51;0.0
tachyon.master.rawtable$RawTableMasterServiceHandler#getClientRawTableInfoById(long):62;0.0
tachyon.master.rawtable$RawTableMasterServiceHandler#getClientRawTableInfoByPath(java.lang.String):72;0.0
tachyon.master.rawtable$RawTableMasterServiceHandler#updateRawTableMetadata(long,java.nio.ByteBuffer):83;0.0
tachyon.master.block.meta$MasterWorkerInfo#addBlock(long):132;0.0
tachyon.master.block.meta$MasterWorkerInfo#removeBlock(long):141;0.0
tachyon.master.block.meta$MasterWorkerInfo#generateClientWorkerInfo():149;0.0
tachyon.master.block.meta$MasterWorkerInfo#getAvailableBytes():172;0.0
tachyon.master.block.meta$MasterWorkerInfo#getBlocks():179;0.0
tachyon.master.block.meta$MasterWorkerInfo#getUsedBytes():214;0.0
tachyon.master.block.meta$MasterWorkerInfo#getTotalBytesOnTiers():221;0.0
tachyon.master.block.meta$MasterWorkerInfo#getUsedBytesOnTiers():228;0.0
tachyon.master.block.meta$MasterWorkerInfo#getStartTime():235;0.0
tachyon.master.block.meta$MasterWorkerInfo#getFreeBytesOnTiers():242;0.0
tachyon.master.block.meta$MasterWorkerInfo#setLastUpdatedTimeMs(long):279;0.0
tachyon.master.block.meta$MasterWorkerInfo#updateToRemovedBlock(boolean,long):289;0.0
tachyon.master.block.meta$MasterWorkerInfo#updateUsedBytes(int,long):318;0.0
tachyon.web$WebInterfaceWorkerGeneralServlet#doGet(javax.servlet.http.HttpServletRequest,javax.servlet.http.HttpServletResponse):107;0.0
tachyon.web$WebInterfaceWorkerGeneralServlet#populateValues(javax.servlet.http.HttpServletRequest):118;0.0
tachyon.web$WebInterfaceWorkerGeneralServlet$UiWorkerInfo#getStartTime():81;0.0
tachyon.web$WebInterfaceWorkerGeneralServlet$UiWorkerInfo#getUptime():85;0.0
tachyon.web$WebInterfaceWorkerGeneralServlet$UiWorkerInfo#getWorkerAddress():89;0.0
tachyon.web$WebInterfaceWorkerBlockInfoServlet#doGet(javax.servlet.http.HttpServletRequest,javax.servlet.http.HttpServletResponse):73;0.0
tachyon.web$WebInterfaceWorkerBlockInfoServlet#getSortedFileIds():165;0.0
tachyon.web$WebInterfaceWorkerBlockInfoServlet#getUiFileInfo(tachyon.client.file.TachyonFileSystem,long):190;0.0
tachyon.web$WebInterfaceWorkerBlockInfoServlet#getUiFileInfo(tachyon.client.file.TachyonFileSystem,tachyon.TachyonURI):204;0.0
tachyon.web$WebInterfaceWorkerBlockInfoServlet#getUiFileInfo(tachyon.client.file.TachyonFileSystem,long,tachyon.TachyonURI):220;0.0
tachyon.worker.block$BlockStoreMeta#getAliasOnTiers():79;0.0
tachyon.worker.block$BlockStoreMeta#getCapacityBytes():87;0.0
tachyon.worker.block$BlockStoreMeta#getCapacityBytesOnDirs():95;0.0
tachyon.worker.block$BlockStoreMeta#getDirPaths():103;0.0
tachyon.worker.block$BlockStoreMeta#getNumberOfBlocks():107;0.0
tachyon.worker.block$BlockStoreMeta#getUsedBytes():115;0.0
tachyon.worker.block$BlockStoreMeta#getUsedBytesOnDirs():123;0.0
tachyon$StorageDirId#StorageDirId():108;0.0
tachyon$StorageDirId#compareStorageLevel(long,long):33;0.0
tachyon$StorageDirId#getStorageDirIndex(long):56;0.0
tachyon$StorageDirId#getStorageLevel(long):66;0.0
tachyon$StorageDirId#getStorageLevelAlias(long):76;0.0
tachyon$StorageDirId#getStorageLevelAliasValue(long):86;0.0
tachyon$StorageDirId#isUnknown(long):96;0.0
tachyon$StorageDirId#unknownId():105;0.0
tachyon$SessionInfo#SessionInfo(long,int):29;0.0
tachyon$SessionInfo#getSessionId():38;0.0
tachyon$SessionInfo#heartbeat():42;0.0
tachyon$SessionInfo#timeout():46;0.0
tachyon$SessionInfo#toString():51;0.0
tachyon$SessionInfo#equals(java.lang.Object):60;0.0
tachyon$SessionInfo#hashCode():72;0.0
tachyon.master.file.options$CreateOptions#CreateOptions(tachyon.thrift.CreateTOptions):128;0.0
tachyon.master.file.options$CreateOptions#getOperationTimeMs():147;0.0
tachyon.master.file.meta.options$CreatePathOptions$Builder#setOperationTimeMs(long):69;0.0
tachyon.master.file.meta.options$CreatePathOptions#defaults():117;0.0
tachyon.master.file.meta$InodeFile$Builder#setId(long):61;0.0
tachyon.master.file.meta$InodeFile#reinit():125;0.0
tachyon.master.file.meta$InodeFile#setBlockSize(long):136;0.0
tachyon.master.file.meta$InodeFile#setTTL(long):143;0.0
tachyon.master.file.meta$InodeFile#getBlockIdByIndex(int):181;0.0
tachyon.master.file.meta$InodeFile#toString():253;0.0
tachyon.master.file.meta$InodeTree$CreatePathResult#InodeTree$CreatePathResult():647;0.0
tachyon.master.file.journal$InodeLastModificationTimeEntry#getId():43;0.0
tachyon.master.file.journal$InodeLastModificationTimeEntry#getLastModificationTimeMs():47;0.0
tachyon.master.file.journal$InodeFileEntry#toInodeFile():48;0.0
tachyon.master.file.journal$PersistFileEntry#getFileId():37;0.0
tachyon.master.file.journal$PersistFileEntry#getFileLength():41;0.0
tachyon.master.file.journal$PersistFileEntry#getOperationTimeMs():45;0.0
tachyon.master.file.journal$CompleteFileEntry#CompleteFileEntry(java.util.List,long,long,long):33;0.0
tachyon.master.file.journal$CompleteFileEntry#getBlockIds():41;0.0
tachyon.master.file.journal$CompleteFileEntry#getFileId():45;0.0
tachyon.master.file.journal$CompleteFileEntry#getFileLength():49;0.0
tachyon.master.file.journal$CompleteFileEntry#getOperationTimeMs():53;0.0
tachyon.master.file.journal$CompleteFileEntry#getType():58;0.0
tachyon.master.file.journal$CompleteFileEntry#getParameters():63;0.0
tachyon.worker.block$BlockStoreLocation#BlockStoreLocation(int,int,int):58;0.0
tachyon.worker.block$BlockStoreLocation#anyTier():45;0.0
tachyon.worker.block$BlockStoreLocation#anyDirInTier(int):55;0.0
tachyon.worker.block$BlockStoreLocation#getStorageDirId():73;0.0
tachyon.worker.block$BlockStoreLocation#tierAlias():82;0.0
tachyon.worker.block$BlockStoreLocation#tierLevel():91;0.0
tachyon.worker.block$BlockStoreLocation#dir():100;0.0
tachyon.worker.block$BlockStoreLocation#belongTo(tachyon.worker.block.BlockStoreLocation):112;0.0
tachyon.worker.block$BlockStoreLocation#toString():125;0.0
tachyon.worker.block$BlockStoreLocation#equals(java.lang.Object):148;0.0
tachyon.worker.block$BlockStoreLocation#hashCode():156;0.0
tachyon.worker.block.meta$BlockMetaBase#BlockMetaBase(long,tachyon.worker.block.meta.StorageDir):65;0.0
tachyon.worker.block.meta$BlockMetaBase#tempPath(tachyon.worker.block.meta.StorageDir,long,long):41;0.0
tachyon.worker.block.meta$BlockMetaBase#commitPath(tachyon.worker.block.meta.StorageDir,long):55;0.0
tachyon.worker.block.meta$BlockMetaBase#getBlockId():74;0.0
tachyon.worker.block.meta$BlockMetaBase#getBlockLocation():81;0.0
tachyon.worker.block.meta$BlockMetaBase#getParentDir():89;0.0
tachyon.worker.block.meta$TempBlockMeta#TempBlockMeta(long,long,long,tachyon.worker.block.meta.StorageDir):34;0.0
tachyon.worker.block.meta$TempBlockMeta#getBlockSize():41;0.0
tachyon.worker.block.meta$TempBlockMeta#getPath():46;0.0
tachyon.worker.block.meta$TempBlockMeta#getCommitPath():53;0.0
tachyon.worker.block.meta$TempBlockMeta#getSessionId():60;0.0
tachyon.worker.block.meta$TempBlockMeta#setBlockSize(long):67;0.0
tachyon.master.block.meta$MasterBlockInfo#addWorker(long,int):68;0.0
tachyon.master.block.meta$MasterBlockInfo#removeWorker(long):77;0.0
tachyon.master.block.meta$MasterBlockInfo#getWorkers():84;0.0
tachyon.master.block.meta$MasterBlockInfo#getNumLocations():91;0.0
tachyon.master.block.meta$MasterBlockInfo#isInMemory():117;0.0
tachyon.master.block.meta$MasterBlockInfo#toString():127;0.0
tachyon.master.block.journal$BlockInfoEntry#getBlockId():38;0.0
tachyon.master.block.journal$BlockInfoEntry#getLength():42;0.0
tachyon.worker.block$BlockLockType#BlockLockType(java.lang.String,int,int):27;0.0
tachyon.worker.block$BlockLockType#getValue():32;0.0
tachyon.worker.block$ClientRWLock$SessionLock#ClientRWLock$SessionLock(tachyon.worker.block.ClientRWLock,int):49;0.0
tachyon.worker.block$ClientRWLock$SessionLock#lock():55;0.0
tachyon.worker.block$ClientRWLock$SessionLock#lockInterruptibly():60;0.0
tachyon.worker.block$ClientRWLock$SessionLock#tryLock():65;0.0
tachyon.worker.block$ClientRWLock$SessionLock#tryLock(long,java.util.concurrent.TimeUnit):71;0.0
tachyon.worker.block$ClientRWLock$SessionLock#unlock():79;0.0
tachyon.worker.block$ClientRWLock$SessionLock#newCondition():84;0.0
tachyon.worker.block$BlockLockManager$LockRecord#BlockLockManager$LockRecord(long,long,java.util.concurrent.locks.Lock):241;0.0
tachyon.worker.block$BlockLockManager$LockRecord#sessionId():248;0.0
tachyon.worker.block$BlockLockManager$LockRecord#blockId():252;0.0
tachyon.worker.block$BlockLockManager$LockRecord#lock():256;0.0
tachyon.worker.block.meta$BlockMeta#BlockMeta(long,long,tachyon.worker.block.meta.StorageDir):32;0.0
tachyon.worker.block.meta$BlockMeta#BlockMeta(tachyon.worker.block.meta.TempBlockMeta):40;0.0
tachyon.worker.block.meta$BlockMeta#getBlockSize():47;0.0
tachyon.worker.block.meta$BlockMeta#getPath():52;0.0
tachyon.master.block.meta$MasterBlockLocation#MasterBlockLocation(long,int):27;0.0
tachyon.master.block.meta$MasterBlockLocation#getWorkerId():36;0.0
tachyon.master.block.meta$MasterBlockLocation#getTier():43;0.0
tachyon.worker.block.evictor$EvictionPlan#EvictionPlan(java.util.List,java.util.List):35;0.0
tachyon.worker.block.evictor$EvictionPlan#toMove():44;0.0
tachyon.worker.block.evictor$EvictionPlan#toEvict():51;0.0
tachyon.worker.block.evictor$EvictionPlan#isEmpty():62;0.0
tachyon.worker.block.evictor$EvictionPlan#toString():67;0.0
tachyon.worker.block.evictor$EvictorUtils#EvictorUtils():113;0.0
tachyon.worker.block.evictor$EvictorUtils#getDirWithMaxFreeSpace(long,tachyon.worker.block.BlockStoreLocation,tachyon.worker.block.BlockMetadataManagerView):39;0.0
tachyon.worker.block.evictor$EvictorUtils#selectDirWithRequestedSpace(long,tachyon.worker.block.BlockStoreLocation,tachyon.worker.block.BlockMetadataManagerView):87;0.0
tachyon.worker.block.evictor$EvictionDirCandidates#EvictionDirCandidates():36;0.0
tachyon.worker.block.evictor$EvictionDirCandidates#add(tachyon.worker.block.meta.StorageDirView,long,long):53;0.0
tachyon.worker.block.evictor$EvictionDirCandidates#candidateSize():77;0.0
tachyon.worker.block.evictor$EvictionDirCandidates#candidateBlocks():85;0.0
tachyon.worker.block.evictor$EvictionDirCandidates#candidateDir():97;0.0
tachyon.worker.block.io$LocalFileBlockReader#LocalFileBlockReader(tachyon.worker.block.meta.BlockMeta):53;0.0
tachyon.worker.block.io$LocalFileBlockReader#LocalFileBlockReader(java.lang.String):62;0.0
tachyon.worker.block.io$LocalFileBlockReader#getChannel():71;0.0
tachyon.worker.block.io$LocalFileBlockReader#getLength():76;0.0
tachyon.worker.block.io$LocalFileBlockReader#read(long,long):81;0.0
tachyon.worker.block.io$LocalFileBlockReader#close():92;0.0
tachyon.worker.netty$ClosableResourceChannelListener#ClosableResourceChannelListener(java.io.Closeable):30;0.0
tachyon.worker.netty$ClosableResourceChannelListener#operationComplete(io.netty.channel.ChannelFuture):36;0.0
tachyon.master.file.meta$TTLBucket#setTTLIntervalStartTimeMs(long):52;0.0
tachyon.master.file.meta$TTLBucket#getTTLIntervalEndTimeMs():56;0.0
tachyon.master.file.options$MkdirOptions$Builder#setOperationTimeMs(long):44;0.0
tachyon.master.file.options$MkdirOptions$Builder#setPersisted(boolean):54;0.0
tachyon.master.file.options$MkdirOptions#MkdirOptions(tachyon.thrift.MkdirTOptions):100;0.0
tachyon.master.file.options$MkdirOptions#getOperationTimeMs():110;0.0
tachyon.master.rawtable.meta$RawTable#RawTable(long,int):40;0.0
tachyon.master.rawtable.meta$RawTable#RawTable(long,int,java.nio.ByteBuffer):54;0.0
tachyon.master.rawtable.meta$RawTable#getId():61;0.0
tachyon.master.rawtable.meta$RawTable#getColumns():65;0.0
tachyon.master.rawtable.meta$RawTable#getMetadata():69;0.0
tachyon.master.rawtable.meta$RawTable#setMetadata(java.nio.ByteBuffer):79;0.0
tachyon.master.rawtable.meta$RawTable#toJournalEntry():84;0.0
tachyon.master.rawtable.journal$RawTableEntry#RawTableEntry(long,int,java.nio.ByteBuffer):39;0.0
tachyon.master.rawtable.journal$RawTableEntry#getType():47;0.0
tachyon.master.rawtable.journal$RawTableEntry#getParameters():52;0.0
tachyon.master.rawtable.journal$UpdateMetadataEntry#UpdateMetadataEntry(long,java.nio.ByteBuffer):37;0.0
tachyon.master.rawtable.journal$UpdateMetadataEntry#getType():44;0.0
tachyon.master.rawtable.journal$UpdateMetadataEntry#getParameters():49;0.0
tachyon.master.file.journal$PersistDirectoryEntry#PersistDirectoryEntry(long,boolean):29;0.0
tachyon.master.file.journal$PersistDirectoryEntry#getId():35;0.0
tachyon.master.file.journal$PersistDirectoryEntry#isPersisted():39;0.0
tachyon.master.file.journal$PersistDirectoryEntry#getType():44;0.0
tachyon.master.file.journal$PersistDirectoryEntry#getParameters():49;0.0
tachyon.master.file.options$CreateOptions$Builder#setPersisted(boolean):68;0.0
tachyon.worker.nio$NIODataServer#accept(java.nio.channels.SelectionKey):104;0.0
tachyon.worker.nio$NIODataServer#getBindHost():124;0.0
tachyon.worker.nio$NIODataServer#read(java.nio.channels.SelectionKey):177;0.0
tachyon.worker.nio$NIODataServer#write(java.nio.channels.SelectionKey):292;0.0
tachyon.master.file.journal$SetPinnedEntry#SetPinnedEntry(long,boolean,long):40;0.0
tachyon.master.file.journal$SetPinnedEntry#getId():47;0.0
tachyon.master.file.journal$SetPinnedEntry#getPinned():51;0.0
tachyon.master.file.journal$SetPinnedEntry#getOperationTimeMs():55;0.0
tachyon.master.file.journal$SetPinnedEntry#getType():60;0.0
tachyon.master.file.journal$SetPinnedEntry#getParameters():65;0.0
tachyon.worker.block$BlockMasterSync$BlockRemover#BlockMasterSync$BlockRemover(tachyon.worker.block.BlockMasterSync,tachyon.worker.block.BlockDataManager,long,long):214;0.0
tachyon.worker.block$BlockMasterSync$BlockRemover#run():223;0.0
tachyon.master.journal$JsonJournalFormatter$1#getNextEntry():248;0.0
tachyon.master.journal$JsonJournalFormatter$1#close():422;0.0
tachyon.master.journal$JsonJournalFormatter$1#getLatestSequenceNumber():427;0.0
