name;suspiciousness_value
org.neo4j.server.security.enterprise.auth$LdapRealm#isExceptionAnLdapConnectionTimeout(java.lang.Exception):397;0.9906687402799377
org.neo4j.server.security.enterprise.log$SecurityLog#error(java.lang.String):180;0.9815100154083206
org.neo4j.server.security.enterprise.auth$ShiroAuthToken#toString():85;0.9710365853658536
org.neo4j.server.security.enterprise.auth$ShiroAuthToken#keyValueString(java.lang.String):108;0.9710365853658536
org.neo4j.server.security.enterprise.auth$LdapRealm#stop():628;0.9451038575667655
org.neo4j.server.security.enterprise.auth$LdapRealm#shutdown():633;0.9451038575667655
org.neo4j.server.security.enterprise.auth$LdapRealm#server(org.apache.shiro.realm.ldap.JndiLdapContextFactory):134;0.9423076923076923
org.neo4j.server.security.enterprise.auth$LdapRealm#queryForAuthenticationInfo(org.apache.shiro.authc.AuthenticationToken,org.apache.shiro.realm.ldap.LdapContextFactory):143;0.9409158050221565
org.neo4j.server.security.enterprise.auth$LdapRealm#supports(org.apache.shiro.authc.AuthenticationToken):344;0.9381443298969072
org.neo4j.server.security.enterprise.auth$LdapRealm#supportsSchemeAndRealm(org.apache.shiro.authc.AuthenticationToken):351;0.9381443298969072
org.neo4j.server.security.enterprise.auth$LdapRealm#start():623;0.9381443298969072
org.neo4j.server.security.enterprise.auth$LdapRealm#withRealm(java.lang.String,java.lang.Object[]):129;0.936764705882353
org.neo4j.server.security.enterprise.auth$LdapRealm#assertValidUserSearchSettings():565;0.934017595307918
org.neo4j.server.security.enterprise.auth$LdapRealm#initialize():613;0.934017595307918
org.neo4j.server.security.enterprise.auth$SecureHasher#getHashedCredentialsMatcher():56;0.9312865497076024
org.neo4j.server.security.enterprise.auth$ShiroAuthToken#getCredentials():54;0.9245283018867924
org.neo4j.server.security.enterprise.auth$ShiroCaffeineCache$Manager#getCache(java.lang.String):121;0.9191919191919192
org.neo4j.server.security.enterprise.auth$ShiroCaffeineCache$Manager#lambda$getCache$0(java.lang.String):121;0.9191919191919192
org.neo4j.server.security.enterprise.auth$ShiroCaffeineCache#ShiroCaffeineCache(com.github.benmanes.caffeine.cache.Ticker,long,int):43;0.9191919191919192
org.neo4j.server.security.enterprise.auth$ShiroCaffeineCache#get(java.lang.Object):63;0.9191919191919192
org.neo4j.server.security.enterprise.auth$LdapRealm#LdapRealm(org.neo4j.kernel.configuration.Config,org.neo4j.server.security.enterprise.log.SecurityLog,org.neo4j.server.security.enterprise.auth.SecureHasher):111;0.9099999999999999
org.neo4j.server.security.enterprise.auth$LdapRealm#configureRealm(org.neo4j.kernel.configuration.Config):419;0.9099999999999999
org.neo4j.server.security.enterprise.auth$LdapRealm#parseLdapServerUrl(java.lang.String):458;0.9099999999999999
org.neo4j.server.security.enterprise.auth$LdapRealm#parseGroupToRoleMapping(java.lang.String):464;0.9099999999999999
org.neo4j.server.security.enterprise.auth$ShiroCaffeineCache#ShiroCaffeineCache(com.github.benmanes.caffeine.cache.Ticker,java.util.concurrent.Executor,long,int):47;0.9022662889518415
org.neo4j.server.security.enterprise.log$SecurityLog#error(java.lang.String,java.lang.Object[]):192;0.8946629213483146
org.neo4j.server.security.enterprise.auth$ShiroAuthToken#getPrincipal():48;0.845949535192563
org.neo4j.server.security.enterprise.configuration$SecuritySettings#lambda$static$0(java.lang.String):74;0.5986842105263158
org.neo4j.server.security.enterprise.log$SecurityLog#lambda$new$0(java.util.concurrent.Executor,org.neo4j.logging.async.AsyncLogEvent):59;0.5947712418300654
org.neo4j.server.security.enterprise.log$SecurityLog#create(org.neo4j.kernel.configuration.Config,org.neo4j.logging.Log,org.neo4j.io.fs.FileSystemAbstraction,org.neo4j.kernel.impl.util.JobScheduler):211;0.5914577530176416
org.neo4j.server.security.enterprise.configuration$SecuritySettings#lambda$static$8(java.util.List):111;0.5914577530176416
org.neo4j.server.security.enterprise.configuration$SecuritySettings#lambda$null$7(java.lang.String):111;0.5914577530176416
org.neo4j.server.security.enterprise.configuration$SecuritySettings#lambda$static$6(java.util.List):104;0.5914577530176416
org.neo4j.server.security.enterprise.configuration$SecuritySettings#lambda$null$5(java.lang.String):104;0.5914577530176416
org.neo4j.server.security.enterprise.auth$EnterpriseSecurityModule#setup(org.neo4j.kernel.api.security.SecurityModule$Dependencies):79;0.5914577530176416
org.neo4j.server.security.enterprise.log$SecurityLog#shutdown():223;0.5909090909090909
org.neo4j.server.security.enterprise.auth$EnterpriseSecurityModule#createCacheManager(org.neo4j.kernel.configuration.Config):201;0.5909090909090909
org.neo4j.server.security.enterprise.log$SecurityLog#SecurityLog(org.neo4j.kernel.configuration.Config,org.neo4j.io.fs.FileSystemAbstraction,java.util.concurrent.Executor):47;0.5903614457831325
org.neo4j.server.security.enterprise.configuration$SecuritySettings#lambda$static$9(java.io.File):274;0.5903614457831325
org.neo4j.server.security.enterprise.auth$EnterpriseSecurityModule#selectOrderedActiveRealms(java.util.List,java.util.List):168;0.5903614457831325
org.neo4j.server.security.enterprise.auth$EnterpriseSecurityModule#EnterpriseSecurityModule():73;0.5881809787626963
org.neo4j.server.security.enterprise.auth$EnterpriseSecurityModule#newAuthManager(org.neo4j.kernel.configuration.Config,org.neo4j.logging.LogProvider,org.neo4j.server.security.enterprise.log.SecurityLog,org.neo4j.io.fs.FileSystemAbstraction,org.neo4j.kernel.impl.util.JobScheduler):131;0.5881809787626963
org.neo4j.server.security.enterprise.auth$EnterpriseSecurityModule$SecurityConfig#EnterpriseSecurityModule$SecurityConfig(org.neo4j.server.security.enterprise.auth.EnterpriseSecurityModule,org.neo4j.kernel.configuration.Config):333;0.5881809787626963
org.neo4j.server.security.enterprise.auth$EnterpriseSecurityModule$SecurityConfig#validate():351;0.5881809787626963
org.neo4j.server.security.enterprise.auth$EnterpriseSecurityModule$SecurityConfig#lambda$new$0(java.lang.String):338;0.5881809787626963
org.neo4j.server.security.enterprise.auth$ShiroCaffeineCache$Manager#ShiroCaffeineCache$Manager(com.github.benmanes.caffeine.cache.Ticker,long,int):110;0.5881809787626963
org.neo4j.server.security.enterprise.auth$ShiroAuthToken#getScheme():59;0.5801457194899818
org.neo4j.server.security.enterprise.auth$SecureHasher#SecureHasher():28;0.5759493670886076
org.neo4j.server.security.enterprise.auth$MultiRealmAuthManager#login(java.util.Map):96;0.5738738738738739
org.neo4j.server.security.enterprise.auth$MultiRealmAuthManager#assertValidScheme(org.neo4j.server.security.enterprise.auth.ShiroAuthToken):145;0.5738738738738739
org.neo4j.server.security.enterprise.auth$ShiroAuthToken#getSchemeSilently():64;0.5738738738738739
org.neo4j.server.security.enterprise.auth$ShiroAuthToken#supportsRealm(java.lang.String):76;0.5733573357335734
org.neo4j.server.security.enterprise.auth$ShiroAuthToken#ShiroAuthToken(java.util.Map):41;0.5697674418604651
org.neo4j.server.security.enterprise.auth$MultiRealmAuthManager#stop():191;0.5672306322350846
org.neo4j.server.security.enterprise.auth$MultiRealmAuthManager#shutdown():203;0.5672306322350846
org.neo4j.server.security.enterprise.auth$MultiRealmAuthManager#start():179;0.5607394366197183
org.neo4j.server.security.enterprise.auth$MultiRealmAuthManager#init():159;0.5597539543057997
org.neo4j.server.security.enterprise.auth$MultiRealmAuthManager#MultiRealmAuthManager(org.neo4j.server.security.enterprise.auth.EnterpriseUserManager,java.util.Collection,org.apache.shiro.cache.CacheManager,org.neo4j.server.security.enterprise.log.SecurityLog,boolean):67;0.559262510974539
org.neo4j.server.security.enterprise.auth$MultiRealmAuthManager#createSubjectDAO():84;0.559262510974539
org.neo4j.server.security.enterprise.auth$ShiroSubjectFactory#ShiroSubjectFactory():29;0.559262510974539
org.neo4j.server.security.enterprise.auth$ShiroAuthenticationStrategy#ShiroAuthenticationStrategy():30;0.559262510974539
org.neo4j.server.security.enterprise.auth$InternalFlatFileRealm#InternalFlatFileRealm(org.neo4j.server.security.auth.UserRepository,org.neo4j.server.security.enterprise.auth.RoleRepository,org.neo4j.server.security.auth.PasswordPolicy,org.neo4j.server.security.auth.AuthenticationStrategy,org.neo4j.kernel.impl.util.JobScheduler,org.neo4j.server.security.auth.UserRepository,org.neo4j.server.security.auth.UserRepository):96;0.0
org.neo4j.server.security.enterprise.auth$InternalFlatFileRealm#InternalFlatFileRealm(org.neo4j.server.security.auth.UserRepository,org.neo4j.server.security.enterprise.auth.RoleRepository,org.neo4j.server.security.auth.PasswordPolicy,org.neo4j.server.security.auth.AuthenticationStrategy,boolean,boolean,org.neo4j.kernel.impl.util.JobScheduler,org.neo4j.server.security.auth.UserRepository,org.neo4j.server.security.auth.UserRepository):105;0.0
org.neo4j.server.security.enterprise.auth$InternalFlatFileRealm#initialize():128;0.0
org.neo4j.server.security.enterprise.auth$InternalFlatFileRealm#start():137;0.0
org.neo4j.server.security.enterprise.auth$InternalFlatFileRealm#scheduleNextFileReload():150;0.0
org.neo4j.server.security.enterprise.auth$InternalFlatFileRealm#readFilesFromDisk():160;0.0
org.neo4j.server.security.enterprise.auth$InternalFlatFileRealm#readFilesFromDisk(int,java.util.List):170;0.0
org.neo4j.server.security.enterprise.auth$InternalFlatFileRealm#ensureDefaultUsers():217;0.0
org.neo4j.server.security.enterprise.auth$InternalFlatFileRealm#ensureDefaultRoles(java.util.Set):239;0.0
org.neo4j.server.security.enterprise.auth$InternalFlatFileRealm#stop():301;0.0
org.neo4j.server.security.enterprise.auth$InternalFlatFileRealm#shutdown():316;0.0
org.neo4j.server.security.enterprise.auth$InternalFlatFileRealm#supports(org.apache.shiro.authc.AuthenticationToken):328;0.0
org.neo4j.server.security.enterprise.auth$InternalFlatFileRealm#doGetAuthorizationInfo(org.apache.shiro.subject.PrincipalCollection):345;0.0
org.neo4j.server.security.enterprise.auth$InternalFlatFileRealm#doGetAuthenticationInfo(org.apache.shiro.authc.AuthenticationToken):376;0.0
org.neo4j.server.security.enterprise.auth$InternalFlatFileRealm#getAuthorizationInfoSnapshot(org.apache.shiro.subject.PrincipalCollection):433;0.0
org.neo4j.server.security.enterprise.auth$InternalFlatFileRealm#numberOfUsers():438;0.0
org.neo4j.server.security.enterprise.auth$InternalFlatFileRealm#numberOfRoles():443;0.0
org.neo4j.server.security.enterprise.auth$InternalFlatFileRealm#newUser(java.lang.String,java.lang.String,boolean):450;0.0
org.neo4j.server.security.enterprise.auth$InternalFlatFileRealm#newRole(java.lang.String,java.lang.String[]):469;0.0
org.neo4j.server.security.enterprise.auth$InternalFlatFileRealm#deleteRole(java.lang.String):493;0.0
org.neo4j.server.security.enterprise.auth$InternalFlatFileRealm#getRole(java.lang.String):515;0.0
org.neo4j.server.security.enterprise.auth$InternalFlatFileRealm#silentlyGetRole(java.lang.String):526;0.0
org.neo4j.server.security.enterprise.auth$InternalFlatFileRealm#addRoleToUser(java.lang.String,java.lang.String):532;0.0
org.neo4j.server.security.enterprise.auth$InternalFlatFileRealm#removeRoleFromUser(java.lang.String,java.lang.String):556;0.0
org.neo4j.server.security.enterprise.auth$InternalFlatFileRealm#deleteUser(java.lang.String):582;0.0
org.neo4j.server.security.enterprise.auth$InternalFlatFileRealm#getUser(java.lang.String):597;0.0
org.neo4j.server.security.enterprise.auth$InternalFlatFileRealm#silentlyGetUser(java.lang.String):608;0.0
org.neo4j.server.security.enterprise.auth$InternalFlatFileRealm#setUserPassword(java.lang.String,java.lang.String,boolean):615;0.0
org.neo4j.server.security.enterprise.auth$InternalFlatFileRealm#suspendUser(java.lang.String):645;0.0
org.neo4j.server.security.enterprise.auth$InternalFlatFileRealm#activateUser(java.lang.String,boolean):669;0.0
org.neo4j.server.security.enterprise.auth$InternalFlatFileRealm#getAllRoleNames():695;0.0
org.neo4j.server.security.enterprise.auth$InternalFlatFileRealm#getRoleNamesForUser(java.lang.String):701;0.0
org.neo4j.server.security.enterprise.auth$InternalFlatFileRealm#silentlyGetRoleNamesForUser(java.lang.String):708;0.0
org.neo4j.server.security.enterprise.auth$InternalFlatFileRealm#getUsernamesForRole(java.lang.String):714;0.0
org.neo4j.server.security.enterprise.auth$InternalFlatFileRealm#silentlyGetUsernamesForRole(java.lang.String):721;0.0
org.neo4j.server.security.enterprise.auth$InternalFlatFileRealm#getAllUsernames():728;0.0
org.neo4j.server.security.enterprise.auth$InternalFlatFileRealm#removeUserFromAllRoles(java.lang.String):736;0.0
org.neo4j.server.security.enterprise.auth$InternalFlatFileRealm#assertNotPredefinedRoleName(java.lang.String):747;0.0
org.neo4j.server.security.enterprise.auth$InternalFlatFileRealm#clearCachedAuthorizationInfoForUser(java.lang.String):756;0.0
org.neo4j.server.security.enterprise.auth$InternalFlatFileRealm#clearCacheForUser(java.lang.String):761;0.0
org.neo4j.server.security.enterprise.auth$AbstractRoleRepository#AbstractRoleRepository():43;0.0
org.neo4j.server.security.enterprise.auth$AbstractRoleRepository#clear():60;0.0
org.neo4j.server.security.enterprise.auth$AbstractRoleRepository#getRoleByName(java.lang.String):68;0.0
org.neo4j.server.security.enterprise.auth$AbstractRoleRepository#getRoleNamesByUsername(java.lang.String):74;0.0
org.neo4j.server.security.enterprise.auth$AbstractRoleRepository#create(org.neo4j.server.security.enterprise.auth.RoleRecord):81;0.0
org.neo4j.server.security.enterprise.auth$AbstractRoleRepository#setRoles(org.neo4j.server.security.auth.ListSnapshot):107;0.0
org.neo4j.server.security.enterprise.auth$AbstractRoleRepository#update(org.neo4j.server.security.enterprise.auth.RoleRecord,org.neo4j.server.security.enterprise.auth.RoleRecord):135;0.0
org.neo4j.server.security.enterprise.auth$AbstractRoleRepository#delete(org.neo4j.server.security.enterprise.auth.RoleRecord):178;0.0
org.neo4j.server.security.enterprise.auth$AbstractRoleRepository#numberOfRoles():209;0.0
org.neo4j.server.security.enterprise.auth$AbstractRoleRepository#assertValidRoleName(java.lang.String):215;0.0
org.neo4j.server.security.enterprise.auth$AbstractRoleRepository#removeUserFromAllRoles(java.lang.String):230;0.0
org.neo4j.server.security.enterprise.auth$AbstractRoleRepository#getAllRoleNames():247;0.0
org.neo4j.server.security.enterprise.auth$AbstractRoleRepository#populateUserMap(org.neo4j.server.security.enterprise.auth.RoleRecord):269;0.0
org.neo4j.server.security.enterprise.auth$AbstractRoleRepository#removeFromUserMap(org.neo4j.server.security.enterprise.auth.RoleRecord):283;0.0
org.neo4j.server.security.enterprise.auth$AbstractRoleRepository#lambda$setRoles$0(org.neo4j.server.security.enterprise.auth.RoleRecord):120;0.0
org.neo4j.server.security.enterprise.auth$PredefinedRolesBuilder#PredefinedRolesBuilder():35;0.0
org.neo4j.server.security.enterprise.auth$PredefinedRolesBuilder#staticBuildRoles():48;0.0
org.neo4j.server.security.enterprise.auth$PredefinedRolesBuilder#buildRoles():96;0.0
org.neo4j.server.security.enterprise.auth$PredefinedRolesBuilder$1#resolvePermissionsInRole(java.lang.String):77;0.0
org.neo4j.server.security.enterprise.auth$PersonalUserManager#PersonalUserManager(org.neo4j.server.security.enterprise.auth.EnterpriseUserManager,org.neo4j.kernel.api.security.SecurityContext,org.neo4j.server.security.enterprise.log.SecurityLog):43;0.0
org.neo4j.server.security.enterprise.auth$PersonalUserManager#newUser(java.lang.String,java.lang.String,boolean):56;0.0
org.neo4j.server.security.enterprise.auth$PersonalUserManager#suspendUser(java.lang.String):75;0.0
org.neo4j.server.security.enterprise.auth$PersonalUserManager#deleteUser(java.lang.String):97;0.0
org.neo4j.server.security.enterprise.auth$PersonalUserManager#activateUser(java.lang.String,boolean):119;0.0
org.neo4j.server.security.enterprise.auth$PersonalUserManager#getUser(java.lang.String):137;0.0
org.neo4j.server.security.enterprise.auth$PersonalUserManager#silentlyGetUser(java.lang.String):143;0.0
org.neo4j.server.security.enterprise.auth$PersonalUserManager#newRole(java.lang.String,java.lang.String[]):152;0.0
org.neo4j.server.security.enterprise.auth$PersonalUserManager#deleteRole(java.lang.String):170;0.0
org.neo4j.server.security.enterprise.auth$PersonalUserManager#setUserPassword(java.lang.String,java.lang.String,boolean):186;0.0
org.neo4j.server.security.enterprise.auth$PersonalUserManager#getAllUsernames():223;0.0
org.neo4j.server.security.enterprise.auth$PersonalUserManager#getRole(java.lang.String):236;0.0
org.neo4j.server.security.enterprise.auth$PersonalUserManager#silentlyGetRole(java.lang.String):242;0.0
org.neo4j.server.security.enterprise.auth$PersonalUserManager#addRoleToUser(java.lang.String,java.lang.String):251;0.0
org.neo4j.server.security.enterprise.auth$PersonalUserManager#removeRoleFromUser(java.lang.String,java.lang.String):269;0.0
org.neo4j.server.security.enterprise.auth$PersonalUserManager#getAllRoleNames():291;0.0
org.neo4j.server.security.enterprise.auth$PersonalUserManager#getRoleNamesForUser(java.lang.String):307;0.0
org.neo4j.server.security.enterprise.auth$PersonalUserManager#silentlyGetRoleNamesForUser(java.lang.String):320;0.0
org.neo4j.server.security.enterprise.auth$PersonalUserManager#getUsernamesForRole(java.lang.String):329;0.0
org.neo4j.server.security.enterprise.auth$PersonalUserManager#silentlyGetUsernamesForRole(java.lang.String):342;0.0
org.neo4j.server.security.enterprise.auth$PersonalUserManager#assertSelfOrAdmin(java.lang.String):347;0.0
org.neo4j.server.security.enterprise.auth$PersonalUserManager#assertAdmin():355;0.0
org.neo4j.server.security.enterprise.log$SecurityLog#SecurityLog(org.neo4j.logging.Log):64;0.0
org.neo4j.server.security.enterprise.log$SecurityLog#withSubject(org.neo4j.kernel.api.security.AuthSubject,java.lang.String):70;0.0
org.neo4j.server.security.enterprise.log$SecurityLog#isDebugEnabled():76;0.0
org.neo4j.server.security.enterprise.log$SecurityLog#debugLogger():82;0.0
org.neo4j.server.security.enterprise.log$SecurityLog#debug(java.lang.String):88;0.0
org.neo4j.server.security.enterprise.log$SecurityLog#debug(java.lang.String,java.lang.Throwable):94;0.0
org.neo4j.server.security.enterprise.log$SecurityLog#debug(java.lang.String,java.lang.Object[]):100;0.0
org.neo4j.server.security.enterprise.log$SecurityLog#debug(org.neo4j.kernel.api.security.AuthSubject,java.lang.String,java.lang.Object[]):105;0.0
org.neo4j.server.security.enterprise.log$SecurityLog#infoLogger():111;0.0
org.neo4j.server.security.enterprise.log$SecurityLog#info(java.lang.String):117;0.0
org.neo4j.server.security.enterprise.log$SecurityLog#info(java.lang.String,java.lang.Throwable):123;0.0
org.neo4j.server.security.enterprise.log$SecurityLog#info(java.lang.String,java.lang.Object[]):129;0.0
org.neo4j.server.security.enterprise.log$SecurityLog#info(org.neo4j.kernel.api.security.AuthSubject,java.lang.String,java.lang.Object[]):134;0.0
org.neo4j.server.security.enterprise.log$SecurityLog#info(org.neo4j.kernel.api.security.AuthSubject,java.lang.String):139;0.0
org.neo4j.server.security.enterprise.log$SecurityLog#warnLogger():145;0.0
org.neo4j.server.security.enterprise.log$SecurityLog#warn(java.lang.String):151;0.0
org.neo4j.server.security.enterprise.log$SecurityLog#warn(java.lang.String,java.lang.Throwable):157;0.0
org.neo4j.server.security.enterprise.log$SecurityLog#warn(java.lang.String,java.lang.Object[]):163;0.0
org.neo4j.server.security.enterprise.log$SecurityLog#warn(org.neo4j.kernel.api.security.AuthSubject,java.lang.String,java.lang.Object[]):168;0.0
org.neo4j.server.security.enterprise.log$SecurityLog#errorLogger():174;0.0
org.neo4j.server.security.enterprise.log$SecurityLog#error(java.lang.String,java.lang.Throwable):186;0.0
org.neo4j.server.security.enterprise.log$SecurityLog#error(org.neo4j.kernel.api.security.AuthSubject,java.lang.String,java.lang.Object[]):197;0.0
org.neo4j.server.security.enterprise.log$SecurityLog#bulk(java.util.function.Consumer):203;0.0
org.neo4j.server.security.enterprise.auth$AuthProceduresBase#AuthProceduresBase():42;0.0
org.neo4j.server.security.enterprise.auth$AuthProceduresBase#kickoutUser(java.lang.String,java.lang.String):62;0.0
org.neo4j.server.security.enterprise.auth$AuthProceduresBase#terminateTransactionsForValidUser(java.lang.String):75;0.0
org.neo4j.server.security.enterprise.auth$AuthProceduresBase#terminateConnectionsForValidUser(java.lang.String):86;0.0
org.neo4j.server.security.enterprise.auth$AuthProceduresBase#getActiveTransactions():91;0.0
org.neo4j.server.security.enterprise.auth$AuthProceduresBase#getBoltConnectionTracker():96;0.0
org.neo4j.server.security.enterprise.auth$AuthProceduresBase#getCurrentTx():101;0.0
org.neo4j.server.security.enterprise.auth$AuthProceduresBase#userResultForSubject():117;0.0
org.neo4j.server.security.enterprise.auth$AuthProceduresBase#userResultForName(java.lang.String):125;0.0
org.neo4j.server.security.enterprise.auth$AuthProceduresBase#roleResultForName(java.lang.String):156;0.0
org.neo4j.server.security.enterprise.auth$AuthProceduresBase#lambda$terminateTransactionsForValidUser$1(org.neo4j.kernel.api.KernelTransactionHandle):81;0.0
org.neo4j.server.security.enterprise.auth$AuthProceduresBase#lambda$terminateTransactionsForValidUser$0(java.lang.String,org.neo4j.kernel.api.KernelTransaction,org.neo4j.kernel.api.KernelTransactionHandle):79;0.0
org.neo4j.server.security.enterprise.auth$UserManagementProcedures#UserManagementProcedures():34;0.0
org.neo4j.server.security.enterprise.auth$UserManagementProcedures#createUser(java.lang.String,java.lang.String,boolean):43;0.0
org.neo4j.server.security.enterprise.auth$UserManagementProcedures#changePasswordDeprecated(java.lang.String):52;0.0
org.neo4j.server.security.enterprise.auth$UserManagementProcedures#changePassword(java.lang.String,boolean):61;0.0
org.neo4j.server.security.enterprise.auth$UserManagementProcedures#changeUserPassword(java.lang.String,java.lang.String,boolean):70;0.0
org.neo4j.server.security.enterprise.auth$UserManagementProcedures#addRoleToUser(java.lang.String,java.lang.String):82;0.0
org.neo4j.server.security.enterprise.auth$UserManagementProcedures#removeRoleFromUser(java.lang.String,java.lang.String):90;0.0
org.neo4j.server.security.enterprise.auth$UserManagementProcedures#deleteUser(java.lang.String):97;0.0
org.neo4j.server.security.enterprise.auth$UserManagementProcedures#suspendUser(java.lang.String):107;0.0
org.neo4j.server.security.enterprise.auth$UserManagementProcedures#activateUser(java.lang.String,boolean):117;0.0
org.neo4j.server.security.enterprise.auth$UserManagementProcedures#listUsers():124;0.0
org.neo4j.server.security.enterprise.auth$UserManagementProcedures#listRoles():139;0.0
org.neo4j.server.security.enterprise.auth$UserManagementProcedures#listRolesForUser(java.lang.String):148;0.0
org.neo4j.server.security.enterprise.auth$UserManagementProcedures#listUsersForRole(java.lang.String):156;0.0
org.neo4j.server.security.enterprise.auth$UserManagementProcedures#createRole(java.lang.String):163;0.0
org.neo4j.server.security.enterprise.auth$UserManagementProcedures#deleteRole(java.lang.String):170;0.0
org.neo4j.server.security.enterprise.auth$RoleRecord$Builder#RoleRecord$Builder():123;0.0
org.neo4j.server.security.enterprise.auth$RoleRecord$Builder#RoleRecord$Builder(org.neo4j.server.security.enterprise.auth.RoleRecord):127;0.0
org.neo4j.server.security.enterprise.auth$RoleRecord$Builder#withName(java.lang.String):134;0.0
org.neo4j.server.security.enterprise.auth$RoleRecord$Builder#withUsers(java.util.SortedSet):140;0.0
org.neo4j.server.security.enterprise.auth$RoleRecord$Builder#withUser(java.lang.String):146;0.0
org.neo4j.server.security.enterprise.auth$RoleRecord$Builder#withoutUser(java.lang.String):152;0.0
org.neo4j.server.security.enterprise.auth$RoleRecord$Builder#build():158;0.0
org.neo4j.server.security.enterprise.auth$RoleRecord#RoleRecord(java.lang.String,java.util.SortedSet):42;0.0
org.neo4j.server.security.enterprise.auth$RoleRecord#RoleRecord(java.lang.String,java.lang.String[]):48;0.0
org.neo4j.server.security.enterprise.auth$RoleRecord#name():60;0.0
org.neo4j.server.security.enterprise.auth$RoleRecord#users():65;0.0
org.neo4j.server.security.enterprise.auth$RoleRecord#augment():71;0.0
org.neo4j.server.security.enterprise.auth$RoleRecord#equals(java.lang.Object):77;0.0
org.neo4j.server.security.enterprise.auth$RoleRecord#hashCode():103;0.0
org.neo4j.server.security.enterprise.auth$RoleRecord#toString():111;0.0
org.neo4j.server.security.enterprise.auth$StandardEnterpriseSecurityContext#StandardEnterpriseSecurityContext(org.neo4j.server.security.enterprise.auth.MultiRealmAuthManager,org.neo4j.server.security.enterprise.auth.ShiroSubject):50;0.0
org.neo4j.server.security.enterprise.auth$StandardEnterpriseSecurityContext#getUserManager():58;0.0
org.neo4j.server.security.enterprise.auth$StandardEnterpriseSecurityContext#isAdmin():64;0.0
org.neo4j.server.security.enterprise.auth$StandardEnterpriseSecurityContext#subject():70;0.0
org.neo4j.server.security.enterprise.auth$StandardEnterpriseSecurityContext#mode():76;0.0
org.neo4j.server.security.enterprise.auth$StandardEnterpriseSecurityContext#toString():90;0.0
org.neo4j.server.security.enterprise.auth$StandardEnterpriseSecurityContext#freeze():96;0.0
org.neo4j.server.security.enterprise.auth$StandardEnterpriseSecurityContext#withMode(org.neo4j.kernel.api.security.AccessMode):103;0.0
org.neo4j.server.security.enterprise.auth$StandardEnterpriseSecurityContext#roles():109;0.0
org.neo4j.server.security.enterprise.auth$StandardEnterpriseSecurityContext#queryForRoleNames():114;0.0
org.neo4j.server.security.enterprise.auth$StandardEnterpriseSecurityContext#lambda$queryForRoleNames$0(org.apache.shiro.authz.AuthorizationInfo):118;0.0
org.neo4j.server.security.enterprise.auth$ShiroSubject#ShiroSubject(org.apache.shiro.mgt.SecurityManager,org.neo4j.kernel.api.security.AuthenticationResult):35;0.0
org.neo4j.server.security.enterprise.auth$ShiroSubject#ShiroSubject(org.apache.shiro.subject.PrincipalCollection,boolean,java.lang.String,org.apache.shiro.session.Session,boolean,org.apache.shiro.mgt.SecurityManager,org.neo4j.kernel.api.security.AuthenticationResult):42;0.0
org.neo4j.server.security.enterprise.auth$ShiroSubject#getAuthenticationResult():48;0.0
org.neo4j.server.security.enterprise.auth$ShiroSubject#setAuthenticationResult(org.neo4j.kernel.api.security.AuthenticationResult):53;0.0
org.neo4j.server.security.enterprise.auth$StandardEnterpriseSecurityContext$NeoShiroSubject#StandardEnterpriseSecurityContext$NeoShiroSubject(org.neo4j.server.security.enterprise.auth.StandardEnterpriseSecurityContext):202;0.0
org.neo4j.server.security.enterprise.auth$StandardEnterpriseSecurityContext$NeoShiroSubject#username():208;0.0
org.neo4j.server.security.enterprise.auth$StandardEnterpriseSecurityContext$NeoShiroSubject#logout():222;0.0
org.neo4j.server.security.enterprise.auth$StandardEnterpriseSecurityContext$NeoShiroSubject#getAuthenticationResult():228;0.0
org.neo4j.server.security.enterprise.auth$StandardEnterpriseSecurityContext$NeoShiroSubject#setPassword(java.lang.String,boolean):235;0.0
org.neo4j.server.security.enterprise.auth$StandardEnterpriseSecurityContext$NeoShiroSubject#setPasswordChangeNoLongerRequired():243;0.0
org.neo4j.server.security.enterprise.auth$StandardEnterpriseSecurityContext$NeoShiroSubject#hasUsername(java.lang.String):252;0.0
org.neo4j.server.security.enterprise.auth$FileRoleRepository#FileRoleRepository(org.neo4j.io.fs.FileSystemAbstraction,java.io.File,org.neo4j.logging.LogProvider):48;0.0
org.neo4j.server.security.enterprise.auth$FileRoleRepository#start():57;0.0
org.neo4j.server.security.enterprise.auth$FileRoleRepository#readPersistedRoles():68;0.0
org.neo4j.server.security.enterprise.auth$FileRoleRepository#persistRoles():91;0.0
org.neo4j.server.security.enterprise.auth$FileRoleRepository#getPersistedSnapshot():97;0.0
org.neo4j.server.security.enterprise.auth$RoleSerialization#RoleSerialization():33;0.0
org.neo4j.server.security.enterprise.auth$RoleSerialization#serialize(org.neo4j.server.security.enterprise.auth.RoleRecord):41;0.0
org.neo4j.server.security.enterprise.auth$RoleSerialization#deserializeRecord(java.lang.String,int):47;0.0
org.neo4j.server.security.enterprise.auth$RoleSerialization#deserializeUsers(java.lang.String):60;0.0
org.neo4j.server.security.enterprise.auth$MultiRealmAuthManager#getUserManager(org.neo4j.kernel.api.security.SecurityContext):219;0.0
org.neo4j.server.security.enterprise.auth$MultiRealmAuthManager#getUserManager():225;0.0
org.neo4j.server.security.enterprise.auth$MultiRealmAuthManager#clearAuthCache():231;0.0
org.neo4j.server.security.enterprise.auth$MultiRealmAuthManager#getAuthorizationInfo(org.apache.shiro.subject.PrincipalCollection):254;0.0
org.neo4j.server.security.enterprise.auth$ShiroSubjectFactory#createSubject(org.apache.shiro.subject.SubjectContext):34;0.0
org.neo4j.server.security.enterprise.auth$ShiroAuthenticationStrategy#beforeAllAttempts(java.util.Collection,org.apache.shiro.authc.AuthenticationToken):36;0.0
org.neo4j.server.security.enterprise.auth$ShiroAuthToken#getAuthTokenMap():70;0.0
org.neo4j.server.security.enterprise.auth$ShiroAuthenticationInfo#ShiroAuthenticationInfo():36;0.0
org.neo4j.server.security.enterprise.auth$ShiroAuthenticationInfo#ShiroAuthenticationInfo(java.lang.Object,java.lang.String,org.neo4j.kernel.api.security.AuthenticationResult):42;0.0
org.neo4j.server.security.enterprise.auth$ShiroAuthenticationInfo#ShiroAuthenticationInfo(java.lang.Object,java.lang.Object,org.apache.shiro.util.ByteSource,java.lang.String,org.neo4j.kernel.api.security.AuthenticationResult):49;0.0
org.neo4j.server.security.enterprise.auth$ShiroAuthenticationInfo#getAuthenticationResult():55;0.0
org.neo4j.server.security.enterprise.auth$ShiroAuthenticationInfo#merge(org.apache.shiro.authc.AuthenticationInfo):61;0.0
org.neo4j.server.security.enterprise.auth$ShiroAuthenticationInfo#mergeAuthenticationResult(org.neo4j.kernel.api.security.AuthenticationResult,org.neo4j.kernel.api.security.AuthenticationResult):92;0.0
org.neo4j.server.security.enterprise.auth$StandardEnterpriseSecurityContext$StandardAccessMode#StandardEnterpriseSecurityContext$StandardAccessMode(boolean,boolean,boolean,boolean,boolean,java.util.Set):135;0.0
org.neo4j.server.security.enterprise.auth$StandardEnterpriseSecurityContext$StandardAccessMode#allowsReads():147;0.0
org.neo4j.server.security.enterprise.auth$StandardEnterpriseSecurityContext$StandardAccessMode#allowsWrites():153;0.0
org.neo4j.server.security.enterprise.auth$StandardEnterpriseSecurityContext$StandardAccessMode#allowsTokenCreates():159;0.0
org.neo4j.server.security.enterprise.auth$StandardEnterpriseSecurityContext$StandardAccessMode#allowsSchemaWrites():165;0.0
org.neo4j.server.security.enterprise.auth$StandardEnterpriseSecurityContext$StandardAccessMode#allowsProcedureWith(java.lang.String[]):171;0.0
org.neo4j.server.security.enterprise.auth$StandardEnterpriseSecurityContext$StandardAccessMode#onViolation(java.lang.String):184;0.0
org.neo4j.server.security.enterprise.auth$StandardEnterpriseSecurityContext$StandardAccessMode#name():197;0.0
org.neo4j.server.security.enterprise.configuration$SecuritySettings#SecuritySettings():52;0.0
org.neo4j.server.security.enterprise.configuration$SecuritySettings#lambda$static$4(java.util.List):98;0.0
org.neo4j.server.security.enterprise.configuration$SecuritySettings#lambda$static$3(java.util.List):92;0.0
org.neo4j.server.security.enterprise.configuration$SecuritySettings#lambda$static$2(java.util.List):86;0.0
org.neo4j.server.security.enterprise.configuration$SecuritySettings#lambda$static$1(java.util.List):80;0.0
org.neo4j.server.security.enterprise.auth$EnterpriseSecurityModule#asEnterprise(org.neo4j.kernel.api.security.SecurityContext):120;0.0
org.neo4j.server.security.enterprise.auth$EnterpriseSecurityModule#createInternalRealm(org.neo4j.kernel.configuration.Config,org.neo4j.logging.LogProvider,org.neo4j.io.fs.FileSystemAbstraction,org.neo4j.kernel.impl.util.JobScheduler):186;0.0
org.neo4j.server.security.enterprise.auth$EnterpriseSecurityModule#createPluginRealms(org.neo4j.kernel.configuration.Config,org.neo4j.server.security.enterprise.log.SecurityLog,org.neo4j.server.security.enterprise.auth.SecureHasher,org.neo4j.server.security.enterprise.auth.EnterpriseSecurityModule$SecurityConfig):209;0.0
org.neo4j.server.security.enterprise.auth$EnterpriseSecurityModule#getRoleRepository(org.neo4j.kernel.configuration.Config,org.neo4j.logging.LogProvider,org.neo4j.io.fs.FileSystemAbstraction):294;0.0
org.neo4j.server.security.enterprise.auth$EnterpriseSecurityModule#getDefaultAdminRepository(org.neo4j.kernel.configuration.Config,org.neo4j.logging.LogProvider,org.neo4j.io.fs.FileSystemAbstraction):300;0.0
org.neo4j.server.security.enterprise.auth$EnterpriseSecurityModule#getRoleRepositoryFile(org.neo4j.kernel.configuration.Config):305;0.0
org.neo4j.server.security.enterprise.auth$EnterpriseSecurityModule#getDefaultAdminRepositoryFile(org.neo4j.kernel.configuration.Config):310;0.0
org.neo4j.server.security.enterprise.auth$EnterpriseSecurityModule#illegalConfiguration(java.lang.String):316;0.0
org.neo4j.server.security.enterprise.auth$EnterpriseSecurityModule#lambda$createPluginRealms$6(org.neo4j.server.security.enterprise.auth.EnterpriseSecurityModule$SecurityConfig,org.neo4j.server.security.enterprise.auth.plugin.PluginRealm):270;0.0
org.neo4j.server.security.enterprise.auth$EnterpriseSecurityModule#lambda$createPluginRealms$5(java.lang.String,org.neo4j.server.security.enterprise.auth.plugin.PluginRealm):262;0.0
org.neo4j.server.security.enterprise.auth$EnterpriseSecurityModule#lambda$setup$4(org.neo4j.kernel.api.proc.Context):112;0.0
org.neo4j.server.security.enterprise.auth$EnterpriseSecurityModule#lambda$setup$3(org.neo4j.server.security.enterprise.auth.EnterpriseAuthAndUserManager,org.neo4j.kernel.api.proc.Context):107;0.0
org.neo4j.server.security.enterprise.auth$EnterpriseSecurityModule#lambda$setup$2(org.neo4j.kernel.api.proc.Context):101;0.0
org.neo4j.server.security.enterprise.auth$EnterpriseSecurityModule#lambda$setup$1(org.neo4j.server.security.enterprise.auth.EnterpriseAuthAndUserManager,org.neo4j.kernel.api.proc.Context):99;0.0
org.neo4j.server.security.enterprise.auth$EnterpriseSecurityModule#lambda$setup$0(org.neo4j.server.security.enterprise.log.SecurityLog,org.neo4j.kernel.api.proc.Context):98;0.0
org.neo4j.server.security.enterprise.auth$EnterpriseSecurityModule$SecurityConfig#onlyPluginAuthentication():382;0.0
org.neo4j.server.security.enterprise.auth$EnterpriseSecurityModule$SecurityConfig#onlyPluginAuthorization():387;0.0
org.neo4j.server.security.enterprise.auth$SecureHasher#getRandomNumberGenerator():40;0.0
org.neo4j.server.security.enterprise.auth$SecureHasher#hash(byte[]):50;0.0
org.neo4j.server.security.enterprise.auth$SecureHasher#generateRandomSalt(int):67;0.0
org.neo4j.server.security.enterprise.auth$AuthProceduresBase$StringResult#AuthProceduresBase$StringResult(java.lang.String):110;0.0
org.neo4j.server.security.enterprise.auth$RoleRepository#validate(java.util.List,java.util.List):105;0.0
org.neo4j.server.security.enterprise.auth$RoleRepository#lambda$validate$0(org.neo4j.server.security.enterprise.auth.RoleRecord):106;0.0
org.neo4j.server.security.enterprise.auth$LdapRealm#queryForAuthenticationInfoUsingStartTls(org.apache.shiro.authc.AuthenticationToken,org.apache.shiro.realm.ldap.LdapContextFactory):183;0.0
org.neo4j.server.security.enterprise.auth$LdapRealm#getLdapContextUsingStartTls(org.apache.shiro.realm.ldap.LdapContextFactory,java.lang.Object,java.lang.Object):202;0.0
org.neo4j.server.security.enterprise.auth$LdapRealm#queryForAuthorizationInfo(org.apache.shiro.subject.PrincipalCollection,org.apache.shiro.realm.ldap.LdapContextFactory):247;0.0
org.neo4j.server.security.enterprise.auth$LdapRealm#getUsername(org.apache.shiro.subject.PrincipalCollection):294;0.0
org.neo4j.server.security.enterprise.auth$LdapRealm#getSystemLdapContextUsingStartTls(org.apache.shiro.realm.ldap.LdapContextFactory):310;0.0
org.neo4j.server.security.enterprise.auth$LdapRealm#createAuthenticationInfo(org.apache.shiro.authc.AuthenticationToken,java.lang.Object,java.lang.Object,javax.naming.ldap.LdapContext):322;0.0
org.neo4j.server.security.enterprise.auth$LdapRealm#doGetAuthorizationInfo(org.apache.shiro.subject.PrincipalCollection):370;0.0
org.neo4j.server.security.enterprise.auth$LdapRealm#isExceptionAnLdapReadTimeout(java.lang.Exception):391;0.0
org.neo4j.server.security.enterprise.auth$LdapRealm#isAuthorizationExceptionAnLdapReadTimeout(org.apache.shiro.authz.AuthorizationException):406;0.0
org.neo4j.server.security.enterprise.auth$LdapRealm#cacheAuthorizationInfo(java.lang.String,java.util.Set):413;0.0
org.neo4j.server.security.enterprise.auth$LdapRealm#findRoleNamesForUser(java.lang.String,javax.naming.ldap.LdapContext):511;0.0
org.neo4j.server.security.enterprise.auth$LdapRealm#getRoleNamesForGroups(java.util.Collection):592;0.0
org.neo4j.server.security.enterprise.auth$LdapRealm#getGroupToRoleMapping():607;0.0
org.neo4j.server.security.enterprise.auth$LdapRealm#getAuthorizationInfoSnapshot(org.apache.shiro.subject.PrincipalCollection):638;0.0
org.neo4j.server.security.enterprise.auth$ShiroCaffeineCache#put(java.lang.Object,java.lang.Object):69;0.0
org.neo4j.server.security.enterprise.auth$ShiroCaffeineCache#remove(java.lang.Object):75;0.0
org.neo4j.server.security.enterprise.auth$ShiroCaffeineCache#clear():81;0.0
org.neo4j.server.security.enterprise.auth$ShiroCaffeineCache#size():87;0.0
org.neo4j.server.security.enterprise.auth$ShiroCaffeineCache#keys():93;0.0
org.neo4j.server.security.enterprise.auth$ShiroCaffeineCache#values():99;0.0
org.neo4j.server.security.enterprise.auth$SecurityProcedures#SecurityProcedures():36;0.0
org.neo4j.server.security.enterprise.auth$SecurityProcedures#showCurrentUser():45;0.0
org.neo4j.server.security.enterprise.auth$SecurityProcedures#clearAuthenticationCache():52;0.0
org.neo4j.server.security.enterprise.auth$EnterpriseUserManager$1#suspendUser(java.lang.String):80;0.0
org.neo4j.server.security.enterprise.auth$EnterpriseUserManager$1#activateUser(java.lang.String,boolean):86;0.0
org.neo4j.server.security.enterprise.auth$EnterpriseUserManager$1#newRole(java.lang.String,java.lang.String[]):91;0.0
org.neo4j.server.security.enterprise.auth$EnterpriseUserManager$1#deleteRole(java.lang.String):97;0.0
org.neo4j.server.security.enterprise.auth$EnterpriseUserManager$1#getRole(java.lang.String):103;0.0
org.neo4j.server.security.enterprise.auth$EnterpriseUserManager$1#silentlyGetRole(java.lang.String):109;0.0
org.neo4j.server.security.enterprise.auth$EnterpriseUserManager$1#addRoleToUser(java.lang.String,java.lang.String):115;0.0
org.neo4j.server.security.enterprise.auth$EnterpriseUserManager$1#removeRoleFromUser(java.lang.String,java.lang.String):120;0.0
org.neo4j.server.security.enterprise.auth$EnterpriseUserManager$1#getAllRoleNames():125;0.0
org.neo4j.server.security.enterprise.auth$EnterpriseUserManager$1#getRoleNamesForUser(java.lang.String):131;0.0
org.neo4j.server.security.enterprise.auth$EnterpriseUserManager$1#silentlyGetRoleNamesForUser(java.lang.String):137;0.0
org.neo4j.server.security.enterprise.auth$EnterpriseUserManager$1#getUsernamesForRole(java.lang.String):143;0.0
org.neo4j.server.security.enterprise.auth$EnterpriseUserManager$1#silentlyGetUsernamesForRole(java.lang.String):149;0.0
org.neo4j.server.security.enterprise.auth$EnterpriseUserManager$1#newUser(java.lang.String,java.lang.String,boolean):156;0.0
org.neo4j.server.security.enterprise.auth$EnterpriseUserManager$1#deleteUser(java.lang.String):162;0.0
org.neo4j.server.security.enterprise.auth$EnterpriseUserManager$1#getUser(java.lang.String):168;0.0
org.neo4j.server.security.enterprise.auth$EnterpriseUserManager$1#silentlyGetUser(java.lang.String):174;0.0
org.neo4j.server.security.enterprise.auth$EnterpriseUserManager$1#setUserPassword(java.lang.String,java.lang.String,boolean):181;0.0
org.neo4j.server.security.enterprise.auth$EnterpriseUserManager$1#getAllUsernames():186;0.0
org.neo4j.server.security.enterprise.auth$AuthProceduresBase$UserResult#AuthProceduresBase$UserResult(java.lang.String,java.util.Set,java.lang.Iterable):145;0.0
org.neo4j.server.security.enterprise.auth.plugin$PluginRealm#PluginRealm(org.neo4j.kernel.configuration.Config,org.neo4j.server.security.enterprise.log.SecurityLog,java.time.Clock,org.neo4j.server.security.enterprise.auth.SecureHasher):72;0.0
org.neo4j.server.security.enterprise.auth.plugin$PluginRealm#PluginRealm(org.neo4j.server.security.enterprise.auth.plugin.spi.AuthenticationPlugin,org.neo4j.server.security.enterprise.auth.plugin.spi.AuthorizationPlugin,org.neo4j.kernel.configuration.Config,org.neo4j.server.security.enterprise.log.SecurityLog,java.time.Clock,org.neo4j.server.security.enterprise.auth.SecureHasher):92;0.0
org.neo4j.server.security.enterprise.auth.plugin$PluginRealm#PluginRealm(org.neo4j.server.security.enterprise.auth.plugin.spi.AuthPlugin,org.neo4j.kernel.configuration.Config,org.neo4j.server.security.enterprise.log.SecurityLog,java.time.Clock,org.neo4j.server.security.enterprise.auth.SecureHasher):101;0.0
org.neo4j.server.security.enterprise.auth.plugin$PluginRealm#resolvePluginName():108;0.0
org.neo4j.server.security.enterprise.auth.plugin$PluginRealm#getPrincipalAndProviderCollection(org.apache.shiro.subject.PrincipalCollection):133;0.0
org.neo4j.server.security.enterprise.auth.plugin$PluginRealm#doGetAuthorizationInfo(org.apache.shiro.subject.PrincipalCollection):149;0.0
org.neo4j.server.security.enterprise.auth.plugin$PluginRealm#doGetAuthenticationInfo(org.apache.shiro.authc.AuthenticationToken):181;0.0
org.neo4j.server.security.enterprise.auth.plugin$PluginRealm#cacheAuthorizationInfo(org.neo4j.server.security.enterprise.auth.plugin.PluginAuthInfo):222;0.0
org.neo4j.server.security.enterprise.auth.plugin$PluginRealm#canAuthenticate():229;0.0
org.neo4j.server.security.enterprise.auth.plugin$PluginRealm#canAuthorize():234;0.0
org.neo4j.server.security.enterprise.auth.plugin$PluginRealm#getAuthorizationInfoSnapshot(org.apache.shiro.subject.PrincipalCollection):240;0.0
org.neo4j.server.security.enterprise.auth.plugin$PluginRealm#getAuthorizationCacheKey(org.apache.shiro.subject.PrincipalCollection):246;0.0
org.neo4j.server.security.enterprise.auth.plugin$PluginRealm#getAuthenticationCacheKey(org.apache.shiro.authc.AuthenticationToken):252;0.0
org.neo4j.server.security.enterprise.auth.plugin$PluginRealm#supports(org.apache.shiro.authc.AuthenticationToken):258;0.0
org.neo4j.server.security.enterprise.auth.plugin$PluginRealm#supportsSchemeAndRealm(org.apache.shiro.authc.AuthenticationToken):263;0.0
org.neo4j.server.security.enterprise.auth.plugin$PluginRealm#initialize():274;0.0
org.neo4j.server.security.enterprise.auth.plugin$PluginRealm#start():291;0.0
org.neo4j.server.security.enterprise.auth.plugin$PluginRealm#stop():308;0.0
org.neo4j.server.security.enterprise.auth.plugin$PluginRealm#shutdown():325;0.0
org.neo4j.server.security.enterprise.auth.plugin$PluginRealm#getCustomCredentialsMatcherIfPresent(org.apache.shiro.authc.AuthenticationInfo):343;0.0
org.neo4j.server.security.enterprise.auth.plugin$PluginRealm$PluginRealmOperations#PluginRealm$PluginRealmOperations(org.neo4j.server.security.enterprise.auth.plugin.PluginRealm):392;0.0
org.neo4j.server.security.enterprise.auth.plugin$PluginRealm$PluginRealmOperations#neo4jHome():435;0.0
org.neo4j.server.security.enterprise.auth.plugin$PluginRealm$PluginRealmOperations#neo4jConfigFile():441;0.0
org.neo4j.server.security.enterprise.auth.plugin$PluginRealm$PluginRealmOperations#neo4jVersion():447;0.0
org.neo4j.server.security.enterprise.auth.plugin$PluginRealm$PluginRealmOperations#clock():453;0.0
org.neo4j.server.security.enterprise.auth.plugin$PluginRealm$PluginRealmOperations#log():459;0.0
org.neo4j.server.security.enterprise.auth.plugin$PluginRealm$PluginRealmOperations#setAuthenticationCachingEnabled(boolean):465;0.0
org.neo4j.server.security.enterprise.auth.plugin$PluginRealm$PluginRealmOperations#setAuthorizationCachingEnabled(boolean):471;0.0
org.neo4j.server.security.enterprise.auth.plugin$PluginRealm$PluginRealmOperations$1#withPluginName(java.lang.String):398;0.0
org.neo4j.server.security.enterprise.auth.plugin$PluginRealm$PluginRealmOperations$1#debug(java.lang.String):404;0.0
org.neo4j.server.security.enterprise.auth.plugin$PluginRealm$PluginRealmOperations$1#info(java.lang.String):410;0.0
org.neo4j.server.security.enterprise.auth.plugin$PluginRealm$PluginRealmOperations$1#warn(java.lang.String):416;0.0
org.neo4j.server.security.enterprise.auth.plugin$PluginRealm$PluginRealmOperations$1#error(java.lang.String):422;0.0
org.neo4j.server.security.enterprise.auth.plugin$PluginRealm$PluginRealmOperations$1#isDebugEnabled():428;0.0
org.neo4j.server.security.enterprise.auth.plugin$PluginRealm$CredentialsMatcher#PluginRealm$CredentialsMatcher(org.neo4j.server.security.enterprise.auth.plugin.PluginRealm):350;0.0
org.neo4j.server.security.enterprise.auth.plugin$PluginRealm$CredentialsMatcher#doCredentialsMatch(org.apache.shiro.authc.AuthenticationToken,org.apache.shiro.authc.AuthenticationInfo):356;0.0
org.neo4j.server.security.enterprise.auth.plugin$PluginApiAuthToken#PluginApiAuthToken(java.lang.String,char[],java.util.Map):38;0.0
org.neo4j.server.security.enterprise.auth.plugin$PluginApiAuthToken#principal():47;0.0
org.neo4j.server.security.enterprise.auth.plugin$PluginApiAuthToken#credentials():53;0.0
org.neo4j.server.security.enterprise.auth.plugin$PluginApiAuthToken#parameters():59;0.0
org.neo4j.server.security.enterprise.auth.plugin$PluginApiAuthToken#of(java.lang.String,char[],java.util.Map):64;0.0
org.neo4j.server.security.enterprise.auth.plugin$PluginApiAuthToken#createFromMap(java.util.Map):69;0.0
org.neo4j.server.security.enterprise.auth.plugin$PluginAuthInfo#PluginAuthInfo(java.lang.Object,java.lang.String,java.util.Set):44;0.0
org.neo4j.server.security.enterprise.auth.plugin$PluginAuthInfo#PluginAuthInfo(java.lang.Object,java.lang.Object,org.apache.shiro.util.ByteSource,java.lang.String,java.util.Set):51;0.0
org.neo4j.server.security.enterprise.auth.plugin$PluginAuthInfo#PluginAuthInfo(org.neo4j.server.security.enterprise.auth.plugin.spi.AuthInfo,org.apache.shiro.crypto.hash.SimpleHash,java.lang.String):57;0.0
org.neo4j.server.security.enterprise.auth.plugin$PluginAuthInfo#create(org.neo4j.server.security.enterprise.auth.plugin.spi.AuthInfo,java.lang.String):63;0.0
org.neo4j.server.security.enterprise.auth.plugin$PluginAuthInfo#createCacheable(org.neo4j.server.security.enterprise.auth.plugin.spi.AuthInfo,java.lang.String,org.neo4j.server.security.enterprise.auth.SecureHasher):69;0.0
org.neo4j.server.security.enterprise.auth.plugin$PluginAuthInfo#getRoles():85;0.0
org.neo4j.server.security.enterprise.auth.plugin$PluginAuthInfo#getStringPermissions():91;0.0
org.neo4j.server.security.enterprise.auth.plugin$PluginAuthInfo#getObjectPermissions():97;0.0
org.neo4j.server.security.enterprise.auth.plugin$PluginAuthenticationInfo#PluginAuthenticationInfo(java.lang.Object,java.lang.String,org.neo4j.server.security.enterprise.auth.plugin.spi.CustomCacheableAuthenticationInfo$CredentialsMatcher):39;0.0
org.neo4j.server.security.enterprise.auth.plugin$PluginAuthenticationInfo#PluginAuthenticationInfo(java.lang.Object,java.lang.Object,org.apache.shiro.util.ByteSource,java.lang.String):46;0.0
org.neo4j.server.security.enterprise.auth.plugin$PluginAuthenticationInfo#getCredentialsMatcher():52;0.0
org.neo4j.server.security.enterprise.auth.plugin$PluginAuthenticationInfo#create(org.neo4j.server.security.enterprise.auth.plugin.spi.AuthenticationInfo,java.lang.String):59;0.0
org.neo4j.server.security.enterprise.auth.plugin$PluginAuthenticationInfo#create(org.neo4j.server.security.enterprise.auth.plugin.spi.AuthenticationInfo,org.apache.shiro.crypto.hash.SimpleHash,java.lang.String):67;0.0
org.neo4j.server.security.enterprise.auth.plugin$PluginAuthenticationInfo#createCacheable(org.neo4j.server.security.enterprise.auth.plugin.spi.AuthenticationInfo,java.lang.String,org.neo4j.server.security.enterprise.auth.SecureHasher):80;0.0
org.neo4j.server.security.enterprise.auth.plugin$PluginShiroAuthToken#PluginShiroAuthToken(java.util.Map):37;0.0
org.neo4j.server.security.enterprise.auth.plugin$PluginShiroAuthToken#getCredentials():43;0.0
org.neo4j.server.security.enterprise.auth.plugin$PluginShiroAuthToken#of(org.neo4j.server.security.enterprise.auth.ShiroAuthToken):48;0.0
org.neo4j.server.security.enterprise.auth.plugin$PluginShiroAuthToken#of(org.apache.shiro.authc.AuthenticationToken):53;0.0
org.neo4j.server.security.enterprise.auth.plugin$PluginAuthorizationInfo#PluginAuthorizationInfo(java.util.Set):33;0.0
org.neo4j.server.security.enterprise.auth.plugin$PluginAuthorizationInfo#create(org.neo4j.server.security.enterprise.auth.plugin.spi.AuthorizationInfo):38;0.0
org.neo4j.server.security.enterprise.auth$AuthProceduresBase$RoleResult#AuthProceduresBase$RoleResult(java.lang.String,java.util.Set):165;0.0
