formula,metric_name,metric_value
barinel,density,0.27054130114950947
barinel,uniqueness,0.017141915279380252
barinel,entropy_barinel,9.352367996536384E-6
dstar,density,0.27054130114950947
dstar,uniqueness,0.017141915279380252
dstar,entropy_dstar,615.7781155937853
ochiai,density,0.27054130114950947
ochiai,uniqueness,0.017141915279380252
ochiai,entropy_ochiai,2370.242303940533
tarantula,density,0.27054130114950947
tarantula,uniqueness,0.017141915279380252
tarantula,entropy_tarantula,2849.670779768438
barinel,density,0.27130818727620276
barinel,uniqueness,0.022873758177853164
barinel,entropy_barinel,0.02663078531893759
dstar,density,0.27130818727620276
dstar,uniqueness,0.022873758177853164
dstar,entropy_dstar,807.0613792005478
ochiai,density,0.27130818727620276
ochiai,uniqueness,0.022873758177853164
ochiai,entropy_ochiai,2762.4532977258914
tarantula,density,0.27130818727620276
tarantula,uniqueness,0.022873758177853164
tarantula,entropy_tarantula,3176.406431547008
