formula,metric_name,metric_value
barinel,density,0.10232076095526337
barinel,uniqueness,0.10201598887730275
barinel,entropy_barinel,1.509912448442427E-10
dstar,density,0.10232076095526337
dstar,uniqueness,0.10201598887730275
dstar,entropy_dstar,60.480518175980244
ochiai,density,0.10232076095526337
ochiai,uniqueness,0.10201598887730275
ochiai,entropy_ochiai,324.1192481732966
tarantula,density,0.10232076095526337
tarantula,uniqueness,0.10201598887730275
tarantula,entropy_tarantula,668.6597457213247
