name;suspiciousness_value
org.apache.pulsar.broker.systopic$TopicPoliciesSystemTopicClient$TopicPolicyWriter:75;4.840520202111002E-12
org.apache.pulsar.broker.service.schema.proto$SchemaRegistryFormat$SchemaInfo$KeyValuePair$1:1291;3.5957529041092366E-14
org.apache.pulsar.broker.service$SystemTopicBasedTopicPoliciesService:66;5.911246780736384E-17
org.apache.pulsar.broker.service$SystemTopicBasedTopicPoliciesService$1:211;5.911246780736384E-17
org.apache.pulsar.broker.systopic$NamespaceEventsSystemTopicFactory:33;5.911246780736384E-17
org.apache.pulsar.broker.service$BrokerServiceException$TopicPoliciesCacheNotInitException:177;5.911246780736384E-17
org.apache.pulsar.broker.service.persistent$SystemTopic:30;5.911246780736384E-17
org.apache.pulsar.broker.systopic$TopicPoliciesSystemTopicClient$TopicPolicyReader:123;5.911246780736384E-17
org.apache.pulsar.broker.systopic$SystemTopicClientBase:42;2.5275336863164118E-17
org.apache.pulsar.broker.systopic$TopicPoliciesSystemTopicClient:41;2.5275336863164118E-17
org.apache.pulsar.broker.service.schema.proto$SchemaRegistryFormat$SchemaInfo$KeyValuePair:563;1.6918865087783462E-17
org.apache.pulsar.broker.service.schema.proto$SchemaRegistryFormat$SchemaInfo$KeyValuePair$Builder:939;1.6918865087783462E-17
org.apache.pulsar.broker.service.persistent$PersistentSubscription$1:504;7.901641150121361E-18
org.apache.pulsar.broker.service.schema$SchemaStorageFormat$SchemaLocator$1:3408;9.032264917673629E-20
org.apache.pulsar.broker.service.schema.proto$SchemaRegistryFormat$SchemaInfo$1:2653;7.089004302586279E-20
org.apache.pulsar.broker.service.schema$SchemaRegistryServiceImpl$Functions:363;7.089004302586279E-20
org.apache.pulsar.broker.service.schema$SchemaStorageFormat$IndexEntry$1:1479;7.089004302586279E-20
org.apache.pulsar.broker.service.schema$SchemaStorageFormat$PositionInfo$1:627;7.089004302586279E-20
org.apache.pulsar.broker.service.schema$BookkeeperSchemaStorage$Functions:595;7.089004302586279E-20
org.apache.pulsar.broker.service.schema$SchemaStorageFormat$SchemaEntry$1:2387;7.089004302586279E-20
org.apache.pulsar.broker.service.schema$SchemaRegistry$SchemaAndMetadata:69;7.089004302586279E-20
org.apache.pulsar.broker.service.schema.proto$SchemaRegistryFormat$SchemaInfo:133;4.565010436452281E-21
org.apache.pulsar.broker.service.schema.proto$SchemaRegistryFormat$SchemaInfo$Builder:1810;4.565010436452281E-21
org.apache.pulsar.broker.service.schema$SchemaStorageFormat$IndexEntry:698;4.565010436452281E-21
org.apache.pulsar.broker.service.schema$SchemaStorageFormat$IndexEntry$Builder:1078;4.565010436452281E-21
org.apache.pulsar.broker.service.schema$SchemaStorageFormat$PositionInfo:53;4.565010436452281E-21
org.apache.pulsar.broker.service.schema$SchemaStorageFormat$PositionInfo$Builder:373;4.565010436452281E-21
org.apache.pulsar.broker.service.schema$SchemaStorageFormat$SchemaEntry:1548;4.565010436452281E-21
org.apache.pulsar.broker.service.schema$SchemaStorageFormat$SchemaEntry$Builder:1892;4.565010436452281E-21
org.apache.pulsar.broker.service.schema$SchemaStorageFormat$SchemaLocator:2460;4.565010436452281E-21
org.apache.pulsar.broker.service.schema$SchemaStorageFormat$SchemaLocator$Builder:2821;4.565010436452281E-21
org.apache.pulsar.broker.service.schema$BookkeeperSchemaStorage$LocatorEntry:647;3.1618528883241076E-21
org.apache.pulsar.broker.service$BrokerServiceException:36;4.361008154655405E-23
org.apache.pulsar.broker.service.schema.validator$SchemaDataValidator:38;4.361008154655405E-23
org.apache.pulsar.broker.service$Producer$MessagePublishContext:438;2.4045788577857424E-23
org.apache.pulsar.broker.service$Producer$MessagePublishContext$1:444;2.4045788577857424E-23
org.apache.pulsar.broker.service.persistent$PersistentTopic$5:1013;1.614494532846114E-23
org.apache.pulsar.broker.service$Dispatcher:71;7.988736153771542E-24
org.apache.pulsar.broker.service$SendMessageInfo:31;7.581647421187479E-24
org.apache.pulsar.broker.service$SendMessageInfo$1:45;7.581647421187479E-24
org.apache.pulsar.broker.cache$LocalZooKeeperCacheService$2:80;3.39073797146884E-24
org.apache.pulsar.broker.admin.impl$TenantsBase:52;2.934419906759045E-24
org.apache.pulsar.broker.admin.v2$Tenants:33;2.934419906759045E-24
org.apache.pulsar.broker.stats.prometheus.metrics$PrometheusMetricsProvider:56;2.4271079697644872E-24
org.apache.pulsar.broker.stats.prometheus.metrics$PrometheusStatsLogger:37;2.4271079697644872E-24
org.apache.pulsar.broker.stats.prometheus.metrics$SimpleGauge:30;2.4271079697644872E-24
org.apache.pulsar.broker.stats.prometheus.metrics$DataSketchesOpStatsLogger:58;2.4271079697644872E-24
org.apache.pulsar.broker.stats.prometheus.metrics$DataSketchesOpStatsLogger$ThreadLocalAccessor:182;2.4271079697644872E-24
org.apache.pulsar.broker.admin.impl$ClustersBase:74;2.013975858145071E-24
org.apache.pulsar.broker.admin.v2$Clusters:31;2.013975858145071E-24
org.apache.pulsar.broker.loadbalance.impl$ModularLoadManagerImpl$1:221;1.531166630980173E-24
org.apache.pulsar.broker.loadbalance.impl$LoadManagerShared$1:76;1.171883801322446E-24
org.apache.pulsar.broker.loadbalance.impl$LoadManagerShared$2:84;1.171883801322446E-24
org.apache.pulsar.broker.service$EntryBatchIndexesAcks:65;1.0734726312086297E-24
org.apache.pulsar.broker.service$EntryBatchIndexesAcks$1:73;1.0734726312086297E-24
org.apache.pulsar.broker.service$EntryBatchSizes:47;9.840082921536547E-25
org.apache.pulsar.broker.service$EntryBatchSizes$1:55;9.840082921536547E-25
org.apache.pulsar.broker.admin.v2$Namespaces:81;8.285134821478363E-25
org.apache.pulsar.broker.admin.impl$NamespacesBase:105;3.9436265020090675E-25
org.apache.pulsar.broker.loadbalance.impl$SimpleResourceUnit:31;2.993413221442562E-25
org.apache.pulsar.broker.loadbalance$ResourceDescription:29;2.993413221442562E-25
org.apache.pulsar.broker.loadbalance.impl$PulsarResourceDescription:32;2.993413221442562E-25
org.apache.pulsar.broker.loadbalance.impl$ModularLoadManagerImpl$2:249;2.6653776554405035E-25
org.apache.pulsar.broker.loadbalance.impl$ModularLoadManagerImpl:207;1.6954436275792576E-25
org.apache.pulsar.broker.loadbalance.impl$ModularLoadManagerWrapper:43;1.6954436275792576E-25
org.apache.pulsar.broker.loadbalance.impl$BundleSplitterTask:50;1.6954436275792576E-25
org.apache.pulsar.broker.loadbalance$ModularLoadManagerStrategy:60;1.6954436275792576E-25
org.apache.pulsar.broker.loadbalance.impl$BrokerVersionFilter:37;1.5751029273724486E-25
org.apache.pulsar.broker.loadbalance.impl$OverloadShedder:46;1.5751029273724486E-25
org.apache.pulsar.broker.loadbalance.impl$LeastLongTermMessageRate:46;1.5751029273724486E-25
org.apache.pulsar.broker.stats.prometheus.metrics$DataSketchesSummaryLogger$ThreadLocalAccessor$1:114;1.2219524382017519E-25
org.apache.pulsar.broker.stats.prometheus.metrics$DataSketchesSummaryLogger$LocalData:103;1.2219524382017519E-25
org.apache.pulsar.broker$BrokerData:43;1.0228933636870629E-25
org.apache.pulsar.broker$TimeAverageBrokerData:42;1.0228933636870629E-25
org.apache.pulsar.broker.loadbalance$LoadData:49;9.53425928460853E-26
org.apache.pulsar.broker.loadbalance$LoadSheddingTask:34;8.890733579048664E-26
org.apache.pulsar.broker.loadbalance$LoadResourceQuotaUpdaterTask:34;8.890733579048664E-26
org.apache.pulsar.broker.loadbalance$LoadReportUpdaterTask:34;8.294301629457831E-26
org.apache.pulsar.broker.service$PulsarCommandSenderImpl:37;5.899052259908483E-26
org.apache.pulsar.broker$PulsarService$2:618;4.994224178914645E-26
org.apache.pulsar.broker.protocol$ProtocolHandlers:84;4.8320967986768456E-26
org.apache.pulsar.broker.protocol$ProtocolHandlerDefinitions:29;4.8320967986768456E-26
org.apache.pulsar$ZookeeperSessionExpiredHandlers$ShutDownWhenSessionExpired:48;4.8320967986768456E-26
org.apache.pulsar.broker.cache$LocalZooKeeperCacheService:64;4.8320967986768456E-26
org.apache.pulsar.broker.cache$ResourceQuotaCache:80;4.8320967986768456E-26
org.apache.pulsar.broker$ManagedLedgerClientFactory:57;4.8320967986768456E-26
org.apache.pulsar.broker.service$BrokerService$1:308;4.8320967986768456E-26
org.apache.pulsar.broker.loadbalance$LoadManager:132;4.8320967986768456E-26
org.apache.pulsar.broker.loadbalance.impl$GenericBrokerHostUsageImpl:44;4.8320967986768456E-26
org.apache.pulsar.broker.loadbalance.impl$SimpleResourceAllocationPolicies:42;4.8320967986768456E-26
org.apache.pulsar.broker.namespace$NamespaceService:174;4.8320967986768456E-26
org.apache.pulsar.common.naming$NamespaceBundleFactory:69;4.8320967986768456E-26
org.apache.pulsar.broker.namespace$OwnershipCache:160;4.8320967986768456E-26
org.apache.pulsar.broker.namespace$OwnershipCache$OwnedServiceUnitCacheLoader:117;4.8320967986768456E-26
org.apache.pulsar.broker.service.schema$BookkeeperSchemaStorageFactory:26;4.8320967986768456E-26
org.apache.pulsar.broker.service.schema$SchemaRegistryService:38;4.8320967986768456E-26
org.apache.pulsar.broker.service.schema$SchemaRegistryServiceImpl:67;4.8320967986768456E-26
org.apache.pulsar.broker.intercept$BrokerInterceptorDefinitions:29;4.8320967986768456E-26
org.apache.pulsar.broker.service$PulsarChannelInitializer:69;4.8320967986768456E-26
org.apache.pulsar.broker.web$WebService:76;4.8320967986768456E-26
org.apache.pulsar.broker.web$PulsarServerConnector:40;4.8320967986768456E-26
org.apache.pulsar.broker.web$ResponseHandlerFilter:48;4.8320967986768456E-26
org.apache.pulsar.broker.stats.prometheus$PrometheusMetricsServlet:50;4.8320967986768456E-26
org.apache.pulsar.broker.loadbalance$LeaderElectionService:78;4.8320967986768456E-26
org.apache.pulsar.broker.transaction.buffer.impl$TransactionBufferClientImpl:39;4.8320967986768456E-26
org.apache.pulsar.broker.transaction.buffer.impl$TransactionBufferHandlerImpl:62;4.8320967986768456E-26
org.apache.pulsar.broker$TransactionMetadataStoreService:58;4.8320967986768456E-26
org.apache.pulsar.broker.transaction.buffer$TransactionBufferProvider:44;4.8320967986768456E-26
org.apache.pulsar.broker.transaction.buffer.impl$PersistentTransactionBufferProvider:38;4.8320967986768456E-26
org.apache.pulsar.broker.stats$MetricsGenerator:39;4.8320967986768456E-26
org.apache.pulsar.broker.service.schema$BookkeeperSchemaStorage:90;4.524797708809145E-26
org.apache.pulsar.broker.service.schema$KeyValueSchemaCompatibilityCheck:40;4.524797708809145E-26
org.apache.pulsar.broker.loadbalance.impl$ModularLoadManagerImpl$3:260;4.379198266627069E-26
org.apache.pulsar.broker.service$DistributedIdGenerator:55;3.97221364024076E-26
org.apache.pulsar.broker.service.schema.validator$SchemaRegistryServiceWithSchemaDataValidator:41;3.075176489251259E-26
org.apache.pulsar.broker.stats.prometheus.metrics$DataSketchesOpStatsLogger$ThreadLocalAccessor$1:188;2.887213661146053E-26
org.apache.pulsar.broker.stats.prometheus.metrics$DataSketchesOpStatsLogger$LocalData:176;2.887213661146053E-26
org.apache.pulsar.broker.service.schema$JsonSchemaCompatibilityCheck:37;2.887213661146053E-26
org.apache.pulsar.common.naming$NamespaceBundle:42;2.3946136254780903E-26
org.apache.pulsar.broker.namespace$OwnedBundle:55;2.3946136254780903E-26
org.apache.pulsar.broker.service.schema$AvroSchemaCompatibilityCheck:26;2.117535537885138E-26
org.apache.pulsar.broker.service.persistent$SubscribeRateLimiter$ConsumerIdentifier:297;1.9922808510346454E-26
org.apache.pulsar.broker.service.persistent$PersistentDispatcherSingleActiveConsumer:82;1.7653327477710494E-26
org.apache.pulsar.broker.service$AbstractDispatcherSingleActiveConsumer:60;1.56629586992956E-26
org.apache.pulsar.broker.admin.v2$PersistentTopics:80;1.4760727478067992E-26
org.apache.pulsar.broker.service.schema$AvroSchemaBasedCompatibilityCheck:41;1.3914895385553104E-26
org.apache.pulsar.broker.service$ServerCnx:187;5.061048829039685E-27
org.apache.pulsar.broker.service.schema$BookkeeperSchemaStorage$SchemaLocatorDeserializer:636;3.1542209453258577E-27
org.apache.pulsar.broker.service$Producer:94;3.1542209453258577E-27
org.apache.pulsar.broker.service$Consumer:140;3.1542209453258577E-27
org.apache.pulsar.broker.service.persistent$TransactionReader:55;2.996477979496311E-27
org.apache.pulsar.broker.service.persistent$PersistentSubscription:144;2.9208511731845427E-27
org.apache.pulsar.broker.service$AbstractBaseDispatcher:47;2.7061907316258783E-27
org.apache.pulsar.broker.service.persistent$PersistentMessageExpiryMonitor:53;2.269285186113901E-27
org.apache.pulsar.utils$StatsOutputStream:30;2.2134215287911727E-27
org.apache.pulsar.broker.admin.impl$PersistentTopicsBase:138;2.2134215287911727E-27
org.apache.pulsar.broker.namespace$LookupOptions:27;1.4966490676887261E-27
org.apache.pulsar.broker.namespace$LookupOptions$LookupOptionsBuilder:27;1.4966490676887261E-27
org.apache.pulsar.broker.lookup$LookupResult:39;1.4966490676887261E-27
org.apache.pulsar.broker.admin$AdminResource:89;8.151529277672783E-28
org.apache.pulsar.broker.web$PulsarWebResource:78;7.789896784861068E-28
org.apache.pulsar.broker.service$BrokerService$3:1058;7.445695622437258E-28
org.apache.pulsar.broker.systopic$SystemTopicClient:172;7.445695622437258E-28
org.apache.pulsar.broker$PulsarService:229;5.699154618938794E-28
org.apache.pulsar.broker$MessagingServiceShutdownHook:45;5.699154618938794E-28
org.apache.pulsar.broker.service$BrokerService:252;5.699154618938794E-28
org.apache.pulsar.broker.service$PulsarStats:65;5.699154618938794E-28
org.apache.pulsar.broker.stats$NamespaceStats:64;5.699154618938794E-28
org.apache.pulsar.broker.stats$ClusterReplicationMetrics:36;5.699154618938794E-28
org.apache.pulsar.broker.stats$BrokerOperabilityMetrics:40;5.699154618938794E-28
org.apache.pulsar.broker.stats$DimensionStats:43;5.699154618938794E-28
org.apache.pulsar.broker.service$BacklogQuotaManager:54;5.699154618938794E-28
org.apache.pulsar.broker.delayed$InMemoryDelayedDeliveryTrackerFactory:31;5.699154618938794E-28
org.apache.pulsar.broker.stats.prometheus.metrics$ObserverGauge:75;5.699154618938794E-28
org.apache.pulsar.broker.stats.prometheus.metrics$ObserverGauge$Builder:33;5.699154618938794E-28
org.apache.pulsar.broker.stats.prometheus.metrics$ObserverGauge$Child:59;5.699154618938794E-28
org.apache.pulsar.broker.service.persistent$PersistentTopic:223;1.5746675789928834E-28
org.apache.pulsar.broker.service.persistent$SubscribeRateLimiter:50;1.5746675789928834E-28
org.apache.pulsar.compaction$CompactedTopicImpl:63;1.5143027800736866E-28
org.apache.pulsar.broker.service.persistent$MessageDeduplication:126;1.4564536412901249E-28
org.apache.pulsar.broker.service$AbstractTopic:107;1.401006981949943E-28
org.apache.pulsar.broker.loadbalance.impl$LoadManagerShared:94;0.0
org.apache.pulsar.broker$BundleData:42;0.0
org.apache.pulsar.broker$TimeAverageMessageData:47;0.0
org.apache.pulsar.broker.service$TopicPoliciesService$TopicPoliciesServiceDisabled:84;0.0
org.apache.pulsar.broker$PulsarService$State:217;0.0
org.apache.pulsar.broker.protocol$ProtocolHandlerUtils:41;0.0
org.apache.pulsar$ZookeeperSessionExpiredHandlers:29;0.0
org.apache.pulsar.broker.cache$LocalZooKeeperCacheService$1:73;0.0
org.apache.pulsar.broker.cache$ResourceQuotaCache$1:85;0.0
org.apache.pulsar.broker.stats.prometheus.metrics$PrometheusMetricsProvider$1:61;0.0
org.apache.pulsar.broker.service$BrokerService$ConfigField:2261;0.0
org.apache.pulsar.broker.service$PublishRateLimiterDisable:24;0.0
org.apache.pulsar.broker.service$BrokerService$4:1945;0.0
org.apache.pulsar.broker.delayed$DelayedDeliveryTrackerLoader:30;0.0
org.apache.pulsar.broker.stats.prometheus.metrics$Summary:79;0.0
org.apache.pulsar.broker.stats.prometheus.metrics$Summary$Builder:35;0.0
org.apache.pulsar.broker.stats.prometheus.metrics$Summary$Child:53;0.0
org.apache.pulsar.broker.stats.prometheus.metrics$DataSketchesSummaryLogger:49;0.0
org.apache.pulsar.broker.stats.prometheus.metrics$DataSketchesSummaryLogger$ThreadLocalAccessor:108;0.0
org.apache.pulsar.broker.namespace$NamespaceEphemeralData:37;0.0
org.apache.pulsar.broker.service.schema$SchemaCompatibilityCheck:49;0.0
org.apache.pulsar.broker.service.schema$SchemaCompatibilityCheck$1:69;0.0
org.apache.pulsar.broker.intercept$BrokerInterceptors:43;0.0
org.apache.pulsar.broker.intercept$BrokerInterceptorUtils:42;0.0
org.apache.pulsar.broker.intercept$BrokerInterceptor$BrokerInterceptorDisabled:74;0.0
org.apache.pulsar.broker$PulsarService$1:488;0.0
org.apache.pulsar.broker.namespace$ServiceUnitZkUtils:56;0.0
org.apache.pulsar.broker.loadbalance$LeaderElectionService$1:98;0.0
org.apache.pulsar.broker.loadbalance$LeaderBroker:38;0.0
org.apache.pulsar.common.naming$NamespaceBundles:48;0.0
org.apache.pulsar.broker$TransactionMetadataStoreService$1:69;0.0
org.apache.pulsar.broker.admin.impl$BrokerStatsBase:53;0.0
org.apache.pulsar.broker.admin.v2$BrokerStats:41;0.0
org.apache.pulsar.broker$BookKeeperClientFactoryImpl:51;0.0
org.apache.pulsar.broker.loadbalance.impl$SimpleLoadManagerImpl:192;0.0
org.apache.pulsar.broker.loadbalance.impl$WRRPlacementStrategy:36;0.0
org.apache.pulsar.broker.loadbalance.impl$SimpleLoadManagerImpl$1:209;0.0
org.apache.pulsar.broker.loadbalance.impl$SimpleLoadManagerImpl$2:240;0.0
org.apache.pulsar.broker.loadbalance.impl$SimpleLoadManagerImpl$3:247;0.0
org.apache.pulsar.broker.loadbalance.impl$SimpleLoadManagerImpl$4:255;0.0
org.apache.pulsar.broker.loadbalance.impl$SimpleLoadManagerImpl$5:263;0.0
org.apache.pulsar.broker.loadbalance.impl$ResourceAvailabilityRanker:32;0.0
org.apache.pulsar.broker.service$ServerCnx$State:182;0.0
org.apache.pulsar.broker.lookup$TopicLookupBase:54;0.0
org.apache.pulsar.broker.lookup$LookupResult$Type:31;0.0
org.apache.pulsar.broker.service$Topic:220;0.0
org.apache.pulsar.broker.service.persistent$PersistentTopic$1:186;0.0
org.apache.pulsar.broker.service.persistent$DispatchRateLimiter$Type:45;0.0
org.apache.pulsar.broker.service.persistent$DispatchRateLimiter:61;0.0
org.apache.pulsar.broker.service.persistent$MessageDeduplication$Status:63;0.0
org.apache.pulsar.broker.service.persistent$MessageDeduplication$2:213;0.0
org.apache.pulsar.broker.admin.v1$Namespaces:80;0.0
org.apache.pulsar.broker.loadbalance.impl$PulsarLoadReportImpl:43;0.0
org.apache.pulsar.broker.web$RestException:50;0.0
org.apache.pulsar.broker.loadbalance.impl$SimpleLoadCalculatorImpl:26;0.0
org.apache.pulsar$PulsarClusterMetadataSetup:64;0.0
org.apache.pulsar.broker.lookup.v2$TopicLookup:39;0.0
org.apache.pulsar.broker.service$Subscription:41;0.0
org.apache.pulsar.broker.service.persistent$PersistentTopic$2:694;0.0
org.apache.pulsar.broker.service.persistent$PersistentSubscription$2:522;0.0
org.apache.pulsar.broker.service.persistent$PersistentMessageExpiryMonitor$1:105;0.0
org.apache.pulsar.broker.service$RedeliveryTrackerDisabled:29;0.0
org.apache.pulsar.broker.service$Topic$PublishContext:54;0.0
org.apache.pulsar.broker.service.persistent$MessageDeduplication$MessageDupStatus:84;0.0
org.apache.pulsar.broker.admin.v1$PersistentTopics:70;0.0
org.apache.pulsar.broker.lookup.v1$TopicLookup:51;0.0
org.apache.pulsar.broker.service.persistent$PersistentMessageFinder:52;0.0
org.apache.pulsar.broker.service$AbstractReplicator:67;0.0
org.apache.pulsar.broker.service$Replicator:44;0.0
org.apache.pulsar.broker.service.persistent$PersistentReplicator:111;0.0
org.apache.pulsar.broker.service$AbstractReplicator$State:62;0.0
org.apache.pulsar.broker.service.persistent$PersistentReplicator$1:207;0.0
org.apache.pulsar.broker.service.persistent$PersistentReplicator$ProducerSendCallback:487;0.0
org.apache.pulsar.broker.service.persistent$PersistentReplicator$ProducerSendCallback$1:512;0.0
org.apache.pulsar$PulsarClusterMetadataSetup$Arguments:66;0.0
org.apache.pulsar.broker.admin$ZkAdminPaths:46;0.0
org.apache.pulsar.broker.service$PrecisPublishLimiter:37;0.0
org.apache.pulsar.broker.service$PublishRateLimiterImpl:34;0.0
org.apache.pulsar.broker.admin.v2$Bookies:53;0.0
org.apache.pulsar.broker.service.persistent$PersistentTopic$TopicStatsHelper:206;0.0
org.apache.pulsar.broker.service$StreamingStats:27;0.0
org.apache.pulsar.client.api$RawReader:35;0.0
org.apache.pulsar.client.impl$RawReaderImpl:55;0.0
org.apache.pulsar.client.impl$RawReaderImpl$RawConsumerImpl:114;0.0
org.apache.pulsar.broker.service.persistent$PersistentSubscription$6:716;0.0
org.apache.pulsar.client.impl$RawReaderImpl$RawMessageAndCnx:222;0.0
org.apache.pulsar.client.impl$RawMessageImpl:41;0.0
org.apache.pulsar.broker.service.schema.validator$StructSchemaDataValidator:44;0.0
org.apache.pulsar.broker.service.schema.validator$StringSchemaDataValidator:39;0.0
org.apache.pulsar.broker.service.schema.proto$SchemaRegistryFormat$SchemaInfo$SchemaType:508;0.0
org.apache.pulsar.broker.service.schema.proto$SchemaRegistryFormat$SchemaInfo$SchemaType$1:478;0.0
org.apache.pulsar.broker.service$AbstractDispatcherMultipleConsumers:55;0.0
org.apache.pulsar.broker.service.persistent$PersistentDispatcherMultipleConsumers:115;0.0
org.apache.pulsar.broker.service$InMemoryRedeliveryTracker:28;0.0
org.apache.pulsar.broker.service.persistent$PersistentDispatcherMultipleConsumers$ReadType:110;0.0
org.apache.pulsar.broker.delayed$InMemoryDelayedDeliveryTracker:57;0.0
org.apache.pulsar.broker.service.persistent$MessageDeduplication$4:272;0.0
org.apache.pulsar.broker.service.persistent$MessageDeduplication$1:163;0.0
org.apache.pulsar.broker.service.persistent$MessageDeduplication$3:237;0.0
org.apache.pulsar.broker.service.persistent$MessageDeduplication$MessageDupUnknownException:95;0.0
org.apache.pulsar.broker.service$BrokerServiceException$PersistenceException:73;0.0
org.apache.pulsar.broker.service.persistent$ReplicatedSubscriptionSnapshotCache:39;0.0
org.apache.pulsar.broker.service.persistent$ReplicatedSubscriptionsController:70;0.0
org.apache.pulsar.broker.service.persistent$ReplicatedSubscriptionsSnapshotBuilder:63;0.0
org.apache.pulsar.broker.service$BrokerServiceException$NotAllowedException:141;0.0
org.apache.pulsar.compaction$Compactor:53;0.0
org.apache.pulsar.broker.service.persistent$PersistentSubscription$8:1124;0.0
org.apache.pulsar.broker.service.persistent$PersistentSubscription$9:1143;0.0
org.apache.pulsar.broker.service.persistent$PersistentTopic$4:926;0.0
org.apache.pulsar.broker.stats.metrics$AbstractMetrics:66;0.0
org.apache.pulsar.broker.stats.metrics$ManagedLedgerCacheMetrics:39;0.0
org.apache.pulsar.broker.stats.metrics$ManagedLedgerMetrics:41;0.0
org.apache.pulsar.broker.admin.v2$NonPersistentTopics:69;0.0
org.apache.pulsar.broker.service.nonpersistent$NonPersistentTopic:138;0.0
org.apache.pulsar.broker.service.nonpersistent$NonPersistentTopic$1:110;0.0
org.apache.pulsar.broker.service.nonpersistent$NonPersistentSubscription:70;0.0
org.apache.pulsar.broker.service.nonpersistent$NonPersistentDispatcher:62;0.0
org.apache.pulsar.broker.service.nonpersistent$NonPersistentDispatcherSingleActiveConsumer:55;0.0
org.apache.pulsar.broker.service.persistent$PersistentTopic$3:804;0.0
org.apache.pulsar.broker.service$BrokerServiceException$ServiceUnitNotReadyException:61;0.0
org.apache.pulsar.broker.service$HashRangeExclusiveStickyKeyConsumerSelector:35;0.0
org.apache.pulsar.broker.service$BrokerServiceException$ConsumerAssignException:171;0.0
org.apache.pulsar.broker.admin.impl$PersistentTopicsBase$2:2053;0.0
org.apache.pulsar.broker.service$BrokerServiceException$SubscriptionBusyException:135;0.0
org.apache.pulsar.broker.service.persistent$PersistentTopic$6:1268;0.0
org.apache.pulsar.broker.service.persistent$PersistentSubscription$5:638;0.0
org.apache.pulsar.broker.service.schema.exceptions$SchemaException:31;0.0
org.apache.pulsar.broker.service.schema.exceptions$InvalidSchemaDataException:29;0.0
org.apache.pulsar.broker.service.schema.validator$PrimitiveSchemaDataValidator:35;0.0
org.apache.pulsar.broker.service.schema.exceptions$IncompatibleSchemaException:29;0.0
org.apache.pulsar.broker.admin.v2$SchemasResource:92;0.0
org.apache.pulsar.broker.service.schema$ProtobufSchemaCompatibilityCheck:26;0.0
org.apache.pulsar.broker.service$BrokerServiceException$ServerMetadataException:89;0.0
org.apache.pulsar.broker.service$BrokerServiceException$NamingException:99;0.0
org.apache.pulsar.broker.service.persistent$PersistentTopic$7:2002;0.0
org.apache.pulsar.broker.service$BrokerServiceException$TopicTerminatedException:79;0.0
org.apache.pulsar.broker.service$BrokerServiceException$TopicFencedException:105;0.0
org.apache.pulsar.broker.service.persistent$PersistentSubscription$3:579;0.0
org.apache.pulsar.broker.service$BrokerServiceException$SubscriptionNotFoundException:129;0.0
org.apache.pulsar.broker.service$BrokerServiceException$ConsumerBusyException:49;0.0
org.apache.pulsar.broker.service.persistent$PersistentStickyKeyDispatcherMultipleConsumers:72;0.0
org.apache.pulsar.broker.service.persistent$PersistentStickyKeyDispatcherMultipleConsumers$1:133;0.0
org.apache.pulsar.broker.service$HashRangeAutoSplitStickyKeyConsumerSelector:64;0.0
org.apache.pulsar.broker.service$ConsistentHashingStickyKeyConsumerSelector:46;0.0
org.apache.pulsar.broker.service$BrokerServiceException$TopicNotFoundException:123;0.0
org.apache.pulsar.broker.admin.impl$BrokersBase:78;0.0
org.apache.pulsar.broker.admin.v2$Brokers:31;0.0
org.apache.pulsar.broker.service.persistent$CompactorSubscription:43;0.0
org.apache.pulsar.broker.service.persistent$CompactorSubscription$1:74;0.0
org.apache.pulsar.broker.service$BrokerServiceException$TopicBusyException:117;0.0
org.apache.pulsar.broker.service$BrokerServiceException$ProducerBusyException:55;0.0
org.apache.pulsar.broker.service.schema$DefaultSchemaRegistryService:31;0.0
org.apache.pulsar.broker.service$BrokerServiceException$UnsupportedVersionException:153;0.0
org.apache.pulsar.broker.service$ServerCnx$1:1532;0.0
org.apache.pulsar.broker.service$BrokerService$2:824;0.0
