name;suspiciousness_value
org.apache.ignite.spi.discovery.zk$ZookeeperDiscoverySpi#clientReconnectSupported():239;0.9856527977044476
org.apache.ignite.spi.discovery.zk.internal$ZookeeperDiscoveryImpl#generateNoServersEvent(org.apache.ignite.spi.discovery.zk.internal.ZkDiscoveryEventsData,org.apache.zookeeper.data.Stat):1410;0.9828326180257511
org.apache.ignite.spi.discovery.zk.internal$ZookeeperDiscoveryImpl#processNoServersMessage(org.apache.ignite.spi.discovery.zk.internal.ZkNoServersMessage):3017;0.9828326180257511
org.apache.ignite.spi.discovery.zk.internal$ZkNoServersMessage#ZkNoServersMessage():27;0.9828326180257511
org.apache.ignite.spi.discovery.zk.internal$ZookeeperClusterNode#onClientDisconnected(java.util.UUID):295;0.9621848739495799
org.apache.ignite.spi.discovery.zk.internal$ZookeeperDiscoveryImpl#disconnectError():247;0.9621848739495799
org.apache.ignite.spi.discovery.zk.internal$ZookeeperDiscoveryImpl#doReconnect(java.util.UUID):466;0.9621848739495799
org.apache.ignite.spi.discovery.zk.internal$ZookeeperDiscoveryImpl$ReconnectClosure#ZookeeperDiscoveryImpl$ReconnectClosure(org.apache.ignite.spi.discovery.zk.internal.ZookeeperDiscoveryImpl,java.util.UUID):4002;0.9621848739495799
org.apache.ignite.spi.discovery.zk.internal$ZookeeperDiscoveryImpl$ReconnectClosure#run():4010;0.9621848739495799
org.apache.ignite.spi.discovery.zk$ZookeeperDiscoverySpi#clientReconnect():244;0.9581589958158997
org.apache.ignite.spi.discovery.zk.internal$ZookeeperDiscoveryImpl#reconnect():434;0.9581589958158997
org.apache.ignite.spi.discovery.zk.internal$ZookeeperClusterNode#setAttributes(java.util.Map):191;0.9541666666666667
org.apache.ignite.spi.discovery.zk.internal$ZookeeperDiscoveryImpl$ClientPreviousNodeWatcher#onPreviousNodeFail():4287;0.8875968992248062
org.apache.ignite.spi.discovery.zk.internal$ZookeeperDiscoveryImpl$JoinTimeoutObject#ZookeeperDiscoveryImpl$JoinTimeoutObject(org.apache.ignite.spi.discovery.zk.internal.ZookeeperDiscoveryImpl,long):1168;0.8841698841698842
org.apache.ignite.spi.discovery.zk.internal$ZookeeperDiscoveryImpl#localNodeFail(java.lang.String,boolean):3499;0.8641509433962264
org.apache.ignite.spi.discovery.zk.internal$ZookeeperClientFailedException#ZookeeperClientFailedException(java.lang.String):31;0.8641509433962264
org.apache.ignite.spi.discovery.zk$ZookeeperDiscoverySpi#setJoinTimeout(long):192;0.8513011152416357
org.apache.ignite.spi.discovery.zk.internal$ZookeeperDiscoveryImpl$JoinTimeoutObject#onTimeout():1174;0.8513011152416357
org.apache.ignite.spi.discovery.zk.internal$ZookeeperDiscoveryImpl$JoinTimeoutObject$1#run():1179;0.8513011152416357
org.apache.ignite.spi.discovery.zk$ZookeeperDiscoverySpi#pingNode(java.util.UUID):351;0.8450184501845018
org.apache.ignite.spi.discovery.zk.internal$ZookeeperDiscoveryImpl#pingNode(java.util.UUID):370;0.8450184501845018
org.apache.ignite.spi.discovery.zk.internal$ZookeeperDiscoveryImpl#checkClientsStatus(java.util.List):1321;0.8237410071942446
org.apache.ignite.spi.discovery.zk.internal$ZookeeperDiscoveryImpl#onFatalError(org.apache.ignite.internal.util.GridSpinBusyLock,java.lang.Throwable):3889;0.8237410071942446
org.apache.ignite.spi.discovery.zk.internal$ZkAbstractCallabck#onProcessError(java.lang.Throwable):81;0.8237410071942446
org.apache.ignite.spi.discovery.zk.internal$ZookeeperDiscoveryImpl$CheckClientsStatusCallback#ZookeeperDiscoveryImpl$CheckClientsStatusCallback(org.apache.ignite.spi.discovery.zk.internal.ZookeeperDiscoveryImpl,org.apache.ignite.spi.discovery.zk.internal.ZkRuntimeState):4322;0.8237410071942446
org.apache.ignite.spi.discovery.zk.internal$ZookeeperDiscoveryImpl$CheckClientsStatusCallback#processResult0(int,java.lang.String,java.lang.Object,java.util.List,org.apache.zookeeper.data.Stat):4330;0.8237410071942446
org.apache.ignite.spi.discovery.zk.internal$ZookeeperDiscoveryImpl$ClientPreviousNodeWatcher#ZookeeperDiscoveryImpl$ClientPreviousNodeWatcher(org.apache.ignite.spi.discovery.zk.internal.ZookeeperDiscoveryImpl,org.apache.ignite.spi.discovery.zk.internal.ZkRuntimeState):4279;0.8237410071942446
org.apache.ignite.spi.discovery.zk$ZookeeperDiscoverySpi#getJoinTimeout():183;0.8178571428571428
org.apache.ignite.spi.discovery.zk$ZookeeperDiscoverySpi#isClientReconnectDisabled():221;0.8178571428571428
org.apache.ignite.spi.discovery.zk.internal$ZookeeperDiscoveryImpl#processInternalMessage(org.apache.ignite.spi.discovery.zk.internal.ZkDiscoveryCustomEventData,org.apache.ignite.spi.discovery.zk.internal.ZkInternalMessage):2997;0.8063380281690141
org.apache.ignite.spi.discovery.zk.internal$ZookeeperDiscoveryImpl#runInWorkerThread(java.lang.Runnable):3799;0.7815699658703071
org.apache.ignite.spi.discovery.zk.internal$ZookeeperDiscoveryImpl$CheckJoinErrorWatcher#processResult(int,java.lang.String,java.lang.Object,byte[],org.apache.zookeeper.data.Stat):1239;0.7411003236245954
org.apache.ignite.spi.discovery.zk.internal$ZookeeperDiscoveryImpl$CheckJoinErrorWatcher$1#onTimeout():1222;0.70679012345679
org.apache.ignite.spi.discovery.zk.internal$ZookeeperDiscoveryImpl$PingFuture#ZookeeperDiscoveryImpl$PingFuture(org.apache.ignite.spi.discovery.zk.internal.ZookeeperDiscoveryImpl,org.apache.ignite.spi.discovery.zk.internal.ZkRuntimeState,org.apache.ignite.spi.discovery.zk.internal.ZookeeperClusterNode):4356;0.70679012345679
org.apache.ignite.spi.discovery.zk.internal$ZookeeperDiscoveryImpl$PingFuture#onDone(java.lang.Boolean,java.lang.Throwable):4409;0.70679012345679
org.apache.ignite.spi.discovery.zk.internal$ZookeeperDiscoveryImpl$PingFuture#checkNodeAndState():4422;0.70679012345679
org.apache.ignite.spi.discovery.zk.internal$ZkAbstractCallabck#onStartFailed():68;0.7055802807257788
org.apache.ignite.spi.discovery.zk.internal$ZkDiscoveryCustomEventData#ZkDiscoveryCustomEventData(long,long,long,java.util.UUID,org.apache.ignite.spi.discovery.DiscoverySpiCustomMessage,java.lang.String):62;0.6656976744186047
org.apache.ignite.spi.discovery.zk.internal$ZkDiscoveryCustomEventData#ackEvent():77;0.6656976744186047
org.apache.ignite.spi.discovery.zk.internal$ZkCommunicationErrorProcessFuture#onError(java.lang.Exception):224;0.6468926553672316
org.apache.ignite.spi.discovery.zk.internal$ZookeeperDiscoveryImpl#log():254;0.6239782016348775
org.apache.ignite.spi.discovery.zk.internal$ZookeeperDiscoveryImpl#node(long):279;0.6239782016348775
org.apache.ignite.spi.discovery.zk.internal$ZookeeperDiscoveryImpl#clearCommunicationErrorProcessFuture(org.apache.ignite.spi.discovery.zk.internal.ZkCommunicationErrorProcessFuture):288;0.6239782016348775
org.apache.ignite.spi.discovery.zk.internal$ZkCommunicationErrorProcessFuture#ZkCommunicationErrorProcessFuture(org.apache.ignite.spi.discovery.zk.internal.ZookeeperDiscoveryImpl,org.apache.ignite.spi.discovery.zk.internal.ZkCommunicationErrorProcessFuture$State,long):98;0.6239782016348775
org.apache.ignite.spi.discovery.zk.internal$ZkCommunicationErrorProcessFuture#createOnCommunicationError(org.apache.ignite.spi.discovery.zk.internal.ZookeeperDiscoveryImpl,long):82;0.6239782016348775
org.apache.ignite.spi.discovery.zk.internal$ZkCommunicationErrorProcessFuture#scheduleCheckOnTimeout():192;0.6239782016348775
org.apache.ignite.spi.discovery.zk.internal$ZkCommunicationErrorProcessFuture#nodeStatusFuture(org.apache.ignite.cluster.ClusterNode):287;0.6239782016348775
org.apache.ignite.spi.discovery.zk.internal$ZkCommunicationErrorProcessFuture#endTime():373;0.6239782016348775
org.apache.ignite.spi.discovery.zk.internal$ZkCommunicationErrorProcessFuture#onDone(java.lang.Void,java.lang.Throwable):384;0.6239782016348775
org.apache.ignite.spi.discovery.zk.internal$ZookeeperClusterNode#sessionTimeout():302;0.6222826086956522
org.apache.ignite.spi.discovery.zk$ZookeeperDiscoverySpi#knownNode(java.util.UUID):249;0.6205962059620596
org.apache.ignite.spi.discovery.zk.internal$ZookeeperDiscoveryImpl#knownNode(java.util.UUID):575;0.6205962059620596
org.apache.ignite.spi.discovery.zk.internal$ZookeeperDiscoveryImpl#checkState():558;0.6189189189189189
org.apache.ignite.spi.discovery.zk$ZookeeperDiscoverySpi#resolveCommunicationFailure(org.apache.ignite.cluster.ClusterNode,java.lang.Exception):259;0.6074270557029178
org.apache.ignite.spi.discovery.zk.internal$ZookeeperDiscoveryImpl#resolveCommunicationError(org.apache.ignite.cluster.ClusterNode,java.lang.Exception):298;0.6074270557029178
org.apache.ignite.spi.discovery.zk.internal$ZookeeperDiscoveryImpl#previousCoordinatorCleanup(org.apache.ignite.spi.discovery.zk.internal.ZkDiscoveryEventsData):1441;0.597911227154047
org.apache.ignite.spi.discovery.zk.internal$ZookeeperDiscoveryImpl$PreviousNodeWatcher#process0(org.apache.zookeeper.WatchedEvent):4218;0.5871794871794872
org.apache.ignite.spi.discovery.zk.internal$ZkCommunicationErrorProcessFuture#id():368;0.5654320987654321
org.apache.ignite.spi.discovery.zk.internal$ZookeeperDiscoveryImpl#notifyCustomEvent(org.apache.ignite.spi.discovery.zk.internal.ZkDiscoveryCustomEventData,org.apache.ignite.spi.discovery.DiscoverySpiCustomMessage):3417;0.5621931260229133
org.apache.ignite.spi.discovery.zk$ZookeeperDiscoverySpi#sendCustomEvent(org.apache.ignite.spi.discovery.DiscoverySpiCustomMessage):407;0.5576298701298701
org.apache.ignite.spi.discovery.zk.internal$ZookeeperDiscoveryImpl#updateProcessedEvents(org.apache.ignite.spi.discovery.zk.internal.ZkRuntimeState):2871;0.5558252427184466
org.apache.ignite.spi.discovery.zk.internal$ZkDiscoveryEventData#onAckReceived(java.lang.Long,long):117;0.5558252427184466
org.apache.ignite.spi.discovery.zk.internal$ZookeeperDiscoveryStatistics#onNodeFailed():46;0.5531400966183575
org.apache.ignite.spi.discovery.zk.internal$ZookeeperDiscoveryImpl#generateNodeFail(java.util.TreeMap,org.apache.ignite.spi.discovery.zk.internal.ZookeeperClusterNode):2099;0.5531400966183575
org.apache.ignite.spi.discovery.zk.internal$ZookeeperDiscoveryImpl#notifyNodeFail(org.apache.ignite.spi.discovery.zk.internal.ZkDiscoveryNodeFailEventData):3464;0.5531400966183575
org.apache.ignite.spi.discovery.zk.internal$ZookeeperDiscoveryImpl#notifyNodeFail(long,long):3472;0.5531400966183575
org.apache.ignite.spi.discovery.zk.internal$ZookeeperDiscoveryImpl#handleProcessedEventsOnNodesFail(java.util.List):3683;0.5531400966183575
org.apache.ignite.spi.discovery.zk.internal$ZkClusterNodes#removeNode(long):88;0.5531400966183575
org.apache.ignite.spi.discovery.zk.internal$ZkDiscoveryNodeFailEventData#ZkDiscoveryNodeFailEventData(long,long,long):36;0.5531400966183575
org.apache.ignite.spi.discovery.zk.internal$ZkDiscoveryNodeFailEventData#failedNodeInternalId():45;0.5531400966183575
org.apache.ignite.spi.discovery.zk.internal$ZkDiscoveryNodeFailEventData#toString():50;0.5531400966183575
org.apache.ignite.spi.discovery.zk.internal$ZookeeperDiscoveryImpl#sendCustomMessage(org.apache.ignite.spi.discovery.DiscoverySpiCustomMessage):610;0.5531400966183575
org.apache.ignite.spi.discovery.zk.internal$ZookeeperDiscoveryImpl#saveCustomMessage(org.apache.ignite.spi.discovery.zk.internal.ZookeeperClient,byte[]):654;0.5531400966183575
org.apache.ignite.spi.discovery.zk.internal$ZookeeperDiscoveryImpl#readCustomEventData(org.apache.ignite.spi.discovery.zk.internal.ZookeeperClient,java.lang.String,java.util.UUID):2332;0.5531400966183575
org.apache.ignite.spi.discovery.zk.internal$ZookeeperDiscoveryImpl#generateAndProcessCustomEventOnCoordinator(java.lang.String,org.apache.ignite.spi.discovery.zk.internal.ZookeeperClusterNode,org.apache.ignite.spi.discovery.DiscoverySpiCustomMessage):2417;0.5531400966183575
org.apache.ignite.spi.discovery.zk.internal$ZookeeperDiscoveryImpl#deleteCustomEventDataAsync(org.apache.ignite.spi.discovery.zk.internal.ZookeeperClient,java.lang.String):2555;0.5531400966183575
org.apache.ignite.spi.discovery.zk.internal$ZookeeperDiscoveryImpl#handleProcessedCustomEvent(java.lang.String,org.apache.ignite.spi.discovery.zk.internal.ZkDiscoveryCustomEventData):3762;0.5531400966183575
org.apache.ignite.spi.discovery.zk.internal$ZkIgnitePaths#customEventSequence(java.lang.String):163;0.5531400966183575
org.apache.ignite.spi.discovery.zk.internal$ZkIgnitePaths#customEventSendNodeId(java.lang.String):174;0.5531400966183575
org.apache.ignite.spi.discovery.zk.internal$ZkIgnitePaths#customEventPrefix(java.lang.String):188;0.5531400966183575
org.apache.ignite.spi.discovery.zk.internal$ZkIgnitePaths#customEventPartsCount(java.lang.String):197;0.5531400966183575
org.apache.ignite.spi.discovery.zk.internal$ZkIgnitePaths#createCustomEventPath(java.lang.String,java.util.UUID,int):215;0.5531400966183575
org.apache.ignite.spi.discovery.zk.internal$ZookeeperDiscoveryImpl#unmarshalJoinData(java.util.UUID,java.util.UUID):1817;0.5498199279711885
org.apache.ignite.spi.discovery.zk.internal$ZookeeperDiscoveryStatistics#onNodeJoined():41;0.5491606714628297
org.apache.ignite.spi.discovery.zk.internal$ZookeeperClusterNode#ZookeeperClusterNode():108;0.5491606714628297
org.apache.ignite.spi.discovery.zk.internal$ZookeeperClusterNode#readExternal(java.io.ObjectInput):364;0.5491606714628297
org.apache.ignite.spi.discovery.zk.internal$ZookeeperDiscoveryImpl#deleteMultiplePartsAsync(org.apache.ignite.spi.discovery.zk.internal.ZookeeperClient,java.lang.String,int):866;0.5491606714628297
org.apache.ignite.spi.discovery.zk.internal$ZookeeperDiscoveryImpl#readMultipleParts(org.apache.ignite.spi.discovery.zk.internal.ZookeeperClient,java.lang.String,int):882;0.5491606714628297
org.apache.ignite.spi.discovery.zk.internal$ZookeeperDiscoveryImpl#multipartPathName(java.lang.String,int):945;0.5491606714628297
org.apache.ignite.spi.discovery.zk.internal$ZookeeperDiscoveryImpl#generateBulkJoinEvent(java.util.TreeMap,org.apache.ignite.spi.discovery.zk.internal.ZkBulkJoinContext):1697;0.5491606714628297
org.apache.ignite.spi.discovery.zk.internal$ZookeeperDiscoveryImpl#unmarshalJoinDataOnCoordinator(java.util.UUID,java.util.UUID,java.lang.String):1845;0.5491606714628297
org.apache.ignite.spi.discovery.zk.internal$ZookeeperDiscoveryImpl#processJoinOnCoordinator(org.apache.ignite.spi.discovery.zk.internal.ZkBulkJoinContext,java.util.TreeMap,long,java.lang.String):1901;0.5491606714628297
org.apache.ignite.spi.discovery.zk.internal$ZookeeperDiscoveryImpl#validateJoiningNode(org.apache.ignite.spi.discovery.zk.internal.ZookeeperClusterNode):1974;0.5491606714628297
org.apache.ignite.spi.discovery.zk.internal$ZookeeperDiscoveryImpl#authenticateNode(org.apache.ignite.spi.discovery.zk.internal.ZookeeperClusterNode):2005;0.5491606714628297
org.apache.ignite.spi.discovery.zk.internal$ZookeeperDiscoveryImpl#addJoinedNode(org.apache.ignite.spi.discovery.zk.internal.ZkBulkJoinContext,java.util.TreeMap,org.apache.ignite.spi.discovery.zk.internal.ZkJoiningNodeData,long,java.util.UUID,byte[]):2134;0.5491606714628297
org.apache.ignite.spi.discovery.zk.internal$ZookeeperDiscoveryImpl#saveData(java.lang.String,byte[],int):2202;0.5491606714628297
org.apache.ignite.spi.discovery.zk.internal$ZookeeperDiscoveryImpl#readAndInitSecuritySubject(org.apache.ignite.spi.discovery.zk.internal.ZookeeperClusterNode,org.apache.ignite.spi.discovery.zk.internal.ZkJoinedNodeEvtData):2888;0.5491606714628297
org.apache.ignite.spi.discovery.zk.internal$ZookeeperDiscoveryImpl#processLocalJoin(org.apache.ignite.spi.discovery.zk.internal.ZkDiscoveryEventsData,org.apache.ignite.spi.discovery.zk.internal.ZkJoinedNodeEvtData,org.apache.ignite.spi.discovery.zk.internal.ZkDiscoveryNodeJoinEventData):2908;0.5491606714628297
org.apache.ignite.spi.discovery.zk.internal$ZookeeperDiscoveryImpl#notifyNodeJoin(org.apache.ignite.spi.discovery.zk.internal.ZkJoinedNodeEvtData,org.apache.ignite.spi.discovery.zk.internal.ZkJoiningNodeData):3443;0.5491606714628297
org.apache.ignite.spi.discovery.zk.internal$ZookeeperDiscoveryImpl#handleProcessedJoinEventAsync(org.apache.ignite.spi.discovery.zk.internal.ZkDiscoveryNodeJoinEventData):3707;0.5491606714628297
org.apache.ignite.spi.discovery.zk.internal$ZookeeperDiscoveryImpl#deleteDataForJoinedAsync(org.apache.ignite.spi.discovery.zk.internal.ZkDiscoveryNodeJoinEventData):3746;0.5491606714628297
org.apache.ignite.spi.discovery.zk.internal$ZkIgnitePaths#aliveNodeId(java.lang.String):151;0.5491606714628297
org.apache.ignite.spi.discovery.zk.internal$ZkIgnitePaths#joinEventDataPathForJoined(long):242;0.5491606714628297
org.apache.ignite.spi.discovery.zk.internal$ZkJoiningNodeData#partCount():66;0.5491606714628297
org.apache.ignite.spi.discovery.zk.internal$ZkJoiningNodeData#node():73;0.5491606714628297
org.apache.ignite.spi.discovery.zk.internal$ZkJoiningNodeData#discoveryData():80;0.5491606714628297
org.apache.ignite.spi.discovery.zk.internal$ZookeeperDiscoveryImpl$AliveNodeDataWatcher#process0(org.apache.zookeeper.WatchedEvent):4146;0.5491606714628297
org.apache.ignite.spi.discovery.zk.internal$ZookeeperDiscoveryImpl$AliveNodeDataWatcher#processResult(int,java.lang.String,java.lang.Object,byte[],org.apache.zookeeper.data.Stat):4152;0.5491606714628297
org.apache.ignite.spi.discovery.zk.internal$ZookeeperDiscoveryImpl$AliveNodeDataWatcher#processResult0(int,java.lang.String,byte[]):4174;0.5491606714628297
org.apache.ignite.spi.discovery.zk.internal$ZkDiscoveryEventsData#communicationErrorResolveFutureId():102;0.5491606714628297
org.apache.ignite.spi.discovery.zk.internal$ZkBulkJoinContext#addJoinedNode(org.apache.ignite.spi.discovery.zk.internal.ZkJoinedNodeEvtData,java.util.Map):38;0.5491606714628297
org.apache.ignite.spi.discovery.zk.internal$ZkNodeValidateResult#ZkNodeValidateResult(byte[]):40;0.5491606714628297
org.apache.ignite.spi.discovery.zk.internal$ZkJoinedNodeEvtData#ZkJoinedNodeEvtData(long,java.util.UUID,long,java.util.UUID,int,int):66;0.5491606714628297
org.apache.ignite.spi.discovery.zk.internal$ZkJoinedNodeEvtData#toString():77;0.5491606714628297
org.apache.ignite.spi.discovery.zk.internal$ZkJoinEventDataForJoined#ZkJoinEventDataForJoined(java.util.List,java.util.Map,java.util.Map):45;0.5491606714628297
org.apache.ignite.spi.discovery.zk.internal$ZkJoinEventDataForJoined#discoveryDataForNode(long):55;0.5491606714628297
org.apache.ignite.spi.discovery.zk.internal$ZkJoinEventDataForJoined#topology():79;0.5491606714628297
org.apache.ignite.spi.discovery.zk.internal$ZkDiscoveryNodeJoinEventData#ZkDiscoveryNodeJoinEventData(long,long,java.util.List,int):47;0.5491606714628297
org.apache.ignite.spi.discovery.zk.internal$ZkDiscoveryNodeJoinEventData#toString():55;0.5491606714628297
org.apache.ignite.spi.discovery.zk.internal$ZookeeperDiscoveryImpl#processBulkJoin(org.apache.ignite.spi.discovery.zk.internal.ZkDiscoveryEventsData,org.apache.ignite.spi.discovery.zk.internal.ZkDiscoveryNodeJoinEventData):2759;0.5478468899521531
org.apache.ignite.spi.discovery.zk.internal$ZookeeperClient#existsAsync(java.lang.String,org.apache.zookeeper.Watcher,org.apache.zookeeper.AsyncCallback$StatCallback):710;0.5465393794749404
org.apache.ignite.spi.discovery.zk.internal$ZookeeperDiscoveryImpl$PreviousNodeWatcher#ZookeeperDiscoveryImpl$PreviousNodeWatcher(org.apache.ignite.spi.discovery.zk.internal.ZookeeperDiscoveryImpl,org.apache.ignite.spi.discovery.zk.internal.ZkRuntimeState):4212;0.5465393794749404
org.apache.ignite.spi.discovery.zk.internal$ZookeeperDiscoveryImpl$PreviousNodeWatcher#processResult(int,java.lang.String,java.lang.Object,org.apache.zookeeper.data.Stat):4228;0.5465393794749404
org.apache.ignite.spi.discovery.zk.internal$ZookeeperClient$ExistsOperation#ZookeeperClient$ExistsOperation(org.apache.ignite.spi.discovery.zk.internal.ZookeeperClient,java.lang.String,org.apache.zookeeper.Watcher,org.apache.zookeeper.AsyncCallback$StatCallback):983;0.5465393794749404
org.apache.ignite.spi.discovery.zk.internal$ZookeeperClient$StatCallbackWrapper#ZookeeperClient$StatCallbackWrapper(org.apache.ignite.spi.discovery.zk.internal.ZookeeperClient,org.apache.ignite.spi.discovery.zk.internal.ZookeeperClient$ExistsOperation):1177;0.5465393794749404
org.apache.ignite.spi.discovery.zk.internal$ZookeeperClient$StatCallbackWrapper#processResult(int,java.lang.String,java.lang.Object,org.apache.zookeeper.data.Stat):1183;0.5465393794749404
org.apache.ignite.spi.discovery.zk.internal$ZookeeperDiscoveryImpl$PingFuture#endTime():4372;0.5465393794749404
org.apache.ignite.spi.discovery.zk.internal$ZookeeperDiscoveryImpl#saveAndProcessNewEvents():2061;0.541371158392435
org.apache.ignite.spi.discovery.zk.internal$ZookeeperDiscoveryImpl#handleProcessedEvents(java.lang.String):3560;0.541371158392435
org.apache.ignite.spi.discovery.zk.internal$ZkDiscoveryEventsData#addEvent(java.util.Collection,org.apache.ignite.spi.discovery.zk.internal.ZkDiscoveryEventData):117;0.541371158392435
org.apache.ignite.spi.discovery.zk.internal$ZkDiscoveryEventData#ZkDiscoveryEventData(long,byte,long):61;0.541371158392435
org.apache.ignite.spi.discovery.zk.internal$ZkDiscoveryEventData#initRemainingAcks(java.util.Collection):73;0.541371158392435
org.apache.ignite.spi.discovery.zk.internal$ZkDiscoveryEventData#allAcksReceived():101;0.541371158392435
org.apache.ignite.spi.discovery.zk.internal$ZkDiscoveryEventData#eventId():149;0.541371158392435
org.apache.ignite.spi.discovery.zk.internal$ZkDiscoveryEventData#topologyVersion():163;0.541371158392435
org.apache.ignite.spi.discovery.zk$ZookeeperDiscoverySpi#isClientMode():424;0.5388235294117647
org.apache.ignite.spi.discovery.zk.internal$ZookeeperDiscoveryImpl#stopping():500;0.5388235294117647
org.apache.ignite.spi.discovery.zk.internal$ZkDiscoveryEventData#onNodeFail(org.apache.ignite.spi.discovery.zk.internal.ZookeeperClusterNode):130;0.538506760728983
org.apache.ignite.spi.discovery.zk.internal$ZkClusterNodes#topologySnapshot():60;0.5337995337995338
org.apache.ignite.spi.discovery.zk.internal$ZookeeperClient#deleteIfExistsNoRetry(java.lang.String,int):535;0.5300925925925926
org.apache.ignite.spi.discovery.zk.internal$ZkDiscoveryEventData#eventType():156;0.5288683602771364
org.apache.ignite.spi.discovery.zk$ZookeeperDiscoverySpi#getNode(java.util.UUID):346;0.5276497695852534
org.apache.ignite.spi.discovery.zk$ZookeeperDiscoverySpi#getGridStartTime():402;0.5276497695852534
org.apache.ignite.spi.discovery.zk.internal$ZookeeperClusterNode#isCacheClient():173;0.5276497695852534
org.apache.ignite.spi.discovery.zk.internal$ZookeeperClusterNode#metrics():205;0.5276497695852534
org.apache.ignite.spi.discovery.zk.internal$ZookeeperClusterNode#addresses():255;0.5276497695852534
org.apache.ignite.spi.discovery.zk.internal$ZookeeperClusterNode#hostNames():260;0.5276497695852534
org.apache.ignite.spi.discovery.zk.internal$ZookeeperClusterNode#order():265;0.5276497695852534
org.apache.ignite.spi.discovery.zk.internal$ZookeeperClusterNode#internalId():272;0.5276497695852534
org.apache.ignite.spi.discovery.zk.internal$ZookeeperClusterNode#internalId(long):279;0.5276497695852534
org.apache.ignite.spi.discovery.zk.internal$ZookeeperClusterNode#order(long):286;0.5276497695852534
org.apache.ignite.spi.discovery.zk.internal$ZookeeperClusterNode#version():307;0.5276497695852534
org.apache.ignite.spi.discovery.zk.internal$ZookeeperClusterNode#hashCode():400;0.5276497695852534
org.apache.ignite.spi.discovery.zk.internal$ZookeeperClusterNode#equals(java.lang.Object):405;0.5276497695852534
org.apache.ignite.spi.discovery.zk.internal$ZookeeperClusterNode#toString():410;0.5276497695852534
org.apache.ignite.spi.discovery.zk.internal$ZookeeperDiscoveryImpl#node(java.util.UUID):269;0.5276497695852534
org.apache.ignite.spi.discovery.zk.internal$ZookeeperDiscoveryImpl#gridStartTime():687;0.5276497695852534
org.apache.ignite.spi.discovery.zk.internal$ZookeeperDiscoveryImpl#watchAliveNodeData(java.lang.String):1547;0.5276497695852534
org.apache.ignite.spi.discovery.zk.internal$ZookeeperDiscoveryImpl#generateTopologyEvents(java.util.List):1560;0.5276497695852534
org.apache.ignite.spi.discovery.zk.internal$ZookeeperDiscoveryImpl#generateJoinEvents(java.util.TreeMap,java.util.TreeMap,int):1648;0.5276497695852534
org.apache.ignite.spi.discovery.zk.internal$ZookeeperDiscoveryImpl#cleanupPreviousClusterData(long):2274;0.5276497695852534
org.apache.ignite.spi.discovery.zk.internal$ZookeeperDiscoveryImpl#generateCustomEvents(java.util.List):2349;0.5276497695852534
org.apache.ignite.spi.discovery.zk.internal$ZkClusterNodes#addNode(org.apache.ignite.spi.discovery.zk.internal.ZookeeperClusterNode):67;0.5276497695852534
org.apache.ignite.spi.discovery.zk.internal$ZookeeperClient#setData(java.lang.String,byte[],int):639;0.5276497695852534
org.apache.ignite.spi.discovery.zk.internal$ZkAbstractWatcher#process(org.apache.zookeeper.WatchedEvent):37;0.5276497695852534
org.apache.ignite.spi.discovery.zk.internal$ZookeeperDiscoveryImpl$ZkWatcher#process0(org.apache.zookeeper.WatchedEvent):4070;0.5276497695852534
org.apache.ignite.spi.discovery.zk.internal$ZookeeperDiscoveryImpl$ZkWatcher#processResult(int,java.lang.String,java.lang.Object,java.util.List,org.apache.zookeeper.data.Stat):4090;0.5276497695852534
org.apache.ignite.spi.discovery.zk.internal$ZkDiscoveryEventsData#ZkDiscoveryEventsData(java.util.UUID,long,long,java.util.TreeMap):83;0.5276497695852534
org.apache.ignite.spi.discovery.zk.internal$ZkDiscoveryEventsData#createForNewCluster(long):64;0.5276497695852534
org.apache.ignite.spi.discovery.zk.internal$ZkDiscoveryEventsData#onNodeJoin(org.apache.ignite.spi.discovery.zk.internal.ZookeeperClusterNode):94;0.5276497695852534
org.apache.ignite.spi.discovery.zk.internal$ZkBulkJoinContext#ZkBulkJoinContext():29;0.5276497695852534
org.apache.ignite.spi.discovery.zk.internal$ZkBulkJoinContext#nodes():48;0.5276497695852534
org.apache.ignite.spi.discovery.zk.internal$ZookeeperDiscoveryImpl#processNewEvents(org.apache.ignite.spi.discovery.zk.internal.ZkDiscoveryEventsData):2624;0.5264367816091954
org.apache.ignite.spi.discovery.zk.internal$ZookeeperDiscoveryImpl#onEventProcessed(org.apache.ignite.spi.discovery.zk.internal.ZkRuntimeState,boolean,boolean):2815;0.5264367816091954
org.apache.ignite.spi.discovery.zk.internal$ZookeeperDiscoveryImpl#unmarshalZip(byte[]):3928;0.5264367816091954
org.apache.ignite.spi.discovery.zk.internal$ZookeeperClient#deleteAll(java.lang.String,java.util.List,int):570;0.5264367816091954
org.apache.ignite.spi.discovery.zk$ZookeeperDiscoverySpi#setClientReconnectDisabled(boolean):232;0.5252293577981652
org.apache.ignite.spi.discovery.zk$ZookeeperDiscoverySpi#getAuthenticator():397;0.5252293577981652
org.apache.ignite.spi.discovery.zk.internal$ZookeeperDiscoveryImpl#checkIsCoordinator(java.util.List):1276;0.5252293577981652
org.apache.ignite.spi.discovery.zk.internal$ZookeeperDiscoveryImpl#onBecomeCoordinator(java.util.List):1471;0.5252293577981652
org.apache.ignite.spi.discovery.zk.internal$ZookeeperDiscoveryImpl#newClusterStarted(org.apache.ignite.spi.discovery.zk.internal.ZkDiscoveryEventsData):2224;0.5252293577981652
org.apache.ignite.spi.discovery.zk.internal$ZookeeperDiscoveryImpl#deleteJoiningNodeData(java.util.UUID,java.util.UUID,int):3731;0.5252293577981652
org.apache.ignite.spi.discovery.zk.internal$ZkIgnitePaths#joiningNodeDataPath(java.util.UUID,java.util.UUID):102;0.5252293577981652
org.apache.ignite.spi.discovery.zk.internal$ZkIgnitePaths#aliveNodeClientFlag(java.lang.String):134;0.5252293577981652
org.apache.ignite.spi.discovery.zk.internal$ZkIgnitePaths#aliveNodePrefixId(java.lang.String):142;0.5252293577981652
org.apache.ignite.spi.discovery.zk.internal$ZkIgnitePaths#aliveFlags(java.lang.String):301;0.5252293577981652
org.apache.ignite.spi.discovery.zk.internal$ZookeeperClient#getData(java.lang.String,org.apache.zookeeper.data.Stat):670;0.5252293577981652
org.apache.ignite.spi.discovery.zk.internal$ZookeeperClient#getData(java.lang.String):694;0.5252293577981652
org.apache.ignite.spi.discovery.zk.internal$ZookeeperClient#deleteIfExistsAsync(java.lang.String):701;0.5252293577981652
org.apache.ignite.spi.discovery.zk.internal$ZkAbstractCallabck#onProcessEnd():74;0.5252293577981652
org.apache.ignite.spi.discovery.zk.internal$ZookeeperDiscoveryImpl$ZkWatcher#processResult(int,java.lang.String,java.lang.Object,byte[],org.apache.zookeeper.data.Stat):4112;0.5252293577981652
org.apache.ignite.spi.discovery.zk.internal$ZkTimeoutObject#id():47;0.5252293577981652
org.apache.ignite.spi.discovery.zk.internal$ZkAbstractChildrenCallback#ZkAbstractChildrenCallback(org.apache.ignite.spi.discovery.zk.internal.ZkRuntimeState,org.apache.ignite.spi.discovery.zk.internal.ZookeeperDiscoveryImpl):33;0.5252293577981652
org.apache.ignite.spi.discovery.zk.internal$ZkAbstractChildrenCallback#processResult(int,java.lang.String,java.lang.Object,java.util.List,org.apache.zookeeper.data.Stat):38;0.5252293577981652
org.apache.ignite.spi.discovery.zk.internal$ZookeeperDiscoveryImpl$CheckCoordinatorCallback#ZookeeperDiscoveryImpl$CheckCoordinatorCallback(org.apache.ignite.spi.discovery.zk.internal.ZookeeperDiscoveryImpl,org.apache.ignite.spi.discovery.zk.internal.ZkRuntimeState):4301;0.5252293577981652
org.apache.ignite.spi.discovery.zk.internal$ZookeeperDiscoveryImpl$CheckCoordinatorCallback#processResult0(int,java.lang.String,java.lang.Object,java.util.List,org.apache.zookeeper.data.Stat):4309;0.5252293577981652
org.apache.ignite.spi.discovery.zk.internal$ZookeeperClient$DeleteIfExistsOperation#ZookeeperClient$DeleteIfExistsOperation(org.apache.ignite.spi.discovery.zk.internal.ZookeeperClient,java.lang.String):1040;0.5252293577981652
org.apache.ignite.spi.discovery.zk.internal$ZookeeperClient$DeleteIfExistsOperation#execute():1046;0.5252293577981652
org.apache.ignite.spi.discovery.zk.internal$ZookeeperClient$DeleteIfExistsOperation#processResult(int,java.lang.String,java.lang.Object):1051;0.5252293577981652
org.apache.ignite.spi.discovery.zk$ZookeeperDiscoverySpi#ZookeeperDiscoverySpi():72;0.5228310502283104
org.apache.ignite.spi.discovery.zk$ZookeeperDiscoverySpi#getSessionTimeout():165;0.5228310502283104
org.apache.ignite.spi.discovery.zk$ZookeeperDiscoverySpi#setSessionTimeout(long):174;0.5228310502283104
org.apache.ignite.spi.discovery.zk$ZookeeperDiscoverySpi#getZkConnectionString():201;0.5228310502283104
org.apache.ignite.spi.discovery.zk$ZookeeperDiscoverySpi#setZkConnectionString(java.lang.String):210;0.5228310502283104
org.apache.ignite.spi.discovery.zk$ZookeeperDiscoverySpi#supportsCommunicationFailureResolve():254;0.5228310502283104
org.apache.ignite.spi.discovery.zk$ZookeeperDiscoverySpi#consistentId():264;0.5228310502283104
org.apache.ignite.spi.discovery.zk$ZookeeperDiscoverySpi#initAddresses():312;0.5228310502283104
org.apache.ignite.spi.discovery.zk$ZookeeperDiscoverySpi#getLocalNode():341;0.5228310502283104
org.apache.ignite.spi.discovery.zk$ZookeeperDiscoverySpi#setNodeAttributes(java.util.Map,org.apache.ignite.lang.IgniteProductVersion):356;0.5228310502283104
org.apache.ignite.spi.discovery.zk$ZookeeperDiscoverySpi#setListener(org.apache.ignite.spi.discovery.DiscoverySpiListener):370;0.5228310502283104
org.apache.ignite.spi.discovery.zk$ZookeeperDiscoverySpi#setDataExchange(org.apache.ignite.spi.discovery.DiscoverySpiDataExchange):375;0.5228310502283104
org.apache.ignite.spi.discovery.zk$ZookeeperDiscoverySpi#setMetricsProvider(org.apache.ignite.spi.discovery.DiscoveryMetricsProvider):380;0.5228310502283104
org.apache.ignite.spi.discovery.zk$ZookeeperDiscoverySpi#spiStart(java.lang.String):429;0.5228310502283104
org.apache.ignite.spi.discovery.zk$ZookeeperDiscoverySpi#spiStop():498;0.5228310502283104
org.apache.ignite.spi.discovery.zk$ZookeeperDiscoverySpi#initLocalNode():508;0.5228310502283104
org.apache.ignite.spi.discovery.zk$ZookeeperDiscoverySpi#toString():560;0.5228310502283104
org.apache.ignite.spi.discovery.zk.internal$ZookeeperDiscoveryStatistics#ZookeeperDiscoveryStatistics():22;0.5228310502283104
org.apache.ignite.spi.discovery.zk.internal$ZookeeperClusterNode#ZookeeperClusterNode(java.util.UUID,java.util.Collection,java.util.Collection,org.apache.ignite.lang.IgniteProductVersion,java.util.Map,java.io.Serializable,long,boolean,org.apache.ignite.spi.discovery.DiscoveryMetricsProvider):133;0.5228310502283104
org.apache.ignite.spi.discovery.zk.internal$ZookeeperClusterNode#id():152;0.5228310502283104
org.apache.ignite.spi.discovery.zk.internal$ZookeeperClusterNode#consistentId():157;0.5228310502283104
org.apache.ignite.spi.discovery.zk.internal$ZookeeperClusterNode#attribute(java.lang.String):179;0.5228310502283104
org.apache.ignite.spi.discovery.zk.internal$ZookeeperClusterNode#getAttributes():200;0.5228310502283104
org.apache.ignite.spi.discovery.zk.internal$ZookeeperClusterNode#setMetrics(org.apache.ignite.cluster.ClusterMetrics):220;0.5228310502283104
org.apache.ignite.spi.discovery.zk.internal$ZookeeperClusterNode#setCacheMetrics(java.util.Map):240;0.5228310502283104
org.apache.ignite.spi.discovery.zk.internal$ZookeeperClusterNode#local(boolean):314;0.5228310502283104
org.apache.ignite.spi.discovery.zk.internal$ZookeeperClusterNode#isLocal():319;0.5228310502283104
org.apache.ignite.spi.discovery.zk.internal$ZookeeperClusterNode#isDaemon():324;0.5228310502283104
org.apache.ignite.spi.discovery.zk.internal$ZookeeperClusterNode#isClient():335;0.5228310502283104
org.apache.ignite.spi.discovery.zk.internal$ZookeeperClusterNode#writeExternal(java.io.ObjectOutput):340;0.5228310502283104
org.apache.ignite.spi.discovery.zk.internal$ZookeeperDiscoveryImpl#ZookeeperDiscoveryImpl(org.apache.ignite.spi.discovery.zk.ZookeeperDiscoverySpi,java.lang.String,org.apache.ignite.IgniteLogger,java.lang.String,org.apache.ignite.spi.discovery.zk.internal.ZookeeperClusterNode,org.apache.ignite.spi.discovery.DiscoverySpiListener,org.apache.ignite.spi.discovery.DiscoverySpiDataExchange,org.apache.ignite.internal.managers.discovery.IgniteDiscoverySpiInternalListener,org.apache.ignite.spi.discovery.zk.internal.ZookeeperDiscoveryStatistics):213;0.5228310502283104
org.apache.ignite.spi.discovery.zk.internal$ZookeeperDiscoveryImpl#localNode():261;0.5228310502283104
org.apache.ignite.spi.discovery.zk.internal$ZookeeperDiscoveryImpl#startJoinAndWait():696;0.5228310502283104
org.apache.ignite.spi.discovery.zk.internal$ZookeeperDiscoveryImpl#joinTopology(org.apache.ignite.spi.discovery.zk.internal.ZkRuntimeState):723;0.5228310502283104
org.apache.ignite.spi.discovery.zk.internal$ZookeeperDiscoveryImpl#initZkNodes():790;0.5228310502283104
org.apache.ignite.spi.discovery.zk.internal$ZookeeperDiscoveryImpl#startJoin(org.apache.ignite.spi.discovery.zk.internal.ZkRuntimeState,org.apache.ignite.spi.discovery.zk.internal.ZkRuntimeState,byte[]):958;0.5228310502283104
org.apache.ignite.spi.discovery.zk.internal$ZookeeperDiscoveryImpl#marshalCredentialsOnJoin(org.apache.ignite.spi.discovery.zk.internal.ZookeeperClusterNode):1115;0.5228310502283104
org.apache.ignite.spi.discovery.zk.internal$ZookeeperDiscoveryImpl#processNewEvents(byte[]):2581;0.5228310502283104
org.apache.ignite.spi.discovery.zk.internal$ZookeeperDiscoveryImpl#stop():3825;0.5228310502283104
org.apache.ignite.spi.discovery.zk.internal$ZookeeperDiscoveryImpl#stop0(java.lang.Throwable):3832;0.5228310502283104
org.apache.ignite.spi.discovery.zk.internal$ZookeeperDiscoveryImpl#finishFutures(org.apache.ignite.IgniteCheckedException):3875;0.5228310502283104
org.apache.ignite.spi.discovery.zk.internal$ZookeeperDiscoveryImpl#marshalZip(java.lang.Object):3941;0.5228310502283104
org.apache.ignite.spi.discovery.zk.internal$ZookeeperDiscoveryImpl#zip(byte[]):3951;0.5228310502283104
org.apache.ignite.spi.discovery.zk.internal$ZkIgnitePaths#ZkIgnitePaths(java.lang.String):77;0.5228310502283104
org.apache.ignite.spi.discovery.zk.internal$ZkIgnitePaths#zkPath(java.lang.String):93;0.5228310502283104
org.apache.ignite.spi.discovery.zk.internal$ZkIgnitePaths#aliveInternalId(java.lang.String):110;0.5228310502283104
org.apache.ignite.spi.discovery.zk.internal$ZkIgnitePaths#aliveNodePathForCreate(java.lang.String,org.apache.ignite.spi.discovery.zk.internal.ZookeeperClusterNode):121;0.5228310502283104
org.apache.ignite.spi.discovery.zk.internal$ZkIgnitePaths#encodeFlags(byte):284;0.5228310502283104
org.apache.ignite.spi.discovery.zk$ZookeeperDiscoverySpi$ZookeeperDiscoverySpiMBeanImpl#ZookeeperDiscoverySpi$ZookeeperDiscoverySpiMBeanImpl(org.apache.ignite.spi.discovery.zk.ZookeeperDiscoverySpi,org.apache.ignite.spi.IgniteSpiAdapter):566;0.5228310502283104
org.apache.ignite.spi.discovery.zk.internal$ZkRuntimeState#ZkRuntimeState(boolean):95;0.5228310502283104
org.apache.ignite.spi.discovery.zk.internal$ZkRuntimeState#init(org.apache.ignite.spi.discovery.zk.internal.ZkRuntimeState$ZkWatcher,org.apache.ignite.spi.discovery.zk.internal.ZkRuntimeState$ZkAliveNodeDataWatcher):104;0.5228310502283104
org.apache.ignite.spi.discovery.zk.internal$ZkRuntimeState#onCloseStart(java.lang.Exception):112;0.5228310502283104
org.apache.ignite.spi.discovery.zk.internal$ZkAliveNodeData#ZkAliveNodeData():26;0.5228310502283104
org.apache.ignite.spi.discovery.zk.internal$ZkClusterNodes#ZkClusterNodes():31;0.5228310502283104
org.apache.ignite.spi.discovery.zk.internal$ZkJoiningNodeData#ZkJoiningNodeData(org.apache.ignite.spi.discovery.zk.internal.ZookeeperClusterNode,java.util.Map):54;0.5228310502283104
org.apache.ignite.spi.discovery.zk.internal$ZookeeperClient#connected():160;0.5228310502283104
org.apache.ignite.spi.discovery.zk.internal$ZookeeperClient#exists(java.lang.String):277;0.5228310502283104
org.apache.ignite.spi.discovery.zk.internal$ZookeeperClient#createSequential(java.lang.String,java.lang.String,java.lang.String,byte[],org.apache.zookeeper.CreateMode):425;0.5228310502283104
org.apache.ignite.spi.discovery.zk.internal$ZookeeperClient#getDataAsync(java.lang.String,org.apache.zookeeper.Watcher,org.apache.zookeeper.AsyncCallback$DataCallback):732;0.5228310502283104
org.apache.ignite.spi.discovery.zk.internal$ZookeeperClient#onCloseStart():756;0.5228310502283104
org.apache.ignite.spi.discovery.zk.internal$ZookeeperClient#close():767;0.5228310502283104
org.apache.ignite.spi.discovery.zk.internal$ZookeeperDiscoveryImpl$ConnectionLossListener#ZookeeperDiscoveryImpl$ConnectionLossListener(org.apache.ignite.spi.discovery.zk.internal.ZookeeperDiscoveryImpl):4023;0.5228310502283104
org.apache.ignite.spi.discovery.zk.internal$ZkAbstractCallabck#ZkAbstractCallabck(org.apache.ignite.spi.discovery.zk.internal.ZkRuntimeState,org.apache.ignite.spi.discovery.zk.internal.ZookeeperDiscoveryImpl):39;0.5228310502283104
org.apache.ignite.spi.discovery.zk.internal$ZkAbstractCallabck#onProcessStart():50;0.5228310502283104
org.apache.ignite.spi.discovery.zk.internal$ZkAbstractWatcher#ZkAbstractWatcher(org.apache.ignite.spi.discovery.zk.internal.ZkRuntimeState,org.apache.ignite.spi.discovery.zk.internal.ZookeeperDiscoveryImpl):32;0.5228310502283104
org.apache.ignite.spi.discovery.zk.internal$ZookeeperDiscoveryImpl$ZkWatcher#ZookeeperDiscoveryImpl$ZkWatcher(org.apache.ignite.spi.discovery.zk.internal.ZookeeperDiscoveryImpl,org.apache.ignite.spi.discovery.zk.internal.ZkRuntimeState):4064;0.5228310502283104
org.apache.ignite.spi.discovery.zk.internal$ZookeeperDiscoveryImpl$AliveNodeDataWatcher#ZookeeperDiscoveryImpl$AliveNodeDataWatcher(org.apache.ignite.spi.discovery.zk.internal.ZookeeperDiscoveryImpl,org.apache.ignite.spi.discovery.zk.internal.ZkRuntimeState):4140;0.5228310502283104
org.apache.ignite.spi.discovery.zk.internal$ZookeeperDiscoveryImpl$CheckJoinErrorWatcher#ZookeeperDiscoveryImpl$CheckJoinErrorWatcher(org.apache.ignite.spi.discovery.zk.internal.ZookeeperDiscoveryImpl,long,java.lang.String,org.apache.ignite.spi.discovery.zk.internal.ZkRuntimeState):1215;0.5228310502283104
org.apache.ignite.spi.discovery.zk.internal$ZkTimeoutObject#ZkTimeoutObject(long):39;0.5228310502283104
org.apache.ignite.spi.discovery.zk.internal$ZkTimeoutObject#endTime():52;0.5228310502283104
org.apache.ignite.spi.discovery.zk.internal$ZookeeperClient$GetDataOperation#ZookeeperClient$GetDataOperation(org.apache.ignite.spi.discovery.zk.internal.ZookeeperClient,java.lang.String,org.apache.zookeeper.Watcher,org.apache.zookeeper.AsyncCallback$DataCallback):953;0.5228310502283104
org.apache.ignite.spi.discovery.zk.internal$ZookeeperClient$DataCallbackWrapper#ZookeeperClient$DataCallbackWrapper(org.apache.ignite.spi.discovery.zk.internal.ZookeeperClient,org.apache.ignite.spi.discovery.zk.internal.ZookeeperClient$GetDataOperation):1146;0.5228310502283104
org.apache.ignite.spi.discovery.zk.internal$ZookeeperClient$DataCallbackWrapper#processResult(int,java.lang.String,java.lang.Object,byte[],org.apache.zookeeper.data.Stat):1152;0.5228310502283104
org.apache.ignite.spi.discovery.zk.internal$ZookeeperDiscoveryImpl#onSegmented(java.lang.Exception):515;0.521640091116173
org.apache.ignite.spi.discovery.zk.internal$ZookeeperClient#needSplitNodeData(java.lang.String,byte[],int):329;0.5204545454545454
org.apache.ignite.spi.discovery.zk.internal$ZookeeperClient#requestOverhead(java.lang.String):375;0.5204545454545454
org.apache.ignite.spi.discovery.zk.internal$ZookeeperClient#getChildren(java.lang.String):481;0.5204545454545454
org.apache.ignite.spi.discovery.zk.internal$ZookeeperClient#getChildrenAsync(java.lang.String,org.apache.zookeeper.Watcher,org.apache.zookeeper.AsyncCallback$Children2Callback):721;0.5192743764172336
org.apache.ignite.spi.discovery.zk.internal$ZookeeperClient$GetChildrenOperation#ZookeeperClient$GetChildrenOperation(org.apache.ignite.spi.discovery.zk.internal.ZookeeperClient,java.lang.String,org.apache.zookeeper.Watcher,org.apache.zookeeper.AsyncCallback$Children2Callback):923;0.5192743764172336
org.apache.ignite.spi.discovery.zk.internal$ZookeeperClient$ChildrenCallbackWrapper#ZookeeperClient$ChildrenCallbackWrapper(org.apache.ignite.spi.discovery.zk.internal.ZookeeperClient,org.apache.ignite.spi.discovery.zk.internal.ZookeeperClient$GetChildrenOperation):1115;0.5192743764172336
org.apache.ignite.spi.discovery.zk.internal$ZookeeperClient$ChildrenCallbackWrapper#processResult(int,java.lang.String,java.lang.Object,java.util.List,org.apache.zookeeper.data.Stat):1121;0.5192743764172336
org.apache.ignite.spi.discovery.zk.internal$ZookeeperClient#zk():153;0.5180995475113123
org.apache.ignite.spi.discovery.zk.internal$ZookeeperClient#closeClient():877;0.5111607142857143
org.apache.ignite.spi.discovery.zk.internal$ZookeeperClient#needRetry(int):858;0.5055187637969095
org.apache.ignite.spi.discovery.zk.internal$ZookeeperClient#createIfNeeded(java.lang.String,byte[],org.apache.zookeeper.CreateMode):389;0.5021929824561403
org.apache.ignite.spi.discovery.zk.internal$ZookeeperClient#process(org.apache.zookeeper.WatchedEvent):174;0.5010940919037199
org.apache.ignite.spi.discovery.zk.internal$ZookeeperClient#ZookeeperClient(java.lang.String,org.apache.ignite.IgniteLogger,java.lang.String,int,org.apache.ignite.lang.IgniteRunnable):121;0.5
org.apache.ignite.spi.discovery.zk.internal$ZookeeperClient#scheduleConnectionCheck():890;0.5
org.apache.ignite.spi.discovery.zk.internal$ZookeeperClient$ConnectionTimeoutTask#ZookeeperClient$ConnectionTimeoutTask(org.apache.ignite.spi.discovery.zk.internal.ZookeeperClient,long):1208;0.5
org.apache.ignite.spi.discovery.zk.internal$ZookeeperDiscoveryImpl$ServerPreviousNodeWatcher#onPreviousNodeFail():4265;0.4917680744452398
org.apache.ignite.spi.discovery.zk.internal$ZkCommunicationErrorProcessFuture#onTopologyChange(org.apache.ignite.spi.discovery.zk.internal.ZkClusterNodes):137;0.46262626262626266
org.apache.ignite.spi.discovery.zk.internal$ZookeeperClusterNode#cacheMetrics():227;0.46200403496973774
org.apache.ignite.spi.discovery.zk.internal$ZookeeperDiscoveryImpl$ServerPreviousNodeWatcher#ZookeeperDiscoveryImpl$ServerPreviousNodeWatcher(org.apache.ignite.spi.discovery.zk.internal.ZookeeperDiscoveryImpl,org.apache.ignite.spi.discovery.zk.internal.ZkRuntimeState):4257;0.43563728598604945
org.apache.ignite.spi.discovery.zk.internal$ZkCommunicationErrorProcessFuture#needProcessTimeout():349;0.35837245696400627
org.apache.ignite.spi.discovery.zk.internal$ZkCommunicationErrorProcessFuture#onTimeout():378;0.35837245696400627
org.apache.ignite.spi.discovery.zk$ZookeeperDiscoverySpi#disconnect():385;0.35837245696400627
org.apache.ignite.spi.discovery.zk.internal$ZookeeperDiscoveryImpl#notifySegmented():532;0.35837245696400627
org.apache.ignite.spi.discovery.zk.internal$ZookeeperClient$ConnectionTimeoutTask#run():1214;0.2796092796092796
org.apache.ignite.spi.discovery.zk.internal$ZkDiscoveryEventData#remainingAcks():108;0.20283436669619131
org.apache.ignite.spi.discovery.zk$ZookeeperDiscoverySpi#getZkRootPath():147;0.0
org.apache.ignite.spi.discovery.zk$ZookeeperDiscoverySpi#setZkRootPath(java.lang.String):156;0.0
org.apache.ignite.spi.discovery.zk$ZookeeperDiscoverySpi#getRemoteNodes():336;0.0
org.apache.ignite.spi.discovery.zk$ZookeeperDiscoverySpi#setAuthenticator(org.apache.ignite.spi.discovery.DiscoverySpiNodeAuthenticator):390;0.0
org.apache.ignite.spi.discovery.zk$ZookeeperDiscoverySpi#failNode(java.util.UUID,java.lang.String):419;0.0
org.apache.ignite.spi.discovery.zk$ZookeeperDiscoverySpi#setInternalListener(org.apache.ignite.internal.managers.discovery.IgniteDiscoverySpiInternalListener):485;0.0
org.apache.ignite.spi.discovery.zk$ZookeeperDiscoverySpi#simulateNodeFailure():493;0.0
org.apache.ignite.spi.discovery.zk$ZookeeperDiscoverySpi#cloneSpiConfiguration():547;0.0
org.apache.ignite.spi.discovery.zk.internal$ZookeeperDiscoveryStatistics#joinedNodesCnt():31;0.0
org.apache.ignite.spi.discovery.zk.internal$ZookeeperDiscoveryStatistics#failedNodesCnt():36;0.0
org.apache.ignite.spi.discovery.zk.internal$ZookeeperClusterNode#setConsistentId(java.io.Serializable):162;0.0
org.apache.ignite.spi.discovery.zk.internal$ZookeeperClusterNode#attributes():246;0.0
org.apache.ignite.spi.discovery.zk.internal$ZookeeperClusterNode#compareTo(org.apache.ignite.spi.discovery.zk.internal.ZookeeperClusterNode):384;0.0
org.apache.ignite.spi.discovery.zk.internal$ZookeeperDiscoveryImpl#failNode(java.util.UUID,java.lang.String):412;0.0
org.apache.ignite.spi.discovery.zk.internal$ZookeeperDiscoveryImpl#remoteNodes():549;0.0
org.apache.ignite.spi.discovery.zk.internal$ZookeeperDiscoveryImpl#createRootPathParents(java.lang.String,org.apache.ignite.spi.discovery.zk.internal.ZookeeperClient):842;0.0
org.apache.ignite.spi.discovery.zk.internal$ZookeeperDiscoveryImpl#saveMultipleParts(org.apache.ignite.spi.discovery.zk.internal.ZookeeperClient,java.lang.String,java.util.List):926;0.0
org.apache.ignite.spi.discovery.zk.internal$ZookeeperDiscoveryImpl#localAuthentication(org.apache.ignite.spi.discovery.DiscoverySpiNodeAuthenticator,org.apache.ignite.plugin.security.SecurityCredentials):1053;0.0
org.apache.ignite.spi.discovery.zk.internal$ZookeeperDiscoveryImpl#setNodeSecuritySubject(org.apache.ignite.spi.discovery.zk.internal.ZookeeperClusterNode,byte[]):1083;0.0
org.apache.ignite.spi.discovery.zk.internal$ZookeeperDiscoveryImpl#unmarshalCredentials(org.apache.ignite.spi.discovery.zk.internal.ZookeeperClusterNode):1098;0.0
org.apache.ignite.spi.discovery.zk.internal$ZookeeperDiscoveryImpl#throttleNewEventsGeneration():1795;0.0
org.apache.ignite.spi.discovery.zk.internal$ZookeeperDiscoveryImpl#processJoinError(java.lang.String,java.util.UUID,java.util.UUID,org.apache.ignite.spi.discovery.zk.internal.ZkInternalJoinErrorMessage):1952;0.0
org.apache.ignite.spi.discovery.zk.internal$ZookeeperDiscoveryImpl#removeChildren(java.lang.String):2321;0.0
org.apache.ignite.spi.discovery.zk.internal$ZookeeperDiscoveryImpl#deleteAliveNode(long):2540;0.0
org.apache.ignite.spi.discovery.zk.internal$ZookeeperDiscoveryImpl#updateProcessedEventsOnTimeout(org.apache.ignite.spi.discovery.zk.internal.ZkRuntimeState,org.apache.ignite.spi.discovery.zk.internal.ZkTimeoutObject):2855;0.0
org.apache.ignite.spi.discovery.zk.internal$ZookeeperDiscoveryImpl#processForceNodeFailMessage(org.apache.ignite.spi.discovery.zk.internal.ZkForceNodeFailMessage,org.apache.ignite.spi.discovery.zk.internal.ZkDiscoveryCustomEventData):3030;0.0
org.apache.ignite.spi.discovery.zk.internal$ZookeeperDiscoveryImpl#processCommunicationErrorResolveFinishMessage(org.apache.ignite.spi.discovery.zk.internal.ZkCommunicationErrorResolveFinishMessage):3061;0.0
org.apache.ignite.spi.discovery.zk.internal$ZookeeperDiscoveryImpl#deleteAliveNodes(org.apache.ignite.internal.util.GridLongList):3136;0.0
org.apache.ignite.spi.discovery.zk.internal$ZookeeperDiscoveryImpl#processCommunicationErrorResolveStartMessage(org.apache.ignite.spi.discovery.zk.internal.ZkCommunicationErrorResolveStartMessage,org.apache.ignite.spi.discovery.zk.internal.ZkDiscoveryCustomEventData):3159;0.0
org.apache.ignite.spi.discovery.zk.internal$ZookeeperDiscoveryImpl#collectCommunicationStatusFuture(java.util.UUID):3214;0.0
org.apache.ignite.spi.discovery.zk.internal$ZookeeperDiscoveryImpl#onCommunicationErrorResolveStatusReceived(org.apache.ignite.spi.discovery.zk.internal.ZkRuntimeState):3231;0.0
org.apache.ignite.spi.discovery.zk.internal$ZookeeperDiscoveryImpl#checkFullyConnected(java.util.BitSet,java.util.List,org.apache.ignite.spi.discovery.zk.internal.ZkClusterNodes):3379;0.0
org.apache.ignite.spi.discovery.zk.internal$ZookeeperDiscoveryImpl#simulateNodeFailure():3400;0.0
org.apache.ignite.spi.discovery.zk.internal$ZookeeperDiscoveryImpl#createAckEvent(org.apache.ignite.spi.discovery.DiscoverySpiCustomMessage,org.apache.ignite.spi.discovery.zk.internal.ZkDiscoveryCustomEventData):3639;0.0
org.apache.ignite.spi.discovery.zk.internal$ZookeeperDiscoveryImpl#unzip(byte[]):3975;0.0
org.apache.ignite.spi.discovery.zk.internal$ZookeeperDiscoveryImpl#getCoordinator():4470;0.0
org.apache.ignite.spi.discovery.zk.internal$ZookeeperDiscoveryImpl#getSpiState():4477;0.0
org.apache.ignite.spi.discovery.zk.internal$ZookeeperDiscoveryImpl#getZkSessionId():4482;0.0
org.apache.ignite.spi.discovery.zk.internal$ZookeeperDiscoveryImpl$ConnectionState#ZookeeperDiscoveryImpl$ConnectionState(java.lang.String,int):4459;0.0
org.apache.ignite.spi.discovery.zk.internal$ZkIgnitePaths#customEventPartsBasePath(java.lang.String,java.util.UUID):224;0.0
org.apache.ignite.spi.discovery.zk.internal$ZkIgnitePaths#customEventPartPath(java.lang.String,java.util.UUID,int):234;0.0
org.apache.ignite.spi.discovery.zk.internal$ZkIgnitePaths#joinEventSecuritySubjectPath(long):250;0.0
org.apache.ignite.spi.discovery.zk.internal$ZkIgnitePaths#ackEventDataPath(long):258;0.0
org.apache.ignite.spi.discovery.zk.internal$ZkIgnitePaths#distributedFutureBasePath(java.util.UUID):268;0.0
org.apache.ignite.spi.discovery.zk.internal$ZkIgnitePaths#distributedFutureResultPath(java.util.UUID):276;0.0
org.apache.ignite.spi.discovery.zk$ZookeeperDiscoverySpi$ZookeeperDiscoverySpiMBeanImpl#getSpiState():572;0.0
org.apache.ignite.spi.discovery.zk$ZookeeperDiscoverySpi$ZookeeperDiscoverySpiMBeanImpl#getNodesJoined():577;0.0
org.apache.ignite.spi.discovery.zk$ZookeeperDiscoverySpi$ZookeeperDiscoverySpiMBeanImpl#getNodesLeft():582;0.0
org.apache.ignite.spi.discovery.zk$ZookeeperDiscoverySpi$ZookeeperDiscoverySpiMBeanImpl#getNodesFailed():587;0.0
org.apache.ignite.spi.discovery.zk$ZookeeperDiscoverySpi$ZookeeperDiscoverySpiMBeanImpl#getCoordinator():592;0.0
org.apache.ignite.spi.discovery.zk$ZookeeperDiscoverySpi$ZookeeperDiscoverySpiMBeanImpl#getCoordinatorNodeFormatted():597;0.0
org.apache.ignite.spi.discovery.zk$ZookeeperDiscoverySpi$ZookeeperDiscoverySpiMBeanImpl#getLocalNodeFormatted():602;0.0
org.apache.ignite.spi.discovery.zk$ZookeeperDiscoverySpi$ZookeeperDiscoverySpiMBeanImpl#getZkConnectionString():607;0.0
org.apache.ignite.spi.discovery.zk$ZookeeperDiscoverySpi$ZookeeperDiscoverySpiMBeanImpl#getZkSessionTimeout():612;0.0
org.apache.ignite.spi.discovery.zk$ZookeeperDiscoverySpi$ZookeeperDiscoverySpiMBeanImpl#getZkSessionId():617;0.0
org.apache.ignite.spi.discovery.zk$ZookeeperDiscoverySpi$ZookeeperDiscoverySpiMBeanImpl#getZkRootPath():622;0.0
org.apache.ignite.spi.discovery.zk$ZookeeperDiscoverySpi$ZookeeperDiscoverySpiMBeanImpl#getNodeOrder():627;0.0
org.apache.ignite.spi.discovery.zk.internal$ZkAliveNodeData#toString():38;0.0
org.apache.ignite.spi.discovery.zk.internal$ZkClusterNodes#remoteNodes():45;0.0
org.apache.ignite.spi.discovery.zk.internal$ZkJoiningNodeData#ZkJoiningNodeData(int):46;0.0
org.apache.ignite.spi.discovery.zk.internal$ZkJoiningNodeData#toString():85;0.0
org.apache.ignite.spi.discovery.zk.internal$ZookeeperClient#ZookeeperClient(org.apache.ignite.IgniteLogger,java.lang.String,int,org.apache.ignite.lang.IgniteRunnable):104;0.0
org.apache.ignite.spi.discovery.zk.internal$ZookeeperClient#state():167;0.0
org.apache.ignite.spi.discovery.zk.internal$ZookeeperClient#notifyConnectionLost():263;0.0
org.apache.ignite.spi.discovery.zk.internal$ZookeeperClient#createAll(java.util.List,org.apache.zookeeper.CreateMode):300;0.0
org.apache.ignite.spi.discovery.zk.internal$ZookeeperClient#splitNodeData(java.lang.String,byte[],int):339;0.0
org.apache.ignite.spi.discovery.zk.internal$ZookeeperClient#getChildrenIfPathExists(java.lang.String):502;0.0
org.apache.ignite.spi.discovery.zk.internal$ZookeeperClient#existsNoRetry(java.lang.String):524;0.0
org.apache.ignite.spi.discovery.zk.internal$ZookeeperClient#deleteIfExists(java.lang.String,int):552;0.0
org.apache.ignite.spi.discovery.zk.internal$ZookeeperClient#delete(java.lang.String,int):610;0.0
org.apache.ignite.spi.discovery.zk.internal$ZookeeperClient#createAsync(java.lang.String,byte[],org.apache.zookeeper.CreateMode,org.apache.zookeeper.AsyncCallback$StringCallback):744;0.0
org.apache.ignite.spi.discovery.zk.internal$ZookeeperClient#onZookeeperError(long,java.lang.Exception):779;0.0
org.apache.ignite.spi.discovery.zk.internal$ZookeeperDiscoveryImpl$ConnectionLossListener#run():4029;0.0
org.apache.ignite.spi.discovery.zk.internal$ZookeeperClient$ConnectionState#ZookeeperClient$ConnectionState(java.lang.String,int):1243;0.0
org.apache.ignite.spi.discovery.zk.internal$ZookeeperDiscoveryImpl$CheckJoinErrorWatcher#process0(org.apache.zookeeper.WatchedEvent):1263;0.0
org.apache.ignite.spi.discovery.zk.internal$ZookeeperClient$GetChildrenOperation#execute():931;0.0
org.apache.ignite.spi.discovery.zk.internal$ZookeeperClient$GetDataOperation#execute():961;0.0
org.apache.ignite.spi.discovery.zk.internal$ZkDiscoveryEventsData#communicationErrorResolveFutureId(java.util.UUID):109;0.0
org.apache.ignite.spi.discovery.zk.internal$ZkDiscoveryEventsData#toString():126;0.0
org.apache.ignite.spi.discovery.zk.internal$ZkNodeValidateResult#ZkNodeValidateResult(java.lang.String):33;0.0
org.apache.ignite.spi.discovery.zk.internal$ZookeeperClient$ExistsOperation#execute():991;0.0
org.apache.ignite.spi.discovery.zk.internal$ZkDiscoveryEventData#addRemainingAck(org.apache.ignite.spi.discovery.zk.internal.ZookeeperClusterNode):90;0.0
org.apache.ignite.spi.discovery.zk.internal$ZkDiscoveryEventData#flagSet(int):142;0.0
org.apache.ignite.spi.discovery.zk.internal$ZookeeperDiscoveryImpl$UpdateProcessedEventsTimeoutObject#ZookeeperDiscoveryImpl$UpdateProcessedEventsTimeoutObject(org.apache.ignite.spi.discovery.zk.internal.ZookeeperDiscoveryImpl,org.apache.ignite.spi.discovery.zk.internal.ZkRuntimeState,long):1145;0.0
org.apache.ignite.spi.discovery.zk.internal$ZookeeperDiscoveryImpl$UpdateProcessedEventsTimeoutObject#onTimeout():1153;0.0
org.apache.ignite.spi.discovery.zk.internal$ZkCommunicationErrorProcessFuture#createOnStartResolveRequest(org.apache.ignite.spi.discovery.zk.internal.ZookeeperDiscoveryImpl):90;0.0
org.apache.ignite.spi.discovery.zk.internal$ZkCommunicationErrorProcessFuture#logger():120;0.0
org.apache.ignite.spi.discovery.zk.internal$ZkCommunicationErrorProcessFuture#nodeResultCollectFuture(org.apache.ignite.spi.discovery.zk.internal.ZkDistributedCollectDataFuture):127;0.0
org.apache.ignite.spi.discovery.zk.internal$ZkCommunicationErrorProcessFuture#checkConnection(org.apache.ignite.spi.discovery.zk.internal.ZkRuntimeState,java.lang.String,java.util.List):152;0.0
org.apache.ignite.spi.discovery.zk.internal$ZkCommunicationErrorProcessFuture#onStartResolveRequest(long):203;0.0
org.apache.ignite.spi.discovery.zk.internal$ZkCommunicationErrorProcessFuture#onFinishResolve(java.util.Set):254;0.0
org.apache.ignite.spi.discovery.zk.internal$ZkCommunicationErrorProcessFuture#run():313;0.0
org.apache.ignite.spi.discovery.zk.internal$ZkCommunicationErrorProcessFuture#toString():395;0.0
org.apache.ignite.spi.discovery.zk.internal$ZkCommunicationErrorProcessFuture$State#ZkCommunicationErrorProcessFuture$State(java.lang.String,int):401;0.0
org.apache.ignite.spi.discovery.zk.internal$ZookeeperClientFailedException#ZookeeperClientFailedException(java.lang.Throwable):38;0.0
org.apache.ignite.spi.discovery.zk.internal$ZkDiscoveryCustomEventData#toString():82;0.0
org.apache.ignite.spi.discovery.zk.internal$ZkRunnable#ZkRunnable(org.apache.ignite.spi.discovery.zk.internal.ZkRuntimeState,org.apache.ignite.spi.discovery.zk.internal.ZookeeperDiscoveryImpl):29;0.0
org.apache.ignite.spi.discovery.zk.internal$ZkRunnable#run():34;0.0
org.apache.ignite.spi.discovery.zk.internal$ZookeeperDiscoveryImpl$UpdateProcessedEventsTimeoutObject$1#run0():1155;0.0
org.apache.ignite.spi.discovery.zk.internal$ZkCommunicationErrorResolveStartMessage#ZkCommunicationErrorResolveStartMessage(java.util.UUID):38;0.0
org.apache.ignite.spi.discovery.zk.internal$ZkCommunicationErrorResolveStartMessage#ackMessage():44;0.0
org.apache.ignite.spi.discovery.zk.internal$ZkCommunicationErrorResolveStartMessage#isMutable():49;0.0
org.apache.ignite.spi.discovery.zk.internal$ZkCommunicationErrorResolveStartMessage#stopProcess():54;0.0
org.apache.ignite.spi.discovery.zk.internal$ZkCommunicationErrorResolveStartMessage#toString():59;0.0
org.apache.ignite.spi.discovery.zk.internal$ZkDistributedCollectDataFuture#ZkDistributedCollectDataFuture(org.apache.ignite.spi.discovery.zk.internal.ZookeeperDiscoveryImpl,org.apache.ignite.spi.discovery.zk.internal.ZkRuntimeState,java.lang.String,java.util.concurrent.Callable):64;0.0
org.apache.ignite.spi.discovery.zk.internal$ZkDistributedCollectDataFuture#completeAndNotifyListener():96;0.0
org.apache.ignite.spi.discovery.zk.internal$ZkDistributedCollectDataFuture#saveNodeResult(java.lang.String,org.apache.ignite.spi.discovery.zk.internal.ZookeeperClient,long,byte[]):108;0.0
org.apache.ignite.spi.discovery.zk.internal$ZkDistributedCollectDataFuture#readNodeResult(java.lang.String,org.apache.ignite.spi.discovery.zk.internal.ZookeeperClient,long):119;0.0
org.apache.ignite.spi.discovery.zk.internal$ZkDistributedCollectDataFuture#saveResult(java.lang.String,org.apache.ignite.spi.discovery.zk.internal.ZookeeperClient,byte[]):129;0.0
org.apache.ignite.spi.discovery.zk.internal$ZkDistributedCollectDataFuture#readResult(org.apache.ignite.spi.discovery.zk.internal.ZookeeperClient,org.apache.ignite.spi.discovery.zk.internal.ZkIgnitePaths,java.util.UUID):133;0.0
org.apache.ignite.spi.discovery.zk.internal$ZkDistributedCollectDataFuture#deleteFutureData(org.apache.ignite.spi.discovery.zk.internal.ZookeeperClient,org.apache.ignite.spi.discovery.zk.internal.ZkIgnitePaths,java.util.UUID,org.apache.ignite.IgniteLogger):149;0.0
org.apache.ignite.spi.discovery.zk.internal$ZkDistributedCollectDataFuture#onTopologyChange(org.apache.ignite.spi.discovery.zk.internal.ZkClusterNodes):172;0.0
org.apache.ignite.spi.discovery.zk.internal$ZookeeperDiscoveryImpl$2#call():3218;0.0
org.apache.ignite.spi.discovery.zk.internal$ZkDistributedCollectDataFuture$NodeResultsWatcher#ZkDistributedCollectDataFuture$NodeResultsWatcher(org.apache.ignite.spi.discovery.zk.internal.ZkDistributedCollectDataFuture,org.apache.ignite.spi.discovery.zk.internal.ZkRuntimeState,org.apache.ignite.spi.discovery.zk.internal.ZookeeperDiscoveryImpl):206;0.0
org.apache.ignite.spi.discovery.zk.internal$ZkDistributedCollectDataFuture$NodeResultsWatcher#process0(org.apache.zookeeper.WatchedEvent):212;0.0
org.apache.ignite.spi.discovery.zk.internal$ZkDistributedCollectDataFuture$NodeResultsWatcher#processResult(int,java.lang.String,java.lang.Object,java.util.List,org.apache.zookeeper.data.Stat):218;0.0
org.apache.ignite.spi.discovery.zk.internal$ZookeeperDiscoveryImpl$1#run0():3203;0.0
org.apache.ignite.spi.discovery.zk.internal$ZkCommunicationErrorProcessFuture$1#apply(org.apache.ignite.lang.IgniteFuture):159;0.0
org.apache.ignite.spi.discovery.zk.internal$ZkCommunicationErrorProcessFuture$1$1#run0():161;0.0
org.apache.ignite.spi.discovery.zk.internal$ZkCommunicationErrorProcessFuture$1$1#onStartFailed():180;0.0
org.apache.ignite.spi.discovery.zk.internal$ZkCommunicationErrorNodeState#ZkCommunicationErrorNodeState(java.util.BitSet,java.lang.Exception):40;0.0
org.apache.ignite.spi.discovery.zk.internal$ZkCommunicationErrorResolveResult#ZkCommunicationErrorResolveResult(org.apache.ignite.internal.util.GridLongList,java.lang.Exception):41;0.0
org.apache.ignite.spi.discovery.zk.internal$ZkCommunicationErrorResolveFinishMessage#ZkCommunicationErrorResolveFinishMessage(java.util.UUID,long):45;0.0
org.apache.ignite.spi.discovery.zk.internal$ZkCommunicationErrorResolveFinishMessage#ackMessage():52;0.0
org.apache.ignite.spi.discovery.zk.internal$ZkCommunicationErrorResolveFinishMessage#isMutable():57;0.0
org.apache.ignite.spi.discovery.zk.internal$ZkCommunicationErrorResolveFinishMessage#stopProcess():62;0.0
org.apache.ignite.spi.discovery.zk.internal$ZkCommunicationErrorResolveFinishMessage#toString():67;0.0
org.apache.ignite.spi.discovery.zk.internal$ZkNoServersMessage#ackMessage():33;0.0
org.apache.ignite.spi.discovery.zk.internal$ZkNoServersMessage#isMutable():38;0.0
org.apache.ignite.spi.discovery.zk.internal$ZkNoServersMessage#stopProcess():43;0.0
org.apache.ignite.spi.discovery.zk.internal$ZkNoServersMessage#toString():48;0.0
org.apache.ignite.spi.discovery.zk.internal$ZookeeperDiscoveryImpl$PingFuture#id():4367;0.0
org.apache.ignite.spi.discovery.zk.internal$ZookeeperDiscoveryImpl$PingFuture#onTimeout():4377;0.0
org.apache.ignite.spi.discovery.zk.internal$ZookeeperDiscoveryImpl$3#run():3907;0.0
org.apache.ignite.spi.discovery.zk.internal$ZookeeperDiscoveryImpl$PingFuture$1#run0():4380;0.0
org.apache.ignite.spi.discovery.zk.internal$ZookeeperDiscoveryImpl$PingFuture$1#onStartFailed():4401;0.0
org.apache.ignite.spi.discovery.zk.internal$ZkForceNodeFailMessage#ZkForceNodeFailMessage(long,java.lang.String):41;0.0
org.apache.ignite.spi.discovery.zk.internal$ZkForceNodeFailMessage#ackMessage():48;0.0
org.apache.ignite.spi.discovery.zk.internal$ZkForceNodeFailMessage#isMutable():53;0.0
org.apache.ignite.spi.discovery.zk.internal$ZkForceNodeFailMessage#stopProcess():58;0.0
org.apache.ignite.spi.discovery.zk.internal$ZkForceNodeFailMessage#toString():63;0.0
org.apache.ignite.spi.discovery.zk.internal$ZkCommunicationFailureContext#ZkCommunicationFailureContext(org.apache.ignite.internal.processors.cache.GridCacheSharedContext,java.util.List,java.util.List,java.util.Map):78;0.0
org.apache.ignite.spi.discovery.zk.internal$ZkCommunicationFailureContext#topologySnapshot():87;0.0
org.apache.ignite.spi.discovery.zk.internal$ZkCommunicationFailureContext#connectionAvailable(org.apache.ignite.cluster.ClusterNode,org.apache.ignite.cluster.ClusterNode):92;0.0
org.apache.ignite.spi.discovery.zk.internal$ZkCommunicationFailureContext#startedCaches():109;0.0
org.apache.ignite.spi.discovery.zk.internal$ZkCommunicationFailureContext#cacheAffinity(java.lang.String):123;0.0
org.apache.ignite.spi.discovery.zk.internal$ZkCommunicationFailureContext#cachePartitionOwners(java.lang.String):140;0.0
org.apache.ignite.spi.discovery.zk.internal$ZkCommunicationFailureContext#killNode(org.apache.ignite.cluster.ClusterNode):168;0.0
org.apache.ignite.spi.discovery.zk.internal$ZkCommunicationFailureContext#killedNodes():181;0.0
org.apache.ignite.spi.discovery.zk.internal$ZkCommunicationFailureContext#toString():186;0.0
org.apache.ignite.spi.discovery.zk.internal$ZkCommunicationFailureContext$1#compare(org.apache.ignite.cluster.ClusterNode,org.apache.ignite.cluster.ClusterNode):48;0.0
org.apache.ignite.spi.discovery.zk.internal$ZookeeperClusterNode$1#apply(java.lang.String):248;0.0
org.apache.ignite.spi.discovery.zk.internal$ZkInternalJoinErrorMessage#ZkInternalJoinErrorMessage(long,java.lang.String):40;0.0
