name;suspiciousness_value
org.apache.hadoop.hbase.ipc$RpcExecutor$1:373;1.0
org.apache.hadoop.hbase.ipc$RpcExecutor:107;1.0
org.apache.hadoop.hbase.ipc$RWQueueRpcExecutor:73;1.0
org.apache.hadoop.hbase.ipc$RpcExecutor$CallPriorityComparator:405;1.0
org.apache.hadoop.hbase.util$BoundedPriorityBlockingQueue:154;1.0
org.apache.hadoop.hbase.util$BoundedPriorityBlockingQueue$PriorityQueue:59;1.0
org.apache.hadoop.hbase.ipc$AdaptiveLifoCoDelCallQueue:79;1.0
org.apache.hadoop.hbase.ipc$SimpleRpcScheduler:64;0.9814814814814815
org.apache.hadoop.hbase.ipc$BalancedQueueRpcExecutor:42;0.9754601226993865
org.apache.hadoop.hbase.ipc$FastPathBalancedQueueRpcExecutor:49;0.9754601226993865
org.apache.hadoop.hbase.ipc$RpcExecutor$Handler:282;0.9754601226993865
org.apache.hadoop.hbase.ipc$FastPathBalancedQueueRpcExecutor$FastPathHandler:89;0.9754601226993865
org.apache.hadoop.hbase.ipc$CallQueueInfo:32;0.8688524590163935
org.apache.hadoop.hbase.ipc$RpcExecutor$QueueBalancer:351;0.8688524590163935
org.apache.hadoop.hbase.monitoring$MonitoredTaskImpl:42;0.5769828926905133
org.apache.hadoop.hbase.monitoring$MonitoredRPCHandlerImpl:48;0.5769828926905133
org.apache.hadoop.hbase.ipc$RpcScheduler:32;0.5578947368421052
org.apache.hadoop.hbase.ipc$RpcScheduler$Context:40;0.5578947368421052
org.apache.hadoop.hbase.monitoring$TaskMonitor$PassthroughInvocationHandler:284;0.5463917525773195
org.apache.hadoop.hbase.monitoring$TaskMonitor$TaskAndWeakRefPair:263;0.5463917525773195
org.apache.hadoop.hbase.monitoring$TaskMonitor:69;0.5247524752475248
org.apache.hadoop.hbase.monitoring$TaskMonitor$MonitorRunnable:295;0.5247524752475248
org.apache.hadoop.hbase.monitoring$MonitoredTask$State:28;0.4862385321100918
org.apache.hadoop.hbase.ipc$CallRunner:60;0.16719242902208203
org.apache.hadoop.hbase.ipc$ServerCall:99;0.15915915915915915
org.apache.hadoop.hbase.util$ManualEnvironmentEdge:28;0.0
org.apache.hadoop.hbase.ipc$RpcCallContext:62;0.0
org.apache.hadoop.hbase.ipc$RpcResponse:32;0.0
org.apache.hadoop.hbase.ipc$RpcServer:261;0.0
org.apache.hadoop.hbase.ipc$MetricsHBaseServer:39;0.0
org.apache.hadoop.hbase.ipc$RpcServer$BlockingServiceAndInterface:235;0.0
org.apache.hadoop.hbase.ipc$FifoRpcScheduler:46;0.0
org.apache.hadoop.hbase.ipc$RpcServerFactory:43;0.0
org.apache.hadoop.hbase.ipc$SimpleRpcServer:383;0.0
org.apache.hadoop.hbase.ipc$MetricsHBaseServerWrapperImpl:26;0.0
org.apache.hadoop.hbase.ipc$SimpleRpcServer$Listener:110;0.0
org.apache.hadoop.hbase.ipc$SimpleRpcServer$Listener$Reader:153;0.0
org.apache.hadoop.hbase.ipc$SimpleRpcServerResponder:47;0.0
org.apache.hadoop.hbase.ipc$SimpleRpcServer$ConnectionManager:566;0.0
org.apache.hadoop.hbase.ipc$RpcSchedulerContext:31;0.0
org.apache.hadoop.hbase.security$HBasePolicyProvider:36;0.0
org.apache.hadoop.hbase.ipc$SimpleRpcServer$ConnectionManager$1:682;0.0
org.apache.hadoop.hbase$DaemonThreadFactory:32;0.0
org.apache.hadoop.hbase.ipc$ServerRpcConnection:131;0.0
org.apache.hadoop.hbase.ipc$SimpleServerRpcConnection:72;0.0
org.apache.hadoop.hbase.client$VersionInfoUtil:33;0.0
org.apache.hadoop.hbase.ipc$SimpleServerCall:48;0.0
org.apache.hadoop.hbase.ipc$FifoRpcScheduler$FifoCallRunner:79;0.0
org.apache.hadoop.hbase.ipc$FifoRpcScheduler$1:106;0.0
org.apache.hadoop.hbase.ipc$BufferChain:37;0.0
org.apache.hadoop.hbase.ipc$SimpleServerRpcConnection$1:199;0.0
org.apache.hadoop.hbase.ipc$NettyRpcServer:77;0.0
org.apache.hadoop.hbase.ipc$NettyRpcServer$1:97;0.0
org.apache.hadoop.hbase.ipc$NettyRpcServerPreambleHandler:40;0.0
org.apache.hadoop.hbase.ipc$NettyRpcFrameDecoder:51;0.0
org.apache.hadoop.hbase.ipc$NettyRpcServerRequestDecoder:38;0.0
org.apache.hadoop.hbase.ipc$NettyRpcServerResponseEncoder:36;0.0
org.apache.hadoop.hbase.ipc$NettyServerRpcConnection:48;0.0
org.apache.hadoop.hbase.ipc$NettyServerRpcConnection$1:65;0.0
org.apache.hadoop.hbase.ipc$ServerRpcConnection$ByteBuffByteInput:799;0.0
org.apache.hadoop.hbase.ipc$NettyServerCall:44;0.0
org.apache.hadoop.hbase.io.hfile$ChecksumUtil:35;0.0
org.apache.hadoop.hbase.fs$HFileSystem:80;0.0
org.apache.hadoop.hbase.fs$HFileSystem$ReorderWALBlocks:421;0.0
org.apache.hadoop.hbase.fs$HFileSystem$1:368;0.0
org.apache.hadoop.hbase.util$FSUtils:113;0.0
org.apache.hadoop.hbase$LocalHBaseCluster:80;0.0
org.apache.hadoop.hbase.util$JVMClusterUtil:39;0.0
org.apache.hadoop.hbase$Server:96;0.0
org.apache.hadoop.hbase.regionserver$HRegionServer:536;0.0
org.apache.hadoop.hbase.master$HMaster:480;0.0
org.apache.hadoop.hbase.util$NettyEventLoopGroupConfig:55;0.0
org.apache.hadoop.hbase.wal$NettyAsyncFSWALConfigHelper:34;0.0
org.apache.hadoop.hbase.io.util$MemorySizeUtil:36;0.0
org.apache.hadoop.hbase.io.hfile$HFile:141;0.0
org.apache.hadoop.hbase.io$MetricsIO:31;0.0
org.apache.hadoop.hbase.io$MetricsIOWrapperImpl:23;0.0
org.apache.hadoop.hbase.regionserver$ServerNonceManager:128;0.0
org.apache.hadoop.hbase.regionserver$RSRpcServices:1139;0.0
org.apache.hadoop.hbase.regionserver$RSRpcServices$1:1126;0.0
org.apache.hadoop.hbase.regionserver$RSRpcServices$2:2817;0.0
org.apache.hadoop.hbase.master$MasterRpcServices:325;0.0
org.apache.hadoop.hbase.regionserver$SimpleRpcSchedulerFactory:34;0.0
org.apache.hadoop.hbase.regionserver$AnnotationReadingPriorityFunction:106;0.0
org.apache.hadoop.hbase.master$MasterAnnotationReadingPriorityFunction:46;0.0
org.apache.hadoop.hbase.master$LoadBalancer:166;0.0
org.apache.hadoop.hbase.regionserver$RegionServerAccounting:58;0.0
org.apache.hadoop.hbase.io.hfile$CacheConfig:220;0.0
org.apache.hadoop.hbase.io.hfile$BlockCache:147;0.0
org.apache.hadoop.hbase.io.hfile$LruBlockCache:243;0.0
org.apache.hadoop.hbase.io.hfile$CacheStats:127;0.0
org.apache.hadoop.hbase.io.hfile$LruBlockCache$EvictionThread:885;0.0
org.apache.hadoop.hbase.io.hfile$LruBlockCache$StatisticsThread:937;0.0
org.apache.hadoop.hbase.mob$MobCacheConfig:36;0.0
org.apache.hadoop.hbase.mob$MobFileCache:101;0.0
org.apache.hadoop.hbase.util$IdLock:43;0.0
org.apache.hadoop.hbase.mob$MobFileCache$EvictionThread:64;0.0
org.apache.hadoop.hbase.regionserver$HRegionServer$1:600;0.0
org.apache.hadoop.hbase.util$FSTableDescriptors:111;0.0
org.apache.hadoop.hbase.util$FSTableDescriptors$1:503;0.0
org.apache.hadoop.hbase.util$FSTableDescriptors$2:517;0.0
org.apache.hadoop.hbase.conf$ConfigurationManager:75;0.0
org.apache.hadoop.hbase.regionserver$HRegionServer$2:675;0.0
org.apache.hadoop.hbase.coordination$ZkCoordinatedStateManager:42;0.0
org.apache.hadoop.hbase.coordination$ZkSplitLogWorkerCoordination:91;0.0
org.apache.hadoop.hbase.coordination$ZKSplitLogManagerCoordination:89;0.0
org.apache.hadoop.hbase.coordination$ZKSplitLogManagerCoordination$1:95;0.0
org.apache.hadoop.hbase.regionserver$ScannerIdGenerator:45;0.0
org.apache.hadoop.hbase.executor$ExecutorService:72;0.0
org.apache.hadoop.hbase.master.locking$LockManager:44;0.0
org.apache.hadoop.hbase.master.locking$LockManager$RemoteLocks:206;0.0
org.apache.hadoop.hbase.monitoring$MemoryBoundedLogMessageBuffer:45;0.0
org.apache.hadoop.hbase.master$MetricsMaster:48;0.0
org.apache.hadoop.hbase.master$MetricsMasterWrapperImpl:42;0.0
org.apache.hadoop.hbase.master$MetricsMaster$1:145;0.0
org.apache.hadoop.hbase.master$ClusterStatusPublisher:116;0.0
org.apache.hadoop.hbase.master$ClusterStatusPublisher$MulticastPublisher:242;0.0
org.apache.hadoop.hbase.master$ActiveMasterManager:70;0.0
org.apache.hadoop.hbase.util$JVMClusterUtil$MasterThread:108;0.0
org.apache.hadoop.hbase$LocalHBaseCluster$1:191;0.0
org.apache.hadoop.hbase.util$JVMClusterUtil$RegionServerThread:49;0.0
org.apache.hadoop.hbase$ZNodeClearer:54;0.0
org.apache.hadoop.hbase.master$HMaster$InitializationMonitor:261;0.0
org.apache.hadoop.hbase.regionserver$MemStoreLAB:118;0.0
org.apache.hadoop.hbase.regionserver$ChunkCreator:72;0.0
org.apache.hadoop.hbase.regionserver$ChunkCreator$MemStoreChunkPool:259;0.0
org.apache.hadoop.hbase.regionserver$ChunkCreator$MemStoreChunkPool$StatisticsThread:324;0.0
org.apache.hadoop.hbase.master$MasterFileSystem:101;0.0
org.apache.hadoop.hbase.wal$WALProvider:113;0.0
org.apache.hadoop.hbase.wal$AbstractFSWALProvider:59;0.0
org.apache.hadoop.hbase.regionserver$HRegion:702;0.0
org.apache.hadoop.hbase.regionserver$HRegion$WriteState:412;0.0
org.apache.hadoop.hbase.regionserver$MultiVersionConcurrencyControl:60;0.0
org.apache.hadoop.hbase.regionserver$HRegion$7:8296;0.0
org.apache.hadoop.hbase.regionserver$HRegionFileSystem:105;0.0
org.apache.hadoop.hbase.util$ServerRegionReplicaUtil:44;0.0
org.apache.hadoop.hbase.regionserver$RegionServicesForStores:56;0.0
org.apache.hadoop.hbase.regionserver$RegionServicesForStores$1:49;0.0
org.apache.hadoop.hbase.regionserver$HRegion$3:1750;0.0
org.apache.hadoop.hbase.regionserver$HRegion$1:1004;0.0
org.apache.hadoop.hbase.regionserver$HStore:230;0.0
org.apache.hadoop.hbase.regionserver$ScanInfo:68;0.0
org.apache.hadoop.hbase.io.hfile$HFileDataBlockEncoderImpl:45;0.0
org.apache.hadoop.hbase.regionserver$MemStore:135;0.0
org.apache.hadoop.hbase.regionserver$AbstractMemStore:77;0.0
org.apache.hadoop.hbase.regionserver$DefaultMemStore:66;0.0
org.apache.hadoop.hbase.regionserver$SegmentFactory:36;0.0
org.apache.hadoop.hbase.regionserver$MemStoreLABImpl:93;0.0
org.apache.hadoop.hbase.regionserver$CompactingMemStore$IndexType:86;0.0
org.apache.hadoop.hbase.regionserver$CellSet:55;0.0
org.apache.hadoop.hbase.regionserver$Segment:72;0.0
org.apache.hadoop.hbase.regionserver$MutableSegment:46;0.0
org.apache.hadoop.hbase.regionserver$TimeRangeTracker$Type:51;0.0
org.apache.hadoop.hbase.regionserver$TimeRangeTracker:49;0.0
org.apache.hadoop.hbase.regionserver$TimeRangeTracker$SyncTimeRangeTracker:298;0.0
org.apache.hadoop.hbase.regionserver$ImmutableSegment:48;0.0
org.apache.hadoop.hbase.regionserver$CSLMImmutableSegment:40;0.0
org.apache.hadoop.hbase.regionserver.compactions$OffPeakHours:26;0.0
org.apache.hadoop.hbase.regionserver.compactions$OffPeakHours$1:30;0.0
org.apache.hadoop.hbase.regionserver$StoreEngine:39;0.0
org.apache.hadoop.hbase.regionserver$DefaultStoreEngine:42;0.0
org.apache.hadoop.hbase.regionserver.compactions$Compactor:94;0.0
org.apache.hadoop.hbase.regionserver.compactions$DefaultCompactor:47;0.0
org.apache.hadoop.hbase.regionserver.compactions$Compactor$1:242;0.0
org.apache.hadoop.hbase.regionserver.compactions$DefaultCompactor$1:56;0.0
org.apache.hadoop.hbase.regionserver.compactions$CompactionPolicy:39;0.0
org.apache.hadoop.hbase.regionserver.compactions$SortedCompactionPolicy:41;0.0
org.apache.hadoop.hbase.regionserver.compactions$RatioBasedCompactionPolicy:50;0.0
org.apache.hadoop.hbase.regionserver.compactions$ExploringCompactionPolicy:50;0.0
org.apache.hadoop.hbase.regionserver.compactions$CompactionConfiguration:113;0.0
org.apache.hadoop.hbase.regionserver$StoreFlusher:46;0.0
org.apache.hadoop.hbase.regionserver$DefaultStoreFlusher:43;0.0
org.apache.hadoop.hbase.regionserver$DefaultStoreFileManager:67;0.0
org.apache.hadoop.hbase.regionserver$StoreFileComparators:32;0.0
org.apache.hadoop.hbase.regionserver$StoreFileComparators$GetSeqId:56;0.0
org.apache.hadoop.hbase.regionserver$StoreFileComparators$GetFileSize:63;0.0
org.apache.hadoop.hbase.regionserver$StoreFileComparators$GetBulkTime:76;0.0
org.apache.hadoop.hbase.regionserver$StoreFileComparators$GetPathName:83;0.0
org.apache.hadoop.hbase.regionserver$StoreFileComparators$GetMaxTimestamp:90;0.0
org.apache.hadoop.hbase.regionserver$StoreUtils:38;0.0
org.apache.hadoop.hbase.wal$WALSplitter:154;0.0
org.apache.hadoop.hbase.regionserver$RegionSplitPolicy:43;0.0
org.apache.hadoop.hbase.regionserver$ConstantSizeRegionSplitPolicy:41;0.0
org.apache.hadoop.hbase.regionserver$IncreasingToUpperBoundRegionSplitPolicy:47;0.0
org.apache.hadoop.hbase.regionserver$SteppingSplitPolicy:20;0.0
org.apache.hadoop.hbase.regionserver$FlushPolicyFactory:38;0.0
org.apache.hadoop.hbase.regionserver$FlushPolicy:29;0.0
org.apache.hadoop.hbase.regionserver$FlushLargeStoresPolicy:31;0.0
org.apache.hadoop.hbase.regionserver$FlushAllLargeStoresPolicy:34;0.0
org.apache.hadoop.hbase.regionserver$MemStoreSize:43;0.0
org.apache.hadoop.hbase.regionserver$MemStoreSizing:53;0.0
org.apache.hadoop.hbase.regionserver$MemStoreSizing$1:33;0.0
org.apache.hadoop.hbase.regionserver$HRegion$2:1585;0.0
org.apache.hadoop.hbase.master$MasterWalManager:89;0.0
org.apache.hadoop.hbase.master$MasterWalManager$1:57;0.0
org.apache.hadoop.hbase.master$MasterWalManager$2:64;0.0
org.apache.hadoop.hbase.master$MetricsMasterFileSystem:27;0.0
org.apache.hadoop.hbase.master$SplitLogManager:121;0.0
org.apache.hadoop.hbase.coordination$SplitLogManagerCoordination$SplitLogManagerDetails:55;0.0
org.apache.hadoop.hbase.master$SplitLogManager$TimeoutMonitor:540;0.0
org.apache.hadoop.hbase.util$AbstractFileStatusFilter:38;0.0
org.apache.hadoop.hbase.util$FSUtils$BlackListDirFilter:879;0.0
org.apache.hadoop.hbase.util$FSUtils$UserTableDirFilter:922;0.0
org.apache.hadoop.hbase.master$ServerManager:192;0.0
org.apache.hadoop.hbase.master$DeadServer:44;0.0
org.apache.hadoop.hbase.master$DeadServer$1:203;0.0
org.apache.hadoop.hbase.master$TableStateManager:56;0.0
org.apache.hadoop.hbase.master.balancer$LoadBalancerFactory:30;0.0
org.apache.hadoop.hbase.master.balancer$BaseLoadBalancer:92;0.0
org.apache.hadoop.hbase.master.balancer$StochasticLoadBalancer:158;0.0
org.apache.hadoop.hbase.master.balancer$MetricsBalancer:30;0.0
org.apache.hadoop.hbase.master.balancer$MetricsStochasticBalancer:33;0.0
org.apache.hadoop.hbase.master.balancer$RegionLocationFinder:95;0.0
org.apache.hadoop.hbase$HDFSBlocksDistribution:106;0.0
org.apache.hadoop.hbase.master.balancer$RegionLocationFinder$1:78;0.0
org.apache.hadoop.hbase.master$RackManager:45;0.0
org.apache.hadoop.hbase.master.balancer$StochasticLoadBalancer$CandidateGenerator:609;0.0
org.apache.hadoop.hbase.master.balancer$StochasticLoadBalancer$LocalityBasedCandidateGenerator:781;0.0
org.apache.hadoop.hbase.master.balancer$StochasticLoadBalancer$CostFunction:976;0.0
org.apache.hadoop.hbase.master.balancer$StochasticLoadBalancer$LocalityBasedCostFunction:1255;0.0
org.apache.hadoop.hbase.master.balancer$StochasticLoadBalancer$ServerLocalityCostFunction:1327;0.0
org.apache.hadoop.hbase.master.balancer$BaseLoadBalancer$Cluster$LocalityType:610;0.0
org.apache.hadoop.hbase.master.balancer$StochasticLoadBalancer$RackLocalityCostFunction:1348;0.0
org.apache.hadoop.hbase.master.balancer$StochasticLoadBalancer$RandomCandidateGenerator:725;0.0
org.apache.hadoop.hbase.master.balancer$StochasticLoadBalancer$LoadCandidateGenerator:739;0.0
org.apache.hadoop.hbase.master.balancer$StochasticLoadBalancer$RegionReplicaCandidateGenerator:854;0.0
org.apache.hadoop.hbase.master.balancer$StochasticLoadBalancer$RegionReplicaRackCandidateGenerator:938;0.0
org.apache.hadoop.hbase.master.balancer$StochasticLoadBalancer$CostFromRegionLoadFunction:1373;0.0
org.apache.hadoop.hbase.master.balancer$StochasticLoadBalancer$CostFromRegionLoadAsRateFunction:1435;0.0
org.apache.hadoop.hbase.master.balancer$StochasticLoadBalancer$ReadRequestCostFunction:1468;0.0
org.apache.hadoop.hbase.master.balancer$StochasticLoadBalancer$WriteRequestCostFunction:1489;0.0
org.apache.hadoop.hbase.master.balancer$StochasticLoadBalancer$MemStoreSizeCostFunction:1672;0.0
org.apache.hadoop.hbase.master.balancer$StochasticLoadBalancer$StoreFileCostFunction:1692;0.0
org.apache.hadoop.hbase.master.balancer$StochasticLoadBalancer$RegionReplicaHostCostFunction:1515;0.0
org.apache.hadoop.hbase.master.balancer$StochasticLoadBalancer$RegionReplicaRackCostFunction:1627;0.0
org.apache.hadoop.hbase.master.balancer$StochasticLoadBalancer$RegionCountSkewCostFunction:1149;0.0
org.apache.hadoop.hbase.master.balancer$StochasticLoadBalancer$PrimaryRegionCountSkewCostFunction:1180;0.0
org.apache.hadoop.hbase.master.balancer$StochasticLoadBalancer$MoveCostFunction:1110;0.0
org.apache.hadoop.hbase.master.balancer$StochasticLoadBalancer$TableSkewCostFunction:1219;0.0
org.apache.hadoop.hbase.master.normalizer$RegionNormalizerFactory:32;0.0
org.apache.hadoop.hbase.master.normalizer$SimpleRegionNormalizer:60;0.0
org.apache.hadoop.hbase.master.normalizer$NormalizationPlan$PlanType:29;0.0
org.apache.hadoop.hbase.master.normalizer$SimpleRegionNormalizer$1:97;0.0
org.apache.hadoop.hbase.master$SplitOrMergeTracker:51;0.0
org.apache.hadoop.hbase.master$SplitOrMergeTracker$SwitchStateTracker:101;0.0
org.apache.hadoop.hbase.master$ServerListener:33;0.0
org.apache.hadoop.hbase.master.assignment$AssignmentManager:185;0.0
org.apache.hadoop.hbase.master.assignment$RegionStateStore:69;0.0
org.apache.hadoop.hbase.master.assignment$RegionStates:432;0.0
org.apache.hadoop.hbase.master.assignment$RegionStates$RegionStateStampComparator:301;0.0
org.apache.hadoop.hbase.master$MetricsAssignmentManager:34;0.0
org.apache.hadoop.hbase.master.assignment$AssignmentManager$RegionInTransitionChore:1056;0.0
org.apache.hadoop.hbase.master.assignment$AssignmentManager$2:1634;0.0
org.apache.hadoop.hbase.master.replication$ReplicationPeerManager:65;0.0
org.apache.hadoop.hbase.master$RegionServerTracker:59;0.0
org.apache.hadoop.hbase.master$DrainingServerTracker:62;0.0
org.apache.hadoop.hbase.master$DrainingServerTracker$1:80;0.0
org.apache.hadoop.hbase.procedure$ProcedureManager:25;0.0
org.apache.hadoop.hbase.procedure$MasterProcedureManager:57;0.0
org.apache.hadoop.hbase.master.snapshot$SnapshotManager:175;0.0
org.apache.hadoop.hbase.procedure$ProcedureManagerHost:40;0.0
org.apache.hadoop.hbase.procedure$MasterProcedureManagerHost:33;0.0
org.apache.hadoop.hbase.procedure.flush$MasterFlushTableProcedureManager:74;0.0
org.apache.hadoop.hbase.procedure$ProcedureCoordinator:74;0.0
org.apache.hadoop.hbase.procedure$ZKProcedureCoordinator:58;0.0
org.apache.hadoop.hbase.procedure$ZKProcedureUtil:78;0.0
org.apache.hadoop.hbase.procedure$ZKProcedureCoordinator$1:197;0.0
org.apache.hadoop.hbase.snapshot$SnapshotDescriptionUtils:145;0.0
org.apache.hadoop.hbase.replication.master$ReplicationPeerConfigUpgrader:65;0.0
org.apache.hadoop.hbase.quotas$QuotaUtil:54;0.0
org.apache.hadoop.hbase.procedure$RegionServerProcedureManagerHost:36;0.0
org.apache.hadoop.hbase.procedure$RegionServerProcedureManager:33;0.0
org.apache.hadoop.hbase.regionserver.snapshot$RegionServerSnapshotManager:111;0.0
org.apache.hadoop.hbase.procedure.flush$RegionServerFlushTableProcedureManager:91;0.0
org.apache.hadoop.hbase.procedure$ZKProcedureMemberRpcs:70;0.0
org.apache.hadoop.hbase.procedure$ZKProcedureMemberRpcs$1:74;0.0
org.apache.hadoop.hbase.procedure$ProcedureMember:63;0.0
org.apache.hadoop.hbase.procedure.flush$RegionServerFlushTableProcedureManager$FlushTableSubprocedureBuilder:182;0.0
org.apache.hadoop.hbase.regionserver.snapshot$RegionServerSnapshotManager$SnapshotSubprocedureBuilder:242;0.0
org.apache.hadoop.hbase.regionserver$ShutdownHook:42;0.0
org.apache.hadoop.hbase.util$ShutdownHookManager:27;0.0
org.apache.hadoop.hbase.util$ShutdownHookManager$ShutdownHookManagerV2:71;0.0
org.apache.hadoop.hbase.regionserver$ShutdownHook$ShutdownHookThread:102;0.0
org.apache.hadoop.hbase.coprocessor$CoprocessorHost:88;0.0
org.apache.hadoop.hbase.coprocessor$CoprocessorHost$1:469;0.0
org.apache.hadoop.hbase.regionserver$RegionServerCoprocessorHost:56;0.0
org.apache.hadoop.hbase.util$SortedList:61;0.0
org.apache.hadoop.hbase.coprocessor$CoprocessorHost$EnvironmentPriorityComparator:374;0.0
org.apache.hadoop.hbase.master$MasterCoprocessorHost:145;0.0
org.apache.hadoop.hbase.executor$ExecutorType:52;0.0
org.apache.hadoop.hbase.executor$ExecutorService$Executor:171;0.0
org.apache.hadoop.hbase.executor$ExecutorService$TrackingThreadPoolExecutor:238;0.0
org.apache.hadoop.hbase.master.procedure$MasterProcedureEnv:103;0.0
org.apache.hadoop.hbase.master.procedure$RSProcedureDispatcher:74;0.0
org.apache.hadoop.hbase.master.procedure$MasterProcedureScheduler:155;0.0
org.apache.hadoop.hbase.master.procedure$MasterProcedureScheduler$ServerQueueKeyComparator:544;0.0
org.apache.hadoop.hbase.master.procedure$MasterProcedureScheduler$TableQueueKeyComparator:569;0.0
org.apache.hadoop.hbase.master.procedure$MasterProcedureScheduler$PeerQueueKeyComparator:610;0.0
org.apache.hadoop.hbase.master.procedure$MasterProcedureScheduler$FairQueue:1317;0.0
org.apache.hadoop.hbase.master.procedure$MasterProcedureScheduler$SchemaLocking:1216;0.0
org.apache.hadoop.hbase.master.procedure$MasterProcedureScheduler$TablePriorities:138;0.0
org.apache.hadoop.hbase.master.procedure$MasterProcedureEnv$WALStoreLeaseRecovery:55;0.0
org.apache.hadoop.hbase.master.procedure$MasterProcedureEnv$MasterProcedureStoreListener:83;0.0
org.apache.hadoop.hbase.master.cleaner$CleanerChore:83;0.0
org.apache.hadoop.hbase.master.cleaner$LogCleaner:64;0.0
org.apache.hadoop.hbase.master.cleaner$FileCleanerDelegate:52;0.0
org.apache.hadoop.hbase.master.cleaner$BaseFileCleanerDelegate:31;0.0
org.apache.hadoop.hbase.master.cleaner$BaseLogCleanerDelegate:40;0.0
org.apache.hadoop.hbase.master.cleaner$TimeToLiveLogCleaner:34;0.0
org.apache.hadoop.hbase.replication.master$ReplicationLogCleaner:46;0.0
org.apache.hadoop.hbase.master.cleaner$TimeToLiveProcedureWALCleaner:34;0.0
org.apache.hadoop.hbase.util$HFileArchiveUtil:34;0.0
org.apache.hadoop.hbase.master.cleaner$HFileCleaner:51;0.0
org.apache.hadoop.hbase.master.cleaner$HFileCleaner$3:293;0.0
org.apache.hadoop.hbase.master.cleaner$BaseHFileCleanerDelegate:41;0.0
org.apache.hadoop.hbase.master.cleaner$HFileLinkCleaner:44;0.0
org.apache.hadoop.hbase.master.snapshot$SnapshotHFileCleaner:47;0.0
org.apache.hadoop.hbase.master.snapshot$SnapshotFileCache:118;0.0
org.apache.hadoop.hbase.master.snapshot$SnapshotHFileCleaner$1:102;0.0
org.apache.hadoop.hbase.master.snapshot$SnapshotFileCache$RefreshCacheTask:309;0.0
org.apache.hadoop.hbase.master.cleaner$TimeToLiveHFileCleaner:33;0.0
org.apache.hadoop.hbase.util$StealJobQueue:53;0.0
org.apache.hadoop.hbase.util$StealJobQueue$1:65;0.0
org.apache.hadoop.hbase.master.cleaner$HFileCleaner$1:201;0.0
org.apache.hadoop.hbase.master.cleaner$HFileCleaner$2:216;0.0
org.apache.hadoop.hbase.master.cleaner$ReplicationMetaCleaner:58;0.0
org.apache.hadoop.hbase.master$MasterMetaBootstrap:50;0.0
org.apache.hadoop.hbase.master.procedure$ProcedurePrepareLatch:36;0.0
org.apache.hadoop.hbase.master.procedure$ProcedurePrepareLatch$NoopLatch:73;0.0
org.apache.hadoop.hbase.master.procedure$ProcedurePrepareLatch$CompatibilityLatch:80;0.0
org.apache.hadoop.hbase.master.procedure$RecoverMetaProcedure:72;0.0
org.apache.hadoop.hbase.wal$WALFactory:105;0.0
org.apache.hadoop.hbase.wal$WALFactory$Providers:74;0.0
org.apache.hadoop.hbase.regionserver.wal$ReaderBase:55;0.0
org.apache.hadoop.hbase.regionserver.wal$ProtobufLogReader:142;0.0
org.apache.hadoop.hbase.wal$AsyncFSWALProvider:46;0.0
org.apache.hadoop.hbase.regionserver.wal$WALActionsListener:41;0.0
org.apache.hadoop.hbase.regionserver.wal$MetricsWAL:45;0.0
org.apache.hadoop.hbase.replication.regionserver$Replication:82;0.0
org.apache.hadoop.hbase.replication.regionserver$ReplicationSourceManager:175;0.0
org.apache.hadoop.hbase.replication.regionserver$ReplicationSourceWALActionListener:46;0.0
org.apache.hadoop.hbase.replication.regionserver$ReplicationLoad:49;0.0
org.apache.hadoop.hbase.replication.regionserver$PeerProcedureHandlerImpl:36;0.0
org.apache.hadoop.hbase.regionserver$MetricsRegionServer:54;0.0
org.apache.hadoop.hbase.regionserver$MetricsRegionServerWrapperImpl:123;0.0
org.apache.hadoop.hbase.regionserver$MetricsRegionServerWrapperImpl$RegionServerMetricsWrapperRunnable:709;0.0
org.apache.hadoop.hbase.regionserver$RegionServerTableMetrics:32;0.0
org.apache.hadoop.hbase.regionserver$MetricsTable:29;0.0
org.apache.hadoop.hbase.regionserver$MetricsTableWrapperAggregateImpl:48;0.0
org.apache.hadoop.hbase.regionserver$MetricsTableWrapperAggregateImpl$TableMetricsWrapperRunnable:58;0.0
org.apache.hadoop.hbase.util$JvmPauseMonitor:76;0.0
org.apache.hadoop.hbase.util$JvmPauseMonitor$Monitor:146;0.0
org.apache.hadoop.hbase.util$JvmPauseMonitor$GcTimes:123;0.0
org.apache.hadoop.hbase.regionserver$MemStoreFlusher:96;0.0
org.apache.hadoop.hbase.regionserver$CompactSplit:103;0.0
org.apache.hadoop.hbase.regionserver$CompactSplit$CompactionCompleteTracker:242;0.0
org.apache.hadoop.hbase.regionserver$CompactSplit$5:453;0.0
org.apache.hadoop.hbase.regionserver$CompactSplit$1:127;0.0
org.apache.hadoop.hbase.regionserver$CompactSplit$Rejection:649;0.0
org.apache.hadoop.hbase.regionserver$CompactSplit$2:138;0.0
org.apache.hadoop.hbase.regionserver$CompactSplit$3:149;0.0
org.apache.hadoop.hbase.regionserver.throttle$CompactionThroughputControllerFactory:36;0.0
org.apache.hadoop.hbase.master.procedure$MasterProcedureScheduler$Queue:1135;0.0
org.apache.hadoop.hbase.master.procedure$MasterProcedureScheduler$TableQueue:581;0.0
org.apache.hadoop.hbase.regionserver.throttle$PressureAwareThroughputController:34;0.0
org.apache.hadoop.hbase.regionserver.throttle$PressureAwareCompactionThroughputController:43;0.0
org.apache.hadoop.hbase.regionserver.throttle$PressureAwareCompactionThroughputController$1:83;0.0
org.apache.hadoop.hbase.regionserver$HRegionServer$CompactionChecker:1687;0.0
org.apache.hadoop.hbase.regionserver$HRegionServer$PeriodicMemStoreFlusher:1745;0.0
org.apache.hadoop.hbase.regionserver$Leases:71;0.0
org.apache.hadoop.hbase.regionserver$HRegionServer$MovedRegionsCleaner:3457;0.0
org.apache.hadoop.hbase.master.procedure$TableProcedureInterface$TableOperationType:32;0.0
org.apache.hadoop.hbase.regionserver$HRegionServer$MovedRegionsCleaner$1:3466;0.0
org.apache.hadoop.hbase.regionserver$ServerNonceManager$1:269;0.0
org.apache.hadoop.hbase.master.procedure$ServerProcedureInterface$ServerOperationType:31;0.0
org.apache.hadoop.hbase.quotas$RegionServerRpcQuotaManager:56;0.0
org.apache.hadoop.hbase.quotas$RegionServerSpaceQuotaManager:60;0.0
org.apache.hadoop.hbase.master.assignment$RegionTransitionProcedure:100;0.0
org.apache.hadoop.hbase.master.assignment$AssignProcedure:98;0.0
org.apache.hadoop.hbase.master.assignment$AssignProcedure$CompareAssignProcedure:373;0.0
org.apache.hadoop.hbase.quotas$SpaceViolationPolicyEnforcementFactory:41;0.0
org.apache.hadoop.hbase.regionserver$SecureBulkLoadManager:111;0.0
org.apache.hadoop.hbase.master.assignment$RegionStates$RegionStateNode:120;0.0
org.apache.hadoop.hbase.master.assignment$RegionStates$AssignmentProcedureEvent:76;0.0
org.apache.hadoop.hbase.regionserver$LogRoller:97;0.0
org.apache.hadoop.hbase.regionserver.throttle$FlushThroughputControllerFactory:39;0.0
org.apache.hadoop.hbase.regionserver.throttle$NoLimitThroughputController:25;0.0
org.apache.hadoop.hbase.regionserver$RemoteProcedureResultReporter:53;0.0
org.apache.hadoop.hbase.regionserver$CompactedHFilesDischarger:52;0.0
org.apache.hadoop.hbase.regionserver$MemStoreFlusher$FlushHandler:216;0.0
org.apache.hadoop.hbase.regionserver$SplitLogWorker:73;0.0
org.apache.hadoop.hbase.regionserver$SplitLogWorker$1:89;0.0
org.apache.hadoop.hbase.regionserver$HeapMemoryManager:119;0.0
org.apache.hadoop.hbase.regionserver$MetricsHeapMemoryManager:34;0.0
org.apache.hadoop.hbase.regionserver$HeapMemoryManager$HeapMemoryTunerChore:250;0.0
org.apache.hadoop.hbase.regionserver$HeapMemoryManager$TunerContext:426;0.0
org.apache.hadoop.hbase.regionserver$DefaultHeapMemoryTuner:71;0.0
org.apache.hadoop.hbase.regionserver$HeapMemoryManager$TunerResult:519;0.0
org.apache.hadoop.hbase.regionserver$DefaultHeapMemoryTuner$StepDirection:399;0.0
org.apache.hadoop.hbase.util$RollingStatCalculator:47;0.0
org.apache.hadoop.hbase.replication.regionserver$ReplicationSink:102;0.0
org.apache.hadoop.hbase.replication.regionserver$MetricsSink:34;0.0
org.apache.hadoop.hbase.replication.regionserver$DefaultSourceFSConfigurationProvider:33;0.0
org.apache.hadoop.hbase.replication.regionserver$Replication$ReplicationStatisticsTask:224;0.0
org.apache.hadoop.hbase.master.assignment$RegionStates$ServerStateNode:319;0.0
org.apache.hadoop.hbase.master.assignment$RegionStates$ServerState:309;0.0
org.apache.hadoop.hbase.master.assignment$RegionStates$ServerReportEvent:82;0.0
org.apache.hadoop.hbase.regionserver$FlushType:29;0.0
org.apache.hadoop.hbase$SplitLogCounters:30;0.0
org.apache.hadoop.hbase.regionserver.wal$AbstractFSWAL:340;0.0
org.apache.hadoop.hbase.regionserver.wal$AsyncFSWAL:207;0.0
org.apache.hadoop.hbase.regionserver.wal$SequenceIdAccounting:53;0.0
org.apache.hadoop.hbase.regionserver.wal$AbstractFSWAL$1:375;0.0
org.apache.hadoop.hbase.regionserver.wal$WALCoprocessorHost:108;0.0
org.apache.hadoop.hbase.regionserver.wal$RingBufferTruck:30;0.0
org.apache.hadoop.hbase.regionserver.wal$RingBufferTruck$Type:32;0.0
org.apache.hadoop.hbase.regionserver.wal$AbstractProtobufLogWriter:57;0.0
org.apache.hadoop.hbase.regionserver.wal$AsyncProtobufLogWriter:106;0.0
org.apache.hadoop.hbase.io.asyncfs$AsyncFSOutputHelper:39;0.0
org.apache.hadoop.hbase.io.asyncfs$FanOutOneBlockAsyncDFSOutputHelper:122;0.0
org.apache.hadoop.hbase.io.asyncfs$FanOutOneBlockAsyncDFSOutputHelper$3:300;0.0
org.apache.hadoop.hbase.io.asyncfs$FanOutOneBlockAsyncDFSOutputHelper$5:356;0.0
org.apache.hadoop.hbase.io.asyncfs$FanOutOneBlockAsyncDFSOutputHelper$6:380;0.0
org.apache.hadoop.hbase.io.asyncfs$FanOutOneBlockAsyncDFSOutputHelper$2:255;0.0
org.apache.hadoop.hbase.io.asyncfs$FanOutOneBlockAsyncDFSOutputHelper$1:236;0.0
org.apache.hadoop.hbase.io.asyncfs$FanOutOneBlockAsyncDFSOutputHelper$8:431;0.0
org.apache.hadoop.hbase.io.asyncfs$FanOutOneBlockAsyncDFSOutputHelper$10:479;0.0
org.apache.hadoop.hbase.io.asyncfs$FanOutOneBlockAsyncDFSOutputHelper$FileCreator:210;0.0
org.apache.hadoop.hbase.io.asyncfs$FanOutOneBlockAsyncDFSOutputHelper$16:851;0.0
org.apache.hadoop.hbase.util$FSHDFSUtils:49;0.0
org.apache.hadoop.hbase.io.asyncfs$FanOutOneBlockAsyncDFSOutputHelper$14:714;0.0
org.apache.hadoop.hbase.io.asyncfs$FanOutOneBlockAsyncDFSOutputHelper$13:719;0.0
org.apache.hadoop.hbase.io.asyncfs$FanOutOneBlockAsyncDFSOutputSaslHelper:114;0.0
org.apache.hadoop.hbase.io.asyncfs$FanOutOneBlockAsyncDFSOutputSaslHelper$1:168;0.0
org.apache.hadoop.hbase.io.asyncfs$FanOutOneBlockAsyncDFSOutputSaslHelper$2:211;0.0
org.apache.hadoop.hbase.io.asyncfs$FanOutOneBlockAsyncDFSOutputSaslHelper$3:240;0.0
org.apache.hadoop.hbase.io.asyncfs$FanOutOneBlockAsyncDFSOutputHelper$12:666;0.0
org.apache.hadoop.hbase.io.asyncfs$FanOutOneBlockAsyncDFSOutputHelper$11:593;0.0
org.apache.hadoop.hbase.io.asyncfs$FanOutOneBlockAsyncDFSOutput:332;0.0
org.apache.hadoop.hbase.io.asyncfs$SendBufSizePredictor:26;0.0
org.apache.hadoop.hbase.io.asyncfs$FanOutOneBlockAsyncDFSOutput$State:177;0.0
org.apache.hadoop.hbase.io.asyncfs$FanOutOneBlockAsyncDFSOutput$AckHandler:260;0.0
org.apache.hadoop.hbase.regionserver.wal$AsyncProtobufLogWriter$OutputStreamWrapper:75;0.0
org.apache.hadoop.hbase.regionserver.wal$WALCellCodec:75;0.0
org.apache.hadoop.hbase.io.asyncfs$FanOutOneBlockAsyncDFSOutput$Callback:145;0.0
org.apache.hadoop.hbase.regionserver.wal$WALCellCodec$1:68;0.0
org.apache.hadoop.hbase.regionserver.wal$WALCellCodec$EnsureKvEncoder:324;0.0
org.apache.hadoop.hbase.regionserver$LogRoller$1:74;0.0
org.apache.hadoop.hbase.master.procedure$RSProcedureDispatcher$AbstractRSRemoteCall:153;0.0
org.apache.hadoop.hbase.master.procedure$RSProcedureDispatcher$ExecuteProceduresRemoteCall:281;0.0
org.apache.hadoop.hbase.master.procedure$RSProcedureDispatcher$RegionOperation:527;0.0
org.apache.hadoop.hbase.master.procedure$RSProcedureDispatcher$RegionOpenOperation:544;0.0
org.apache.hadoop.hbase.executor$EventHandler:77;0.0
org.apache.hadoop.hbase.regionserver.handler$OpenRegionHandler:59;0.0
org.apache.hadoop.hbase.regionserver.handler$OpenMetaHandler:38;0.0
org.apache.hadoop.hbase.executor$EventType:292;0.0
org.apache.hadoop.hbase.regionserver.handler$OpenRegionHandler$1:291;0.0
org.apache.hadoop.hbase.regionserver$RegionCoprocessorHost:262;0.0
org.apache.hadoop.hbase.regionserver$RegionCoprocessorHost$TableCoprocessorAttribute:225;0.0
org.apache.hadoop.hbase.coprocessor$RegionCoprocessor:33;0.0
org.apache.hadoop.hbase.coprocessor$MultiRowMutationEndpoint:81;0.0
org.apache.hadoop.hbase.coprocessor$BaseEnvironment:54;0.0
org.apache.hadoop.hbase.regionserver$RegionCoprocessorHost$RegionEnvironment:130;0.0
org.apache.hadoop.hbase.coprocessor$ReadOnlyConfiguration:50;0.0
org.apache.hadoop.hbase.coprocessor$MetricsCoprocessor:36;0.0
org.apache.hadoop.hbase.regionserver$MetricsRegionWrapperImpl:62;0.0
org.apache.hadoop.hbase.regionserver$MetricsRegionWrapperImpl$HRegionMetricsWrapperRunnable:214;0.0
org.apache.hadoop.hbase.regionserver$MetricsRegion:34;0.0
org.apache.hadoop.hbase.util$CompressionTest:54;0.0
org.apache.hadoop.hbase.util$EncryptionTest:46;0.0
org.apache.hadoop.hbase.coprocessor$ObserverContextImpl:43;0.0
org.apache.hadoop.hbase.coprocessor$CoprocessorHost$ObserverOperation:491;0.0
org.apache.hadoop.hbase.coprocessor$CoprocessorHost$ObserverOperationWithoutResult:517;0.0
org.apache.hadoop.hbase.regionserver$RegionCoprocessorHost$RegionObserverOperationWithoutResult:490;0.0
org.apache.hadoop.hbase.regionserver$RegionCoprocessorHost$1:535;0.0
org.apache.hadoop.hbase.wal$WALSplitter$1:565;0.0
org.apache.hadoop.hbase.wal$WALSplitter$2:646;0.0
org.apache.hadoop.hbase.regionserver$RegionCoprocessorHost$2:552;0.0
org.apache.hadoop.hbase.regionserver.wal$WALUtil:48;0.0
org.apache.hadoop.hbase.wal$WALEdit:77;0.0
org.apache.hadoop.hbase.regionserver$SequenceId:35;0.0
org.apache.hadoop.hbase.wal$WALKey:48;0.0
org.apache.hadoop.hbase.wal$WALKeyImpl:127;0.0
org.apache.hadoop.hbase.regionserver$MultiVersionConcurrencyControl$WriteEntry:271;0.0
org.apache.hadoop.hbase.wal$WAL$Entry:237;0.0
org.apache.hadoop.hbase.regionserver.wal$FSWALEntry:62;0.0
org.apache.hadoop.hbase.regionserver.wal$SyncFuture:46;0.0
org.apache.hadoop.hbase.regionserver.handler$OpenRegionHandler$PostOpenDeployTasksThread:237;0.0
org.apache.hadoop.hbase.regionserver$RegionServerServices$PostOpenDeployContext:101;0.0
org.apache.hadoop.hbase.regionserver$RegionServerServices$RegionStateTransitionContext:131;0.0
org.apache.hadoop.hbase.master$TableStateManager$2:217;0.0
org.apache.hadoop.hbase.regionserver$RegionCoprocessorHost$43:1386;0.0
org.apache.hadoop.hbase.regionserver$Region$Operation:179;0.0
org.apache.hadoop.hbase.regionserver$RegionCoprocessorHost$59:1649;0.0
org.apache.hadoop.hbase.regionserver$InternalScanner:54;0.0
org.apache.hadoop.hbase.regionserver$HRegion$RegionScannerImpl:6100;0.0
org.apache.hadoop.hbase.regionserver$ScannerContext:107;0.0
org.apache.hadoop.hbase.regionserver$ScannerContext$NextState:429;0.0
org.apache.hadoop.hbase.regionserver$ScannerContext$Builder:364;0.0
org.apache.hadoop.hbase.regionserver$ScannerContext$LimitFields:539;0.0
org.apache.hadoop.hbase.regionserver$ScannerContext$LimitScope:485;0.0
org.apache.hadoop.hbase.regionserver$ScannerContext$ProgressFields:700;0.0
org.apache.hadoop.hbase.regionserver$ScanOptions:57;0.0
org.apache.hadoop.hbase.regionserver$CustomizedScanInfoBuilder:37;0.0
org.apache.hadoop.hbase.regionserver$RegionCoprocessorHost$50:1523;0.0
org.apache.hadoop.hbase.regionserver$NonLazyKeyValueScanner:34;0.0
org.apache.hadoop.hbase.regionserver$NonReversedNonLazyKeyValueScanner:33;0.0
org.apache.hadoop.hbase.regionserver$StoreScanner:164;0.0
org.apache.hadoop.hbase.regionserver$ScanType:29;0.0
org.apache.hadoop.hbase.regionserver.querymatcher$ScanQueryMatcher:133;0.0
org.apache.hadoop.hbase.regionserver.querymatcher$UserScanQueryMatcher:73;0.0
org.apache.hadoop.hbase.regionserver.querymatcher$ScanDeleteTracker:61;0.0
org.apache.hadoop.hbase.coprocessor$CoprocessorHost$ObserverOperationWithResult:551;0.0
org.apache.hadoop.hbase.regionserver$RegionCoprocessorHost$66:1769;0.0
org.apache.hadoop.hbase.regionserver.querymatcher$ColumnTracker:137;0.0
org.apache.hadoop.hbase.regionserver.querymatcher$ScanWildcardColumnTracker:61;0.0
org.apache.hadoop.hbase.regionserver.querymatcher$NormalUserScanQueryMatcher:47;0.0
org.apache.hadoop.hbase.regionserver.querymatcher$NormalUserScanQueryMatcher$4:134;0.0
org.apache.hadoop.hbase.regionserver$SegmentScanner:65;0.0
org.apache.hadoop.hbase.regionserver$StoreFileScanner:89;0.0
org.apache.hadoop.hbase.regionserver$KeyValueHeap:81;0.0
org.apache.hadoop.hbase.regionserver$KeyValueHeap$KVScannerComparator:184;0.0
org.apache.hadoop.hbase.regionserver$RegionCoprocessorHost$60:1659;0.0
org.apache.hadoop.hbase.regionserver$RegionCoprocessorHost$44:1405;0.0
org.apache.hadoop.hbase.regionserver$RSRpcServices$ScannerListener:441;0.0
org.apache.hadoop.hbase.regionserver$Leases$Lease:258;0.0
org.apache.hadoop.hbase.regionserver$RSRpcServices$RegionScannerShippedCallBack:360;0.0
org.apache.hadoop.hbase.regionserver$RSRpcServices$RegionScannerHolder:415;0.0
org.apache.hadoop.hbase.quotas$OperationQuota$OperationType:34;0.0
org.apache.hadoop.hbase.quotas$NoopOperationQuota:36;0.0
org.apache.hadoop.hbase.regionserver$RegionCoprocessorHost$45:1429;0.0
org.apache.hadoop.hbase.regionserver$RegionCoprocessorHost$46:1452;0.0
org.apache.hadoop.hbase.regionserver$RegionCoprocessorHost$48:1496;0.0
org.apache.hadoop.hbase.regionserver$RegionCoprocessorHost$49:1509;0.0
org.apache.hadoop.hbase.util$ZKDataMigrator:42;0.0
org.apache.hadoop.hbase.master.assignment$AssignmentManager$1:1213;0.0
org.apache.hadoop.hbase.master.assignment$RegionStateStore$1:94;0.0
org.apache.hadoop.hbase.master.balancer$ClusterStatusChore:40;0.0
org.apache.hadoop.hbase.master.balancer$BalancerChore:41;0.0
org.apache.hadoop.hbase.master.normalizer$RegionNormalizerChore:40;0.0
org.apache.hadoop.hbase.master$CatalogJanitor:72;0.0
org.apache.hadoop.hbase.master$CatalogJanitor$SplitParentFirstComparator:308;0.0
org.apache.hadoop.hbase.master$CatalogJanitor$1:167;0.0
org.apache.hadoop.hbase.master$ClusterSchemaServiceImpl:46;0.0
org.apache.hadoop.hbase.master$TableNamespaceManager:87;0.0
org.apache.hadoop.hbase.regionserver$RegionCoprocessorHost$19:869;0.0
org.apache.hadoop.hbase.regionserver.querymatcher$ExplicitColumnTracker:77;0.0
org.apache.hadoop.hbase.regionserver.querymatcher$ColumnCount:40;0.0
org.apache.hadoop.hbase.regionserver.querymatcher$NormalUserScanQueryMatcher$3:125;0.0
org.apache.hadoop.hbase.regionserver$RegionCoprocessorHost$20:887;0.0
org.apache.hadoop.hbase.util$ModifyRegionUtils:53;0.0
org.apache.hadoop.hbase.master.procedure$AbstractStateMachineTableProcedure:44;0.0
org.apache.hadoop.hbase.master.procedure$CreateTableProcedure:61;0.0
org.apache.hadoop.hbase.master.procedure$MasterProcedureUtil:41;0.0
org.apache.hadoop.hbase.master.procedure$CreateTableProcedure$1:287;0.0
org.apache.hadoop.hbase.util$ModifyRegionUtils$3:243;0.0
org.apache.hadoop.hbase.util$ModifyRegionUtils$1:146;0.0
org.apache.hadoop.hbase.master.procedure$ProcedureSyncWait:55;0.0
org.apache.hadoop.hbase.quotas$ActivePolicyEnforcement:50;0.0
org.apache.hadoop.hbase.regionserver$RSRpcServices$RegionScannersCloseCallBack:381;0.0
org.apache.hadoop.hbase.quotas.policies$AbstractViolationPolicyEnforcement:33;0.0
org.apache.hadoop.hbase.quotas.policies$MissingSnapshotViolationPolicyEnforcement:36;0.0
org.apache.hadoop.hbase.regionserver$HRegion$BatchOperation:2950;0.0
org.apache.hadoop.hbase.regionserver$HRegion$MutationBatchOperation:3316;0.0
org.apache.hadoop.hbase.regionserver$OperationStatus:51;0.0
org.apache.hadoop.hbase.regionserver$HRegion$ObservedExceptionsInBatch:587;0.0
org.apache.hadoop.hbase.regionserver$HRegion$MutationBatchOperation$1:3376;0.0
org.apache.hadoop.hbase.regionserver$RegionCoprocessorHost$23:951;0.0
org.apache.hadoop.hbase.util$HashedBytes:37;0.0
org.apache.hadoop.hbase.regionserver$HRegion$RowLockContext:5686;0.0
org.apache.hadoop.hbase.regionserver$HRegion$RowLockImpl:5745;0.0
org.apache.hadoop.hbase.regionserver$MiniBatchOperationInProgress:52;0.0
org.apache.hadoop.hbase.regionserver$RegionCoprocessorHost$28:1048;0.0
org.apache.hadoop.hbase.regionserver$HRegion$BatchOperation$1:3216;0.0
org.apache.hadoop.hbase.regionserver$Chunk:64;0.0
org.apache.hadoop.hbase.regionserver$OnheapChunk:31;0.0
org.apache.hadoop.hbase.regionserver$NoTagByteBufferChunkKeyValue:35;0.0
org.apache.hadoop.hbase.regionserver$RegionCoprocessorHost$29:1061;0.0
org.apache.hadoop.hbase.regionserver$RegionCoprocessorHost$25:996;0.0
org.apache.hadoop.hbase.regionserver$RegionCoprocessorHost$30:1075;0.0
org.apache.hadoop.hbase.regionserver.querymatcher$ScanQueryMatcher$MatchCode:59;0.0
org.apache.hadoop.hbase.filter$FilterWrapper$FilterRowRetCode:142;0.0
org.apache.hadoop.hbase.util$MultiHConnection:62;0.0
org.apache.hadoop.hbase.regionserver.handler$OpenPriorityRegionHandler:37;0.0
org.apache.hadoop.hbase$ZKNamespaceManager:57;0.0
org.apache.hadoop.hbase.regionserver$ReversedRegionScannerImpl:48;0.0
org.apache.hadoop.hbase.regionserver$ReversedStoreScanner:52;0.0
org.apache.hadoop.hbase.regionserver.querymatcher$NormalUserScanQueryMatcher$1:105;0.0
org.apache.hadoop.hbase.regionserver$ReversedKeyValueHeap:48;0.0
org.apache.hadoop.hbase.regionserver$ReversedKeyValueHeap$ReversedKVScannerComparator:167;0.0
org.apache.hadoop.hbase.master.procedure$AbstractStateMachineNamespaceProcedure:34;0.0
org.apache.hadoop.hbase.master.procedure$CreateNamespaceProcedure:47;0.0
org.apache.hadoop.hbase.quotas$MasterQuotaManager:73;0.0
org.apache.hadoop.hbase.master$ExpiredMobFileCleanerChore:49;0.0
org.apache.hadoop.hbase.mob$ExpiredMobFileCleaner:48;0.0
org.apache.hadoop.hbase.master$MobCompactionChore:49;0.0
org.apache.hadoop.hbase.mob$MobUtils:111;0.0
org.apache.hadoop.hbase.mob$MobUtils$1:97;0.0
org.apache.hadoop.hbase.mob$MobConstants:100;0.0
org.apache.hadoop.hbase.mob$MobUtils$2:853;0.0
org.apache.hadoop.hbase.master$MasterMobCompactionThread:53;0.0
org.apache.hadoop.hbase.master$MasterMobCompactionThread$1:62;0.0
org.apache.hadoop.hbase.master.procedure$MasterProcedureUtil$NonceProcedureRunnable:76;0.0
org.apache.hadoop.hbase.master$HMaster$3:1748;0.0
org.apache.hadoop.hbase.master.procedure$ProcedureSyncWait$3:229;0.0
org.apache.hadoop.hbase.regionserver$CompactingMemStore:106;0.0
org.apache.hadoop.hbase.regionserver$CompactionPipeline:70;0.0
org.apache.hadoop.hbase.regionserver$MemStoreCompactor:74;0.0
org.apache.hadoop.hbase.regionserver$MemStoreCompactionStrategy$Action:52;0.0
org.apache.hadoop.hbase.regionserver$MemStoreCompactionStrategy:66;0.0
org.apache.hadoop.hbase.regionserver$BasicMemStoreCompactionStrategy:36;0.0
org.apache.hadoop.hbase.regionserver$FlushNonSloppyStoresFirstPolicy:33;0.0
org.apache.hadoop.hbase.regionserver$MetricsTableWrapperAggregateImpl$MetricsTableValues:167;0.0
