formula,metric_name,metric_value
barinel,density,0.10378128471313552
barinel,uniqueness,0.0936384360617661
barinel,entropy_barinel,-0.0
dstar,density,0.10378128471313552
dstar,uniqueness,0.0936384360617661
dstar,entropy_dstar,-0.0
ochiai,density,0.10378128471313552
ochiai,uniqueness,0.0936384360617661
ochiai,entropy_ochiai,-0.0
tarantula,density,0.10378128471313552
tarantula,uniqueness,0.0936384360617661
tarantula,entropy_tarantula,-0.0
barinel,density,0.09704931857957534
barinel,uniqueness,0.10081286826373059
barinel,entropy_barinel,2.461919599813564E-4
dstar,density,0.09704931857957534
dstar,uniqueness,0.10081286826373059
dstar,entropy_dstar,145.4905712190405
ochiai,density,0.09704931857957534
ochiai,uniqueness,0.10081286826373059
ochiai,entropy_ochiai,579.5947794316769
tarantula,density,0.09704931857957534
tarantula,uniqueness,0.10081286826373059
tarantula,entropy_tarantula,1239.3278035748026
