formula,metric_name,metric_value
barinel,density,0.1329525253771196
barinel,uniqueness,0.41560574948665296
barinel,entropy_barinel,-0.0
dstar,density,0.1329525253771196
dstar,uniqueness,0.41560574948665296
dstar,entropy_dstar,-0.0
ochiai,density,0.1329525253771196
ochiai,uniqueness,0.41560574948665296
ochiai,entropy_ochiai,-0.0
tarantula,density,0.1329525253771196
tarantula,uniqueness,0.41560574948665296
tarantula,entropy_tarantula,-0.0
barinel,density,0.3482466825627203
barinel,uniqueness,0.1303066037735849
barinel,entropy_barinel,3.6978827599370143E-4
dstar,density,0.3482466825627203
dstar,uniqueness,0.1303066037735849
dstar,entropy_dstar,113.68597495149038
ochiai,density,0.3482466825627203
ochiai,uniqueness,0.1303066037735849
ochiai,entropy_ochiai,223.31208150169297
tarantula,density,0.3482466825627203
tarantula,uniqueness,0.1303066037735849
tarantula,entropy_tarantula,258.1071935588409
