formula,metric_name,metric_value
barinel,density,0.23656174912082492
barinel,uniqueness,0.5532994923857868
barinel,entropy_barinel,6.4702090022972094E-9
dstar,density,0.23656174912082492
dstar,uniqueness,0.5532994923857868
dstar,entropy_dstar,4.3892627943256395
ochiai,density,0.23656174912082492
ochiai,uniqueness,0.5532994923857868
ochiai,entropy_ochiai,18.057229220353246
tarantula,density,0.23656174912082492
tarantula,uniqueness,0.5532994923857868
tarantula,entropy_tarantula,18.074853965984886
