formula,metric_name,metric_value
barinel,density,0.33914053426248547
barinel,uniqueness,0.2682926829268293
barinel,entropy_barinel,3.295440504027672E-8
dstar,density,0.33914053426248547
dstar,uniqueness,0.2682926829268293
dstar,entropy_dstar,0.46438561897747244
ochiai,density,0.33914053426248547
ochiai,uniqueness,0.2682926829268293
ochiai,entropy_ochiai,0.5276532609163022
tarantula,density,0.33914053426248547
tarantula,uniqueness,0.2682926829268293
tarantula,entropy_tarantula,0.2575424759098898
