fold	commits
0	a167a064081329285eab6bb90db26ebd6f0ed344,5280c100ff93f65cd568ce830e088cc12a2f5585,188e4d52c2d8085874fed9349b03fedeca6edb59,db7302b047aa605dc68ab2ba5c40c5e4f4ef12c8
1	99e037c6cb548ff8c8f00418d1f692449832e82f,84298cf4e85edd137ddceb1f203c5f9e2837d4d4,e9a278adc617a41ad3eefdd419e7618afee6b2b3,50dd28d28359930e020cf53d3000066965fc56b7
2	0732ef5ebfea8e254d4a5dad6fe16ecccca3b799,22f1d7d1bea3a0f8746694be824081ed06ef9912,896b47381292ae44daa7c5880cefc09dda8a67e3,c292bf85eddfe2d9ee608f14bfc2c980701dd494
3	8ddb29aaa7e3f8557c902550aaae605612f85369,bae14c89615834ffed1c123a7ac8dfe8811daccd,dd15215b0de8504fd743310892e772dbfc7f616b,de25fcbd93c59ebb4a4dfd4058f089cdc781f3ac
4	c5b1283b8d8561cbeab1c3bc4b63d5a9f6a74e8c,b71bc6510f24541ccb0585d8cd8ebfbd84a336bd,31b132e936c5413c8677be2da8800e16ba8c7576,610b17d6433b0894a541421841b525741f8d5d40
5	ecec0801c67c9f8bd3ce234adbca665f876e03ad,6136ecd1a92cac26894c74a306b3df6d5646c524,24f759c677bfe7cbb2228cab8a38f2ebd0893945,29d701a314b6bf56771a217b42c4c10832b15753
6	0355b1449039bed2a3094a3968d04be8ae67b0ff,30484c0ad25f3717a2f8f7884b8f2f26e2cc90af,408242430510c1cedb5ce7971f3ebb9f439870fe,23ea2c36f52283631ce665e04f2af433fc25ae55
7	85f3ff4edbaa10c7894af8ad823cbce37b13829c,e8ec99622ed09a53fb021cb45d6ecf40edbf168e,98bd0c2d1c17adb0a6308171254e5316336be42d,9cfb05011ab5085c8166fc0ba8b1047906845694
8	40f1fc94c4c8755e36cc55dd9f8124cc76d7b5f1,5bb7b61e7483eb9d2125cc43d42128619ea36b5a,b2796f39785dde2178f1882638aea2feae70211c
9	3003eabd75e0c3602ffad9b6d671b06d8d8d9755,a183d080963553ce8dbef447959a93c13415551e,19e6546a3d86169b75b122b2a4b4d1884133a4f3
