name;suspiciousness_value
alluxio.security.authorization$Mode:68;50.0
alluxio$StreamCache$1:45;27.0
alluxio.proxy$PathsRestServiceHandler$2:133;27.0
alluxio.proxy$StreamsRestServiceHandler:60;27.0
alluxio.proxy$StreamsRestServiceHandler$3:124;27.0
alluxio.proxy$StreamsRestServiceHandler$1:77;27.0
alluxio.security.authentication$NoSaslTransportProvider:41;2.0869565217391304
alluxio.resource$DynamicResourcePool$1:246;1.0
alluxio.underfs$UnderFileSystemWithLogging$1:58;0.41116751269035534
alluxio.thrift$FileSystemMasterWorkerService$getUfsInfo_args:3416;0.40703517587939697
alluxio.thrift$FileSystemMasterWorkerService$getUfsInfo_args$getUfsInfo_argsStandardScheme:3620;0.40703517587939697
alluxio.thrift$FileSystemMasterWorkerService$getUfsInfo_result:3786;0.40703517587939697
alluxio.thrift$UfsInfo:129;0.40703517587939697
alluxio.thrift$FileSystemMasterWorkerService$getUfsInfo_result$getUfsInfo_resultStandardScheme:4064;0.40703517587939697
alluxio.thrift$UfsInfo$UfsInfoStandardScheme:411;0.40703517587939697
alluxio.proxy$PathsRestServiceHandler$6:224;0.4
alluxio.network.connection$NettyChannelPool:62;0.38028169014084506
alluxio.exception.status$InternalException:26;0.37850467289719625
alluxio.underfs$UnderFileSystemWithLogging$4:106;0.3767441860465116
alluxio.network.protocol$RPCMessageEncoder:38;0.36486486486486486
alluxio.network.protocol$RPCMessageDecoder:38;0.36486486486486486
alluxio.network.protocol$RPCProtoMessage:60;0.3347107438016529
alluxio.network.protocol.databuffer$DataNettyBufferV2:32;0.3347107438016529
alluxio.thrift$FileSystemMasterClientService$Client:266;0.3295194508009153
alluxio.network.protocol$RPCMessage:31;0.3253012048192771
alluxio.util.io$FileUtils$1:228;0.25622775800711745
alluxio.collections$ConcurrentHashSet:45;0.254416961130742
alluxio.proxy$AlluxioProxyProcess:48;0.25396825396825395
alluxio.metrics$MetricsConfig:42;0.25396825396825395
alluxio.util.executor$ExecutorServiceFactories$1:36;0.25396825396825395
alluxio.collections$PrefixList:34;0.25396825396825395
alluxio.underfs$UnderFileSystemWithLogging$3:90;0.25396825396825395
alluxio.util$CommonUtils$1:444;0.25396825396825395
alluxio.heartbeat$HeartbeatThread:49;0.25396825396825395
alluxio.heartbeat$SleepingTimer:43;0.25396825396825395
alluxio.time$ThreadSleeper:22;0.25396825396825395
alluxio.thrift$BlockMasterClientService$Processor:344;0.25396825396825395
alluxio.thrift$BlockMasterClientService$Processor$getBlockInfo:361;0.25396825396825395
alluxio.thrift$BlockMasterClientService$Processor$getCapacityBytes:385;0.25396825396825395
alluxio.thrift$BlockMasterClientService$Processor$getUsedBytes:410;0.25396825396825395
alluxio.thrift$BlockMasterClientService$Processor$getWorkerInfoList:435;0.25396825396825395
alluxio.thrift$AlluxioService$Processor$getServiceVersion:164;0.25396825396825395
alluxio.thrift$BlockMasterWorkerService$Processor:422;0.25396825396825395
alluxio.thrift$BlockMasterWorkerService$Processor$commitBlock:439;0.25396825396825395
alluxio.thrift$BlockMasterWorkerService$Processor$getWorkerId:463;0.25396825396825395
alluxio.thrift$BlockMasterWorkerService$Processor$heartbeat:488;0.25396825396825395
alluxio.thrift$BlockMasterWorkerService$Processor$registerWorker:512;0.25396825396825395
alluxio.thrift$FileSystemMasterClientService$Processor:1362;0.25396825396825395
alluxio.thrift$FileSystemMasterClientService$Processor$checkConsistency:1393;0.25396825396825395
alluxio.thrift$FileSystemMasterClientService$Processor$completeFile:1417;0.25396825396825395
alluxio.thrift$FileSystemMasterClientService$Processor$createDirectory:1441;0.25396825396825395
alluxio.thrift$FileSystemMasterClientService$Processor$createFile:1465;0.25396825396825395
alluxio.thrift$FileSystemMasterClientService$Processor$free:1489;0.25396825396825395
alluxio.thrift$FileSystemMasterClientService$Processor$getFileBlockInfoList:1513;0.25396825396825395
alluxio.thrift$FileSystemMasterClientService$Processor$getStatus:1537;0.25396825396825395
alluxio.thrift$FileSystemMasterClientService$Processor$getStatusInternal:1561;0.25396825396825395
alluxio.thrift$FileSystemMasterClientService$Processor$getNewBlockIdForFile:1585;0.25396825396825395
alluxio.thrift$FileSystemMasterClientService$Processor$getUfsAddress:1610;0.25396825396825395
alluxio.thrift$FileSystemMasterClientService$Processor$listStatus:1634;0.25396825396825395
alluxio.thrift$FileSystemMasterClientService$Processor$loadMetadata:1658;0.25396825396825395
alluxio.thrift$FileSystemMasterClientService$Processor$mount:1683;0.25396825396825395
alluxio.thrift$FileSystemMasterClientService$Processor$remove:1707;0.25396825396825395
alluxio.thrift$FileSystemMasterClientService$Processor$rename:1731;0.25396825396825395
alluxio.thrift$FileSystemMasterClientService$Processor$setAttribute:1755;0.25396825396825395
alluxio.thrift$FileSystemMasterClientService$Processor$scheduleAsyncPersist:1779;0.25396825396825395
alluxio.thrift$FileSystemMasterClientService$Processor$unmount:1803;0.25396825396825395
alluxio.thrift$FileSystemMasterWorkerService$Processor:359;0.25396825396825395
alluxio.thrift$FileSystemMasterWorkerService$Processor$getFileInfo:376;0.25396825396825395
alluxio.thrift$FileSystemMasterWorkerService$Processor$getPinIdList:400;0.25396825396825395
alluxio.thrift$FileSystemMasterWorkerService$Processor$heartbeat:424;0.25396825396825395
alluxio.thrift$FileSystemMasterWorkerService$Processor$getUfsInfo:448;0.25396825396825395
alluxio.thrift$MetaMasterClientService$Processor:158;0.25396825396825395
alluxio.thrift$MetaMasterClientService$Processor$getInfo:172;0.25396825396825395
alluxio.thrift$BlockWorkerClientService$Processor:828;0.25396825396825395
alluxio.thrift$BlockWorkerClientService$Processor$accessBlock:851;0.25396825396825395
alluxio.thrift$BlockWorkerClientService$Processor$cacheBlock:875;0.25396825396825395
alluxio.thrift$BlockWorkerClientService$Processor$cancelBlock:899;0.25396825396825395
alluxio.thrift$BlockWorkerClientService$Processor$lockBlock:923;0.25396825396825395
alluxio.thrift$BlockWorkerClientService$Processor$promoteBlock:947;0.25396825396825395
alluxio.thrift$BlockWorkerClientService$Processor$removeBlock:972;0.25396825396825395
alluxio.thrift$BlockWorkerClientService$Processor$requestBlockLocation:996;0.25396825396825395
alluxio.thrift$BlockWorkerClientService$Processor$requestSpace:1020;0.25396825396825395
alluxio.thrift$BlockWorkerClientService$Processor$sessionHeartbeat:1045;0.25396825396825395
alluxio.thrift$BlockWorkerClientService$Processor$unlockBlock:1069;0.25396825396825395
alluxio.thrift$FileSystemWorkerClientService$Processor:554;0.25396825396825395
alluxio.thrift$FileSystemWorkerClientService$Processor$cancelUfsFile:573;0.25396825396825395
alluxio.thrift$FileSystemWorkerClientService$Processor$closeUfsFile:597;0.25396825396825395
alluxio.thrift$FileSystemWorkerClientService$Processor$completeUfsFile:621;0.25396825396825395
alluxio.thrift$FileSystemWorkerClientService$Processor$createUfsFile:646;0.25396825396825395
alluxio.thrift$FileSystemWorkerClientService$Processor$openUfsFile:671;0.25396825396825395
alluxio.thrift$FileSystemWorkerClientService$Processor$sessionHeartbeat:696;0.25396825396825395
alluxio.thrift$BlockMasterWorkerService$Client:122;0.25396825396825395
alluxio.thrift$BlockMasterWorkerService$getWorkerId_args:2036;0.25396825396825395
alluxio.thrift$BlockMasterWorkerService$getWorkerId_args$getWorkerId_argsStandardScheme:2245;0.25396825396825395
alluxio.thrift$BlockMasterWorkerService$getWorkerId_result:2417;0.25396825396825395
alluxio.thrift$BlockMasterWorkerService$getWorkerId_result$getWorkerId_resultStandardScheme:2690;0.25396825396825395
alluxio.thrift$BlockMasterWorkerService$registerWorker_args:4309;0.25396825396825395
alluxio.thrift$BlockMasterWorkerService$registerWorker_args$registerWorker_argsStandardScheme:4900;0.25396825396825395
alluxio.thrift$BlockMasterWorkerService$registerWorker_result:5329;0.25396825396825395
alluxio.thrift$BlockMasterWorkerService$registerWorker_result$registerWorker_resultStandardScheme:5529;0.25396825396825395
alluxio.web$ProxyWebServer:50;0.25396825396825395
alluxio.proxy$AlluxioProxyProcess$1:92;0.25396825396825395
alluxio.web$ProxyWebServer$1:59;0.25396825396825395
alluxio$StreamCache:61;0.25396825396825395
alluxio.thrift$BlockMasterClientService$Client:94;0.253125
alluxio.thrift$FileSystemMasterWorkerService$Client:97;0.2530755711775044
alluxio.collections$IndexedSet:124;0.2521891418563923
alluxio.underfs$UnderFileSystemWithLogging$20:359;0.2513089005235602
alluxio.thrift$FileSystemMasterWorkerService$heartbeat_args:2423;0.2513089005235602
alluxio.thrift$FileSystemMasterWorkerService$heartbeat_args$heartbeat_argsStandardScheme:2724;0.2513089005235602
alluxio.thrift$FileSystemMasterWorkerService$heartbeat_result:2945;0.2513089005235602
alluxio.thrift$FileSystemCommandOptions:109;0.2513089005235602
alluxio.thrift$PersistCommandOptions:120;0.2513089005235602
alluxio.thrift$FileSystemCommand:130;0.2513089005235602
alluxio.thrift$FileSystemMasterWorkerService$heartbeat_result$heartbeat_resultStandardScheme:3223;0.2513089005235602
alluxio.thrift$FileSystemCommand$FileSystemCommandStandardScheme:413;0.2513089005235602
alluxio.thrift$PersistCommandOptions$PersistCommandOptionsStandardScheme:339;0.2513089005235602
alluxio.underfs$UnderFileSystemWithLogging$24:420;0.24956672443674177
alluxio.resource$DynamicResourcePool$ResourceInternal:82;0.24923076923076923
alluxio.resource$DynamicResourcePool:236;0.24846625766871167
alluxio.resource$DynamicResourcePool$Options:191;0.24846625766871167
alluxio.resource$ResourcePool:48;0.2465753424657534
alluxio.underfs$UnderFileSystemWithLogging$5:122;0.2465753424657534
alluxio.collections$UniqueFieldIndex:38;0.24615384615384617
alluxio$AbstractMasterClient:43;0.24615384615384617
alluxio.clock$SystemClock:21;0.24573378839590443
alluxio.util$WaitForOptions:28;0.24489795918367346
alluxio.thrift$AlluxioService$getServiceVersion_args:327;0.24489795918367346
alluxio.thrift$AlluxioService$getServiceVersion_args$getServiceVersion_argsStandardScheme:448;0.24489795918367346
alluxio.thrift$AlluxioService$getServiceVersion_result:585;0.24489795918367346
alluxio.thrift$AlluxioService$getServiceVersion_result$getServiceVersion_resultStandardScheme:783;0.24489795918367346
alluxio.thrift$BlockMasterWorkerService$heartbeat_args:2917;0.24489795918367346
alluxio.thrift$BlockMasterWorkerService$heartbeat_args$heartbeat_argsStandardScheme:3415;0.24489795918367346
alluxio.thrift$BlockMasterWorkerService$heartbeat_result:3790;0.24489795918367346
alluxio.thrift$Command:131;0.24489795918367346
alluxio.thrift$BlockMasterWorkerService$heartbeat_result$heartbeat_resultStandardScheme:4068;0.24489795918367346
alluxio.thrift$Command$CommandStandardScheme:430;0.24489795918367346
alluxio$PropertyKey:1190;0.2440677966101695
alluxio$AbstractClient:94;0.2440677966101695
alluxio.underfs$UnderFileSystemWithLogging$29:495;0.2440677966101695
alluxio.underfs.options$MkdirsOptions:44;0.2436548223350254
alluxio.underfs$UnderFileSystemWithLogging$10:198;0.24120603015075376
alluxio.underfs$UnderFileStatus:31;0.24040066777963273
alluxio.underfs$UnderFileSystemWithLogging$22:389;0.24
alluxio.underfs$UnderFileSystemWithLogging:49;0.23880597014925373
alluxio.underfs$UnderFileSystemConfiguration:33;0.23880597014925373
alluxio.underfs$BaseUnderFileSystem:54;0.23880597014925373
alluxio.exception.status$AlluxioStatusException:64;0.2375366568914956
alluxio.thrift$CompleteFileTOptions:122;0.23410404624277456
alluxio.thrift$FileSystemMasterClientService$completeFile_args:3979;0.23410404624277456
alluxio.thrift$FileSystemMasterClientService$completeFile_args$completeFile_argsStandardScheme:4269;0.23410404624277456
alluxio.thrift$CompleteFileTOptions$CompleteFileTOptionsStandardScheme:314;0.23410404624277456
alluxio.thrift$FileSystemMasterClientService$completeFile_result:4455;0.23410404624277456
alluxio.thrift$FileSystemMasterClientService$completeFile_result$completeFile_resultStandardScheme:4655;0.23410404624277456
alluxio.thrift$BlockMasterClientService$getWorkerInfoList_args:3055;0.23275862068965517
alluxio.thrift$BlockMasterClientService$getWorkerInfoList_args$getWorkerInfoList_argsStandardScheme:3176;0.23275862068965517
alluxio.thrift$BlockMasterClientService$getWorkerInfoList_result:3319;0.23275862068965517
alluxio.thrift$WorkerInfo:167;0.23275862068965517
alluxio.thrift$BlockMasterClientService$getWorkerInfoList_result$getWorkerInfoList_resultStandardScheme:3613;0.23275862068965517
alluxio.thrift$WorkerInfo$WorkerInfoStandardScheme:798;0.23275862068965517
alluxio.retry$TimeoutRetry:37;0.23263327948303716
alluxio.wire$WorkerNetAddress:40;0.23263327948303716
alluxio.thrift$WorkerNetAddress:154;0.23263327948303716
alluxio.thrift$WorkerNetAddress$WorkerNetAddressStandardScheme:642;0.23263327948303716
alluxio.underfs$UnderFileSystemWithLogging$6:137;0.23003194888178913
alluxio.collections$IndexedSet$IndexedSetIterator:210;0.23003194888178913
alluxio.underfs$AtomicFileOutputStream:50;0.22857142857142856
alluxio.thrift$FileSystemMasterWorkerService$getPinIdList_args:1634;0.22857142857142856
alluxio.thrift$FileSystemMasterWorkerService$getPinIdList_args$getPinIdList_argsStandardScheme:1755;0.22857142857142856
alluxio.thrift$FileSystemMasterWorkerService$getPinIdList_result:1898;0.22857142857142856
alluxio.thrift$FileSystemMasterWorkerService$getPinIdList_result$getPinIdList_resultStandardScheme:2189;0.22857142857142856
alluxio.resource$LockResource:33;0.22677165354330708
alluxio.retry$SleepingRetry:28;0.22677165354330708
alluxio.retry$ExponentialBackoffRetry:40;0.22677165354330708
alluxio.underfs.options$CreateOptions:48;0.22570532915360503
alluxio.thrift$CreateFileTOptions:165;0.22562674094707522
alluxio.thrift$FileSystemMasterClientService$createFile_args:5683;0.22562674094707522
alluxio.thrift$FileSystemMasterClientService$createFile_args$createFile_argsStandardScheme:5973;0.22562674094707522
alluxio.thrift$CreateFileTOptions$CreateFileTOptionsStandardScheme:716;0.22562674094707522
alluxio.thrift$FileSystemMasterClientService$createFile_result:6159;0.22562674094707522
alluxio.thrift$FileSystemMasterClientService$createFile_result$createFile_resultStandardScheme:6359;0.22562674094707522
alluxio.resource$CloseableResource:31;0.22375690607734808
alluxio.wire$WorkerInfo:39;0.2219178082191781
alluxio$AlluxioURI:62;0.21524663677130046
alluxio.collections$Pair:33;0.21524663677130046
alluxio$StandardURI:38;0.21524663677130046
alluxio.thrift$FileInfo:302;0.19014084507042253
alluxio.thrift$FileInfo$FileInfoStandardScheme:2198;0.19014084507042253
alluxio.client.file$URIStatus:41;0.18969555035128804
alluxio.thrift$FileSystemMasterClientService$getStatus_args:8381;0.18577981651376146
alluxio.thrift$FileSystemMasterClientService$getStatus_args$getStatus_argsStandardScheme:8587;0.18577981651376146
alluxio.thrift$FileSystemMasterClientService$getStatus_result:8755;0.18577981651376146
alluxio.thrift$FileSystemMasterClientService$getStatus_result$getStatus_resultStandardScheme:9033;0.18577981651376146
alluxio.wire$FileInfo:59;0.17841409691629956
alluxio.proxy$PathsRestServiceHandler$3:156;0.09090909090909091
alluxio.proxy$PathsRestServiceHandler$4:179;0.09090909090909091
alluxio.proxy$PathsRestServiceHandler$10:322;0.09090909090909091
alluxio.proxy$PathsRestServiceHandler$12:370;0.09090909090909091
alluxio.thrift$FileSystemMasterClientService$unmount_args:17942;0.09090909090909091
alluxio.thrift$FileSystemMasterClientService$unmount_args$unmount_argsStandardSchemeFactory:18142;0.09090909090909091
alluxio.thrift$FileSystemMasterClientService$unmount_args$unmount_argsTupleSchemeFactory:18194;0.09090909090909091
alluxio.thrift$FileSystemMasterClientService$unmount_args$_Fields:17918;0.09090909090909091
alluxio.thrift$FileSystemMasterClientService$unmount_args$unmount_argsStandardScheme:18148;0.09090909090909091
alluxio.thrift$FileSystemMasterClientService$unmount_result:18309;0.09090909090909091
alluxio.thrift$FileSystemMasterClientService$unmount_result$unmount_resultStandardSchemeFactory:18503;0.09090909090909091
alluxio.thrift$FileSystemMasterClientService$unmount_result$unmount_resultTupleSchemeFactory:18556;0.09090909090909091
alluxio.thrift$FileSystemMasterClientService$unmount_result$_Fields:18285;0.09090909090909091
alluxio.thrift$FileSystemMasterClientService$unmount_result$unmount_resultStandardScheme:18509;0.09090909090909091
alluxio.proxy$PathsRestServiceHandler$5:201;0.09090909090909091
alluxio.proxy$PathsRestServiceHandler$8:271;0.09090909090909091
alluxio.proxy$PathsRestServiceHandler$7:247;0.09090909090909091
alluxio.proxy$PathsRestServiceHandler$9:297;0.09090909090909091
alluxio.proxy$StreamsRestServiceHandler$2:101;0.09090909090909091
alluxio.proxy$PathsRestServiceHandler$11:347;0.09090909090909091
alluxio.proxy$PathsRestServiceHandler$1:107;0.09090909090909091
alluxio.thrift$FreeTOptions$FreeTOptionsStandardSchemeFactory:385;0.08333333333333333
alluxio.thrift$FreeTOptions$FreeTOptionsTupleSchemeFactory:450;0.08333333333333333
alluxio.thrift$FreeTOptions$_Fields:100;0.08333333333333333
alluxio.thrift$FileSystemMasterClientService$free_args$free_argsStandardSchemeFactory:6910;0.08333333333333333
alluxio.thrift$FileSystemMasterClientService$free_args$free_argsTupleSchemeFactory:6987;0.08333333333333333
alluxio.thrift$FileSystemMasterClientService$free_args$_Fields:6517;0.08333333333333333
alluxio.thrift$FileSystemMasterClientService$free_result$free_resultStandardSchemeFactory:7317;0.08333333333333333
alluxio.thrift$FileSystemMasterClientService$free_result$free_resultTupleSchemeFactory:7370;0.08333333333333333
alluxio.thrift$FileSystemMasterClientService$free_result$_Fields:7099;0.08333333333333333
alluxio.underfs$UnderFileSystemWithLogging$31:537;0.06666666666666667
alluxio.underfs$UnderFileSystemWithLogging$15:274;0.05970149253731343
alluxio.underfs$UnderFileSystemWithLogging$18:319;0.056338028169014086
alluxio.underfs$UnderFileSystemWithLogging$16:289;0.0547945205479452
alluxio.thrift$FreeTOptions:130;0.03571428571428571
alluxio.thrift$FileSystemMasterClientService$free_args:6547;0.03571428571428571
alluxio.thrift$FileSystemMasterClientService$free_args$free_argsStandardScheme:6916;0.03571428571428571
alluxio.thrift$FreeTOptions$FreeTOptionsStandardScheme:391;0.03571428571428571
alluxio.thrift$FileSystemMasterClientService$free_result:7123;0.03571428571428571
alluxio.thrift$FileSystemMasterClientService$free_result$free_resultStandardScheme:7323;0.03571428571428571
alluxio.underfs$UnderFileSystemWithLogging$25:435;0.0313588850174216
alluxio.exception$FileDoesNotExistException:31;0.024691358024691357
alluxio.thrift$SetAttributeTOptions:179;0.023809523809523808
alluxio.thrift$FileSystemMasterClientService$setAttribute_args:16367;0.023809523809523808
alluxio.thrift$FileSystemMasterClientService$setAttribute_args$setAttribute_argsStandardScheme:16657;0.023809523809523808
alluxio.thrift$SetAttributeTOptions$SetAttributeTOptionsStandardScheme:880;0.023809523809523808
alluxio.thrift$FileSystemMasterClientService$setAttribute_result:16843;0.023809523809523808
alluxio.thrift$FileSystemMasterClientService$setAttribute_result$setAttribute_resultStandardScheme:17043;0.023809523809523808
alluxio.thrift$MountTOptions:139;0.021739130434782608
alluxio.thrift$FileSystemMasterClientService$mount_args:13600;0.021739130434782608
alluxio.thrift$FileSystemMasterClientService$mount_args$mount_argsStandardScheme:13971;0.021739130434782608
alluxio.thrift$MountTOptions$MountTOptionsStandardScheme:487;0.021739130434782608
alluxio.thrift$FileSystemMasterClientService$mount_result:14180;0.021739130434782608
alluxio.thrift$FileSystemMasterClientService$mount_result$mount_resultStandardScheme:14380;0.021739130434782608
alluxio.thrift$FileSystemMasterClientService$rename_args:15520;0.0196078431372549
alluxio.thrift$FileSystemMasterClientService$rename_args$rename_argsStandardScheme:15807;0.0196078431372549
alluxio.thrift$FileSystemMasterClientService$rename_result:15991;0.0196078431372549
alluxio.thrift$FileSystemMasterClientService$rename_result$rename_resultStandardScheme:16191;0.0196078431372549
alluxio.thrift$BlockWorkerClientService$promoteBlock_args:5251;0.017241379310344827
alluxio.thrift$BlockWorkerClientService$promoteBlock_args$promoteBlock_argsStandardScheme:5455;0.017241379310344827
alluxio.thrift$BlockWorkerClientService$promoteBlock_result:5623;0.017241379310344827
alluxio.thrift$BlockWorkerClientService$promoteBlock_result$promoteBlock_resultStandardScheme:5896;0.017241379310344827
alluxio.thrift$BlockWorkerClientService$cacheBlock_args:2516;0.016736401673640166
alluxio.thrift$BlockWorkerClientService$cacheBlock_args$cacheBlock_argsStandardScheme:2796;0.016736401673640166
alluxio.thrift$BlockWorkerClientService$cacheBlock_result:2976;0.016736401673640166
alluxio.thrift$BlockWorkerClientService$cacheBlock_result$cacheBlock_resultStandardScheme:3176;0.016736401673640166
alluxio.thrift$BlockWorkerClientService$requestBlockLocation_args:6851;0.01606425702811245
alluxio.thrift$BlockWorkerClientService$requestBlockLocation_args$requestBlockLocation_argsStandardScheme:7283;0.01606425702811245
alluxio.thrift$BlockWorkerClientService$requestBlockLocation_result:7512;0.01606425702811245
alluxio.thrift$BlockWorkerClientService$requestBlockLocation_result$requestBlockLocation_resultStandardScheme:7787;0.01606425702811245
alluxio.thrift$BlockLocation:138;0.01606425702811245
alluxio.thrift$BlockLocation$BlockLocationStandardScheme:486;0.01606425702811245
alluxio.thrift$FileSystemMasterClientService$getNewBlockIdForFile_args:10065;0.01593625498007968
alluxio.thrift$FileSystemMasterClientService$getNewBlockIdForFile_args$getNewBlockIdForFile_argsStandardScheme:10271;0.01593625498007968
alluxio.thrift$FileSystemMasterClientService$getNewBlockIdForFile_result:10441;0.01593625498007968
alluxio.thrift$FileSystemMasterClientService$getNewBlockIdForFile_result$getNewBlockIdForFile_resultStandardScheme:10714;0.01593625498007968
alluxio.network.connection$ThriftClientPool:112;0.015625
alluxio.thrift$BlockWorkerClientService$Client:189;0.015625
alluxio.worker.block.io$LocalFileBlockWriter:48;0.015384615384615385
alluxio.thrift$BlockMasterWorkerService$commitBlock_args:912;0.015037593984962405
alluxio.thrift$BlockMasterWorkerService$commitBlock_args$commitBlock_argsStandardScheme:1425;0.015037593984962405
alluxio.thrift$BlockMasterWorkerService$commitBlock_result:1670;0.015037593984962405
alluxio.thrift$BlockMasterWorkerService$commitBlock_result$commitBlock_resultStandardScheme:1870;0.015037593984962405
alluxio.wire$BlockLocation:38;0.015037593984962405
alluxio.thrift$FileBlockInfo:148;0.014652014652014652
alluxio.thrift$BlockInfo:141;0.014652014652014652
alluxio.thrift$FileBlockInfo$FileBlockInfoStandardScheme:609;0.014652014652014652
alluxio.thrift$BlockInfo$BlockInfoStandardScheme:503;0.014652014652014652
alluxio.wire$FileBlockInfo:41;0.014598540145985401
alluxio.thrift$BlockWorkerClientService$sessionHeartbeat_args:9041;0.01384083044982699
alluxio.thrift$BlockWorkerClientService$sessionHeartbeat_args$sessionHeartbeat_argsStandardScheme:9342;0.01384083044982699
alluxio.thrift$BlockWorkerClientService$sessionHeartbeat_result:9556;0.01384083044982699
alluxio.thrift$BlockWorkerClientService$sessionHeartbeat_result$sessionHeartbeat_resultStandardScheme:9756;0.01384083044982699
alluxio.wire$BlockInfo:40;0.01384083044982699
alluxio$AbstractThriftClient:32;0.013793103448275862
alluxio.underfs$UnderFileSystemWithLogging$9:183;0.01282051282051282
alluxio.thrift$DeleteTOptions:130;0.01098901098901099
alluxio.thrift$FileSystemMasterClientService$remove_args:14568;0.01098901098901099
alluxio.thrift$FileSystemMasterClientService$remove_args$remove_argsStandardScheme:14937;0.01098901098901099
alluxio.thrift$DeleteTOptions$DeleteTOptionsStandardScheme:391;0.01098901098901099
alluxio.thrift$FileSystemMasterClientService$remove_result:15144;0.01098901098901099
alluxio.thrift$FileSystemMasterClientService$remove_result$remove_resultStandardScheme:15344;0.01098901098901099
alluxio.thrift$ListStatusTOptions:133;0.007936507936507936
alluxio.thrift$FileSystemMasterClientService$listStatus_args:11629;0.007936507936507936
alluxio.thrift$FileSystemMasterClientService$listStatus_args$listStatus_argsStandardScheme:11919;0.007936507936507936
alluxio.thrift$ListStatusTOptions$ListStatusTOptionsStandardScheme:408;0.007936507936507936
alluxio.thrift$FileSystemMasterClientService$listStatus_result:12113;0.007936507936507936
alluxio.thrift$FileSystemMasterClientService$listStatus_result$listStatus_resultStandardScheme:12407;0.007936507936507936
alluxio.network.protocol.databuffer$DataByteBuffer:36;0.007142857142857143
alluxio.thrift$BlockWorkerClientService$accessBlock_args:1774;0.006802721088435374
alluxio.thrift$BlockWorkerClientService$accessBlock_args$accessBlock_argsStandardScheme:1978;0.006802721088435374
alluxio.thrift$BlockWorkerClientService$accessBlock_result:2137;0.006802721088435374
alluxio.thrift$BlockWorkerClientService$accessBlock_result$accessBlock_resultStandardScheme:2337;0.006802721088435374
alluxio.worker.block.io$LocalFileBlockReader:45;0.006493506493506494
alluxio.thrift$BlockWorkerClientService$lockBlock_args:4204;0.006211180124223602
alluxio.thrift$BlockWorkerClientService$lockBlock_args$lockBlock_argsStandardScheme:4568;0.006211180124223602
alluxio.thrift$LockBlockTOptions$LockBlockTOptionsStandardScheme:635;0.006211180124223602
alluxio.thrift$BlockWorkerClientService$lockBlock_result:4780;0.006211180124223602
alluxio.thrift$BlockWorkerClientService$lockBlock_result$lockBlock_resultStandardScheme:5058;0.006211180124223602
alluxio.thrift$LockBlockResult$LockBlockResultStandardScheme:483;0.006211180124223602
alluxio.thrift$BlockWorkerClientService$unlockBlock_args:9935;0.006211180124223602
alluxio.thrift$BlockWorkerClientService$unlockBlock_args$unlockBlock_argsStandardScheme:10215;0.006211180124223602
alluxio.thrift$BlockWorkerClientService$unlockBlock_result:10404;0.006211180124223602
alluxio.thrift$BlockWorkerClientService$unlockBlock_result$unlockBlock_resultStandardScheme:10677;0.006211180124223602
alluxio.thrift$LockBlockResult:135;0.006172839506172839
alluxio.thrift$LockBlockTOptions:152;0.006134969325153374
alluxio.thrift$CreateDirectoryTOptions:165;0.006097560975609756
alluxio.thrift$FileSystemMasterClientService$createDirectory_args:4831;0.006097560975609756
alluxio.thrift$FileSystemMasterClientService$createDirectory_args$createDirectory_argsStandardScheme:5121;0.006097560975609756
alluxio.thrift$CreateDirectoryTOptions$CreateDirectoryTOptionsStandardScheme:716;0.006097560975609756
alluxio.thrift$FileSystemMasterClientService$createDirectory_result:5307;0.006097560975609756
alluxio.thrift$FileSystemMasterClientService$createDirectory_result$createDirectory_resultStandardScheme:5507;0.006097560975609756
alluxio.thrift$BlockMasterClientService$getBlockInfo_args:795;0.005917159763313609
alluxio.thrift$BlockMasterClientService$getBlockInfo_args$getBlockInfo_argsStandardScheme:999;0.005917159763313609
alluxio.thrift$BlockMasterClientService$getBlockInfo_result:1165;0.005917159763313609
alluxio.thrift$BlockMasterClientService$getBlockInfo_result$getBlockInfo_resultStandardScheme:1443;0.005917159763313609
alluxio.underfs$UnderFileSystemWithLogging$21:374;0.004807692307692308
alluxio.proxy$PathsRestServiceHandler:85;0.0
alluxio$PropertyKey$Template:1111;0.0
alluxio$Configuration:550;0.0
alluxio.network$ChannelType:22;0.0
alluxio.util$OSUtils:67;0.0
alluxio.util$FormatUtils:261;0.0
alluxio.exception$PreconditionMessage:80;0.0
alluxio.metrics$MetricsSystem:291;0.0
alluxio.security.authentication$AuthenticatedClientUser:89;0.0
alluxio.security$LoginUser:43;0.0
alluxio.proxy$ProxyProcess$Factory:34;0.0
alluxio.util.network$NetworkAddressUtils:63;0.0
alluxio.util.io$PathUtils:265;0.0
alluxio.util$CommonUtils:483;0.0
alluxio.util$ThreadFactoryUtils:25;0.0
alluxio.util.network$NetworkAddressUtils$ServiceType:120;0.0
alluxio.underfs$UnderFileSystem$Factory:46;0.0
alluxio.underfs$UnderFileSystemRegistry:78;0.0
alluxio$URI$Factory:44;0.0
alluxio.util$UnderFileSystemUtils:167;0.0
alluxio.security.authorization$Mode$Bits:307;0.0
alluxio.util.io$FileUtils:302;0.0
alluxio$RuntimeConstants:46;0.0
alluxio.util$URIUtils:37;0.0
alluxio.util$IdUtils:37;0.0
alluxio.security.authentication$TransportProvider$Factory:36;0.0
alluxio.security.authentication$AuthType:20;0.0
alluxio.security.authentication$PlainSaslTransportProvider:50;0.0
alluxio.security.authentication$PlainSaslServerProvider:44;0.0
alluxio.collections$IndexDefinition:37;0.0
alluxio.util.executor$ExecutorServiceFactories:56;0.0
alluxio.heartbeat$HeartbeatContext:57;0.0
alluxio.util$SecurityUtils:31;0.0
alluxio.security.login$AppLoginModule$AppCallbackHandler:155;0.0
alluxio.security.login$LoginModuleConfiguration:70;0.0
alluxio.security.login$LoginModuleConfigurationUtils:28;0.0
alluxio.security.login$AppLoginModule:46;0.0
alluxio.security.login$AlluxioLoginModule:38;0.0
alluxio.security$User:33;0.0
alluxio.security.group$GroupMappingService$Factory:46;0.0
alluxio.security.group.provider$ShellBasedUnixGroupsMapping:31;0.0
alluxio.security.group$CachedGroupMapping:60;0.0
alluxio.security.group$CachedGroupMapping$GroupMappingCacheLoader:86;0.0
alluxio.util$ShellUtils:64;0.0
alluxio.master.block$BlockId:33;0.0
alluxio.wire$TtlAction:25;0.0
alluxio.thrift$AlluxioService$Processor:150;0.0
alluxio.security.authentication$PlainSaslTransportProvider$1:104;0.0
alluxio.security.authentication$AuthenticationProvider$Factory:31;0.0
alluxio.security.authentication$SimpleAuthenticationProvider:27;0.0
alluxio.security.authentication$PlainSaslServerCallbackHandler:41;0.0
alluxio.util.network$NettyUtils:50;0.0
alluxio.security.authentication$TransportProviderUtils:37;0.0
alluxio.security.authentication$PlainSaslClientCallbackHandler:36;0.0
alluxio.security.authentication$PlainSaslServer$Factory:168;0.0
alluxio.security.authentication$PlainSaslServer:50;0.0
alluxio.thrift$AlluxioService$Client:69;0.0
alluxio.thrift$AlluxioService$getServiceVersion_args$getServiceVersion_argsStandardSchemeFactory:442;0.0
alluxio.thrift$AlluxioService$getServiceVersion_args$getServiceVersion_argsTupleSchemeFactory:481;0.0
alluxio.thrift$AlluxioService$getServiceVersion_args$_Fields:307;0.0
alluxio.thrift$AlluxioService$getServiceVersion_result$getServiceVersion_resultStandardSchemeFactory:777;0.0
alluxio.thrift$AlluxioService$getServiceVersion_result$getServiceVersion_resultTupleSchemeFactory:829;0.0
alluxio.thrift$AlluxioService$getServiceVersion_result$_Fields:559;0.0
alluxio.wire$ThriftUtils:24;0.0
alluxio.thrift$WorkerNetAddress$WorkerNetAddressStandardSchemeFactory:636;0.0
alluxio.thrift$WorkerNetAddress$WorkerNetAddressTupleSchemeFactory:734;0.0
alluxio.thrift$WorkerNetAddress$_Fields:118;0.0
alluxio.thrift$BlockMasterWorkerService$getWorkerId_args$getWorkerId_argsStandardSchemeFactory:2239;0.0
alluxio.thrift$BlockMasterWorkerService$getWorkerId_args$getWorkerId_argsTupleSchemeFactory:2292;0.0
alluxio.thrift$BlockMasterWorkerService$getWorkerId_args$_Fields:2012;0.0
alluxio.thrift$BlockMasterWorkerService$getWorkerId_result$getWorkerId_resultStandardSchemeFactory:2684;0.0
alluxio.thrift$BlockMasterWorkerService$getWorkerId_result$getWorkerId_resultTupleSchemeFactory:2750;0.0
alluxio.thrift$BlockMasterWorkerService$getWorkerId_result$_Fields:2389;0.0
alluxio.thrift$BlockMasterWorkerService$registerWorker_args$registerWorker_argsStandardSchemeFactory:4894;0.0
alluxio.thrift$BlockMasterWorkerService$registerWorker_args$registerWorker_argsTupleSchemeFactory:5090;0.0
alluxio.thrift$BlockMasterWorkerService$registerWorker_args$_Fields:4267;0.0
alluxio.thrift$BlockMasterWorkerService$registerWorker_result$registerWorker_resultStandardSchemeFactory:5523;0.0
alluxio.thrift$BlockMasterWorkerService$registerWorker_result$registerWorker_resultTupleSchemeFactory:5576;0.0
alluxio.thrift$BlockMasterWorkerService$registerWorker_result$_Fields:5305;0.0
alluxio.thrift$BlockMasterWorkerService$heartbeat_args$heartbeat_argsStandardSchemeFactory:3409;0.0
alluxio.thrift$BlockMasterWorkerService$heartbeat_args$heartbeat_argsTupleSchemeFactory:3572;0.0
alluxio.thrift$BlockMasterWorkerService$heartbeat_args$_Fields:2879;0.0
alluxio.thrift$BlockMasterWorkerService$heartbeat_result$heartbeat_resultStandardSchemeFactory:4062;0.0
alluxio.thrift$FileSystemMasterWorkerService$getPinIdList_args$getPinIdList_argsStandardSchemeFactory:1749;0.0
alluxio.thrift$BlockMasterWorkerService$heartbeat_result$heartbeat_resultTupleSchemeFactory:4129;0.0
alluxio.thrift$FileSystemMasterWorkerService$getPinIdList_args$getPinIdList_argsTupleSchemeFactory:1788;0.0
alluxio.thrift$BlockMasterWorkerService$heartbeat_result$_Fields:3764;0.0
alluxio.thrift$FileSystemMasterWorkerService$getPinIdList_args$_Fields:1614;0.0
alluxio.thrift$Command$CommandStandardSchemeFactory:424;0.0
alluxio.thrift$Command$CommandTupleSchemeFactory:506;0.0
alluxio.thrift$FileSystemMasterWorkerService$getPinIdList_result$getPinIdList_resultStandardSchemeFactory:2183;0.0
alluxio.thrift$Command$_Fields:104;0.0
alluxio.thrift$FileSystemMasterWorkerService$getPinIdList_result$getPinIdList_resultTupleSchemeFactory:2266;0.0
alluxio.thrift$CommandType:24;0.0
alluxio.thrift$FileSystemMasterWorkerService$getPinIdList_result$_Fields:1871;0.0
alluxio.thrift$FileSystemMasterWorkerService$heartbeat_args$heartbeat_argsStandardSchemeFactory:2718;0.0
alluxio.thrift$FileSystemMasterWorkerService$heartbeat_args$heartbeat_argsTupleSchemeFactory:2798;0.0
alluxio.thrift$FileSystemMasterWorkerService$heartbeat_args$_Fields:2394;0.0
alluxio.thrift$FileSystemMasterWorkerService$heartbeat_result$heartbeat_resultStandardSchemeFactory:3217;0.0
alluxio.thrift$FileSystemMasterWorkerService$heartbeat_result$heartbeat_resultTupleSchemeFactory:3284;0.0
alluxio.thrift$FileSystemMasterWorkerService$heartbeat_result$_Fields:2919;0.0
alluxio.thrift$FileSystemCommandOptions$_Fields:85;0.0
alluxio.thrift$PersistCommandOptions$PersistCommandOptionsStandardSchemeFactory:333;0.0
alluxio.thrift$PersistCommandOptions$PersistCommandOptionsTupleSchemeFactory:403;0.0
alluxio.thrift$PersistCommandOptions$_Fields:95;0.0
alluxio.thrift$FileSystemCommand$FileSystemCommandStandardSchemeFactory:407;0.0
alluxio.thrift$FileSystemCommand$FileSystemCommandTupleSchemeFactory:473;0.0
alluxio.thrift$FileSystemCommand$_Fields:104;0.0
alluxio.thrift$CreateFileTOptions$CreateFileTOptionsStandardSchemeFactory:710;0.0
alluxio.thrift$CreateFileTOptions$CreateFileTOptionsTupleSchemeFactory:829;0.0
alluxio.thrift$CreateFileTOptions$_Fields:124;0.0
alluxio.thrift$TTtlAction:20;0.0
alluxio.thrift$FileSystemMasterClientService$createFile_args$createFile_argsStandardSchemeFactory:5967;0.0
alluxio.thrift$FileSystemMasterClientService$createFile_args$createFile_argsTupleSchemeFactory:6033;0.0
alluxio.thrift$FileSystemMasterClientService$createFile_args$_Fields:5657;0.0
alluxio.thrift$FileSystemMasterClientService$createFile_result$createFile_resultStandardSchemeFactory:6353;0.0
alluxio.thrift$FileSystemMasterClientService$createFile_result$createFile_resultTupleSchemeFactory:6406;0.0
alluxio.thrift$FileSystemMasterClientService$createFile_result$_Fields:6135;0.0
alluxio.thrift$FileSystemMasterClientService$getStatus_args$getStatus_argsStandardSchemeFactory:8581;0.0
alluxio.thrift$FileSystemMasterClientService$getStatus_args$getStatus_argsTupleSchemeFactory:8633;0.0
alluxio.thrift$FileSystemMasterClientService$getStatus_args$_Fields:8357;0.0
alluxio.thrift$FileSystemMasterClientService$getStatus_result$getStatus_resultStandardSchemeFactory:9027;0.0
alluxio.thrift$FileSystemMasterClientService$getStatus_result$getStatus_resultTupleSchemeFactory:9094;0.0
alluxio.thrift$FileSystemMasterClientService$getStatus_result$_Fields:8729;0.0
alluxio.thrift$FileInfo$FileInfoStandardSchemeFactory:2192;0.0
alluxio.thrift$FileInfo$FileInfoTupleSchemeFactory:2548;0.0
alluxio.thrift$FileInfo$_Fields:214;0.0
alluxio.thrift$BlockMasterClientService$getWorkerInfoList_args$getWorkerInfoList_argsStandardSchemeFactory:3170;0.0
alluxio.thrift$BlockMasterClientService$getWorkerInfoList_args$getWorkerInfoList_argsTupleSchemeFactory:3209;0.0
alluxio.thrift$BlockMasterClientService$getWorkerInfoList_args$_Fields:3035;0.0
alluxio.thrift$BlockMasterClientService$getWorkerInfoList_result$getWorkerInfoList_resultStandardSchemeFactory:3607;0.0
alluxio.thrift$BlockMasterClientService$getWorkerInfoList_result$getWorkerInfoList_resultTupleSchemeFactory:3691;0.0
alluxio.thrift$BlockMasterClientService$getWorkerInfoList_result$_Fields:3292;0.0
alluxio.thrift$WorkerInfo$WorkerInfoStandardSchemeFactory:792;0.0
alluxio.thrift$WorkerInfo$WorkerInfoTupleSchemeFactory:913;0.0
alluxio.thrift$WorkerInfo$_Fields:125;0.0
alluxio.network.protocol$RPCMessage$Type:58;0.0
alluxio.thrift$FileSystemMasterWorkerService$getUfsInfo_args$getUfsInfo_argsStandardSchemeFactory:3614;0.0
alluxio.thrift$FileSystemMasterWorkerService$getUfsInfo_args$getUfsInfo_argsTupleSchemeFactory:3664;0.0
alluxio.thrift$FileSystemMasterWorkerService$getUfsInfo_args$_Fields:3390;0.0
alluxio.thrift$FileSystemMasterWorkerService$getUfsInfo_result$getUfsInfo_resultStandardSchemeFactory:4058;0.0
alluxio.thrift$FileSystemMasterWorkerService$getUfsInfo_result$getUfsInfo_resultTupleSchemeFactory:4125;0.0
alluxio.thrift$FileSystemMasterWorkerService$getUfsInfo_result$_Fields:3760;0.0
alluxio.thrift$UfsInfo$UfsInfoStandardSchemeFactory:405;0.0
alluxio.thrift$UfsInfo$UfsInfoTupleSchemeFactory:494;0.0
alluxio.thrift$UfsInfo$_Fields:100;0.0
alluxio.exception.status$Status:21;0.0
alluxio.thrift$TStatus:35;0.0
alluxio.thrift$CompleteFileTOptions$CompleteFileTOptionsStandardSchemeFactory:308;0.0
alluxio.thrift$CompleteFileTOptions$CompleteFileTOptionsTupleSchemeFactory:360;0.0
alluxio.thrift$CompleteFileTOptions$_Fields:95;0.0
alluxio.thrift$FileSystemMasterClientService$completeFile_args$completeFile_argsStandardSchemeFactory:4263;0.0
alluxio.thrift$FileSystemMasterClientService$completeFile_args$completeFile_argsTupleSchemeFactory:4329;0.0
alluxio.thrift$FileSystemMasterClientService$completeFile_args$_Fields:3953;0.0
alluxio.thrift$FileSystemMasterClientService$completeFile_result$completeFile_resultStandardSchemeFactory:4649;0.0
alluxio.thrift$FileSystemMasterClientService$completeFile_result$completeFile_resultTupleSchemeFactory:4702;0.0
alluxio.thrift$FileSystemMasterClientService$completeFile_result$_Fields:4431;0.0
alluxio.thrift$FileSystemMasterClientService$getNewBlockIdForFile_args$getNewBlockIdForFile_argsStandardSchemeFactory:10265;0.0
alluxio.thrift$FileSystemMasterClientService$getNewBlockIdForFile_args$getNewBlockIdForFile_argsTupleSchemeFactory:10317;0.0
alluxio.thrift$FileSystemMasterClientService$getNewBlockIdForFile_args$_Fields:10041;0.0
alluxio.thrift$FileSystemMasterClientService$getNewBlockIdForFile_result$getNewBlockIdForFile_resultStandardSchemeFactory:10708;0.0
alluxio.thrift$FileSystemMasterClientService$getNewBlockIdForFile_result$getNewBlockIdForFile_resultTupleSchemeFactory:10774;0.0
alluxio.thrift$FileSystemMasterClientService$getNewBlockIdForFile_result$_Fields:10413;0.0
alluxio.exception$ExceptionMessage:232;0.0
alluxio.thrift$BlockWorkerClientService$sessionHeartbeat_args$sessionHeartbeat_argsStandardSchemeFactory:9336;0.0
alluxio.thrift$BlockWorkerClientService$sessionHeartbeat_args$sessionHeartbeat_argsTupleSchemeFactory:9416;0.0
alluxio.thrift$BlockWorkerClientService$sessionHeartbeat_args$_Fields:9012;0.0
alluxio.thrift$BlockWorkerClientService$sessionHeartbeat_result$sessionHeartbeat_resultStandardSchemeFactory:9750;0.0
alluxio.thrift$BlockWorkerClientService$sessionHeartbeat_result$sessionHeartbeat_resultTupleSchemeFactory:9803;0.0
alluxio.thrift$BlockWorkerClientService$sessionHeartbeat_result$_Fields:9532;0.0
alluxio.thrift$BlockWorkerClientService$requestBlockLocation_args$requestBlockLocation_argsStandardSchemeFactory:7277;0.0
alluxio.thrift$BlockWorkerClientService$requestBlockLocation_args$requestBlockLocation_argsTupleSchemeFactory:7360;0.0
alluxio.thrift$BlockWorkerClientService$requestBlockLocation_args$_Fields:6816;0.0
alluxio.thrift$BlockWorkerClientService$requestBlockLocation_result$requestBlockLocation_resultStandardSchemeFactory:7781;0.0
alluxio.thrift$BlockWorkerClientService$requestBlockLocation_result$requestBlockLocation_resultTupleSchemeFactory:7847;0.0
alluxio.thrift$BlockWorkerClientService$requestBlockLocation_result$_Fields:7486;0.0
alluxio.thrift$BlockWorkerClientService$cacheBlock_args$cacheBlock_argsStandardSchemeFactory:2790;0.0
alluxio.thrift$BlockWorkerClientService$cacheBlock_args$cacheBlock_argsTupleSchemeFactory:2851;0.0
alluxio.thrift$BlockWorkerClientService$cacheBlock_args$_Fields:2487;0.0
alluxio.thrift$BlockWorkerClientService$cacheBlock_result$cacheBlock_resultStandardSchemeFactory:3170;0.0
alluxio.thrift$BlockWorkerClientService$cacheBlock_result$cacheBlock_resultTupleSchemeFactory:3223;0.0
alluxio.thrift$BlockWorkerClientService$cacheBlock_result$_Fields:2952;0.0
alluxio.thrift$BlockMasterWorkerService$commitBlock_args$commitBlock_argsStandardSchemeFactory:1419;0.0
alluxio.thrift$BlockMasterWorkerService$commitBlock_args$commitBlock_argsTupleSchemeFactory:1515;0.0
alluxio.thrift$BlockMasterWorkerService$commitBlock_args$_Fields:875;0.0
alluxio.thrift$BlockMasterWorkerService$commitBlock_result$commitBlock_resultStandardSchemeFactory:1864;0.0
alluxio.thrift$BlockMasterWorkerService$commitBlock_result$commitBlock_resultTupleSchemeFactory:1917;0.0
alluxio.thrift$BlockMasterWorkerService$commitBlock_result$_Fields:1646;0.0
alluxio.util.io$BufferUtils:364;0.0
alluxio.thrift$FileBlockInfo$FileBlockInfoStandardSchemeFactory:603;0.0
alluxio.thrift$FileBlockInfo$FileBlockInfoTupleSchemeFactory:728;0.0
alluxio.thrift$FileBlockInfo$_Fields:114;0.0
alluxio.thrift$BlockLocation$BlockLocationStandardSchemeFactory:480;0.0
alluxio.thrift$BlockLocation$BlockLocationTupleSchemeFactory:557;0.0
alluxio.thrift$BlockLocation$_Fields:108;0.0
alluxio.thrift$BlockInfo$BlockInfoStandardSchemeFactory:497;0.0
alluxio.thrift$BlockInfo$BlockInfoTupleSchemeFactory:589;0.0
alluxio.thrift$BlockInfo$_Fields:109;0.0
alluxio.thrift$BlockMasterClientService$getBlockInfo_args$getBlockInfo_argsStandardSchemeFactory:993;0.0
alluxio.thrift$BlockMasterClientService$getBlockInfo_args$getBlockInfo_argsTupleSchemeFactory:1043;0.0
alluxio.thrift$BlockMasterClientService$getBlockInfo_args$_Fields:769;0.0
alluxio.thrift$BlockMasterClientService$getBlockInfo_result$getBlockInfo_resultStandardSchemeFactory:1437;0.0
alluxio.thrift$BlockMasterClientService$getBlockInfo_result$getBlockInfo_resultTupleSchemeFactory:1504;0.0
alluxio.thrift$BlockMasterClientService$getBlockInfo_result$_Fields:1139;0.0
alluxio.thrift$LockBlockTOptions$LockBlockTOptionsStandardSchemeFactory:629;0.0
alluxio.thrift$LockBlockTOptions$LockBlockTOptionsTupleSchemeFactory:725;0.0
alluxio.thrift$LockBlockTOptions$_Fields:115;0.0
alluxio.thrift$BlockWorkerClientService$lockBlock_args$lockBlock_argsStandardSchemeFactory:4562;0.0
alluxio.thrift$BlockWorkerClientService$lockBlock_args$lockBlock_argsTupleSchemeFactory:4637;0.0
alluxio.thrift$BlockWorkerClientService$lockBlock_args$_Fields:4173;0.0
alluxio.thrift$BlockWorkerClientService$lockBlock_result$lockBlock_resultStandardSchemeFactory:5052;0.0
alluxio.thrift$BlockWorkerClientService$lockBlock_result$lockBlock_resultTupleSchemeFactory:5119;0.0
alluxio.thrift$BlockWorkerClientService$lockBlock_result$_Fields:4754;0.0
alluxio.thrift$LockBlockResult$LockBlockResultStandardSchemeFactory:477;0.0
alluxio.thrift$LockBlockResult$LockBlockResultTupleSchemeFactory:553;0.0
alluxio.thrift$LockBlockResult$_Fields:105;0.0
alluxio.thrift$LockBlockStatus:30;0.0
alluxio.wire$LockBlockResult:113;0.0
alluxio.wire$LockBlockResult$LockBlockStatus:52;0.0
alluxio.thrift$BlockWorkerClientService$accessBlock_args$accessBlock_argsStandardSchemeFactory:1972;0.0
alluxio.thrift$BlockWorkerClientService$accessBlock_args$accessBlock_argsTupleSchemeFactory:2022;0.0
alluxio.thrift$BlockWorkerClientService$accessBlock_args$_Fields:1748;0.0
alluxio.thrift$BlockWorkerClientService$accessBlock_result$accessBlock_resultStandardSchemeFactory:2331;0.0
alluxio.thrift$BlockWorkerClientService$accessBlock_result$accessBlock_resultTupleSchemeFactory:2384;0.0
alluxio.thrift$BlockWorkerClientService$accessBlock_result$_Fields:2113;0.0
alluxio.thrift$BlockWorkerClientService$unlockBlock_args$unlockBlock_argsStandardSchemeFactory:10209;0.0
alluxio.thrift$BlockWorkerClientService$unlockBlock_args$unlockBlock_argsTupleSchemeFactory:10270;0.0
alluxio.thrift$BlockWorkerClientService$unlockBlock_args$_Fields:9906;0.0
alluxio.thrift$BlockWorkerClientService$unlockBlock_result$unlockBlock_resultStandardSchemeFactory:10671;0.0
alluxio.thrift$BlockWorkerClientService$unlockBlock_result$unlockBlock_resultTupleSchemeFactory:10737;0.0
alluxio.thrift$BlockWorkerClientService$unlockBlock_result$_Fields:10376;0.0
alluxio.underfs.options$FileLocationOptions:39;0.0
alluxio.underfs$UnderFileSystemWithLogging$13:244;0.0
alluxio.exception.status$NotFoundException:25;0.0
alluxio.underfs.options$OpenOptions:41;0.0
alluxio.underfs$UnderFileSystemWithLogging$27:465;0.0
alluxio.exception$AlluxioException:32;0.0
alluxio.exception$BlockAlreadyExistsException:29;0.0
alluxio.exception$InvalidWorkerStateException:30;0.0
alluxio.thrift$FileSystemMasterClientService$scheduleAsyncPersist_args:17209;0.0
alluxio.thrift$FileSystemMasterClientService$scheduleAsyncPersist_args$scheduleAsyncPersist_argsStandardSchemeFactory:17409;0.0
alluxio.thrift$FileSystemMasterClientService$scheduleAsyncPersist_args$scheduleAsyncPersist_argsTupleSchemeFactory:17461;0.0
alluxio.thrift$FileSystemMasterClientService$scheduleAsyncPersist_args$_Fields:17185;0.0
alluxio.thrift$FileSystemMasterClientService$scheduleAsyncPersist_args$scheduleAsyncPersist_argsStandardScheme:17415;0.0
alluxio.thrift$FileSystemMasterClientService$scheduleAsyncPersist_result:17576;0.0
alluxio.thrift$FileSystemMasterClientService$scheduleAsyncPersist_result$scheduleAsyncPersist_resultStandardSchemeFactory:17770;0.0
alluxio.thrift$FileSystemMasterClientService$scheduleAsyncPersist_result$scheduleAsyncPersist_resultTupleSchemeFactory:17823;0.0
alluxio.thrift$FileSystemMasterClientService$scheduleAsyncPersist_result$_Fields:17552;0.0
alluxio.thrift$FileSystemMasterClientService$scheduleAsyncPersist_result$scheduleAsyncPersist_resultStandardScheme:17776;0.0
alluxio.thrift$PersistFile:129;0.0
alluxio.thrift$PersistFile$PersistFileStandardSchemeFactory:412;0.0
alluxio.thrift$PersistFile$PersistFileTupleSchemeFactory:492;0.0
alluxio.thrift$PersistFile$_Fields:100;0.0
alluxio.thrift$PersistFile$PersistFileStandardScheme:418;0.0
alluxio.thrift$FileSystemMasterWorkerService$getFileInfo_args:806;0.0
alluxio.thrift$FileSystemMasterWorkerService$getFileInfo_args$getFileInfo_argsStandardSchemeFactory:1004;0.0
alluxio.thrift$FileSystemMasterWorkerService$getFileInfo_args$getFileInfo_argsTupleSchemeFactory:1054;0.0
alluxio.thrift$FileSystemMasterWorkerService$getFileInfo_args$_Fields:780;0.0
alluxio.thrift$FileSystemMasterWorkerService$getFileInfo_args$getFileInfo_argsStandardScheme:1010;0.0
alluxio.thrift$FileSystemMasterWorkerService$getFileInfo_result:1176;0.0
alluxio.thrift$FileSystemMasterWorkerService$getFileInfo_result$getFileInfo_resultStandardSchemeFactory:1448;0.0
alluxio.thrift$FileSystemMasterWorkerService$getFileInfo_result$getFileInfo_resultTupleSchemeFactory:1515;0.0
alluxio.thrift$FileSystemMasterWorkerService$getFileInfo_result$_Fields:1150;0.0
alluxio.thrift$FileSystemMasterWorkerService$getFileInfo_result$getFileInfo_resultStandardScheme:1454;0.0
alluxio.underfs$UnderFileSystemWithLogging$26:450;0.0
alluxio.thrift$DeleteTOptions$DeleteTOptionsStandardSchemeFactory:385;0.0
alluxio.thrift$DeleteTOptions$DeleteTOptionsTupleSchemeFactory:450;0.0
alluxio.thrift$DeleteTOptions$_Fields:100;0.0
alluxio.thrift$FileSystemMasterClientService$remove_args$remove_argsStandardSchemeFactory:14931;0.0
alluxio.thrift$FileSystemMasterClientService$remove_args$remove_argsTupleSchemeFactory:15008;0.0
alluxio.thrift$FileSystemMasterClientService$remove_args$_Fields:14538;0.0
alluxio.thrift$FileSystemMasterClientService$remove_result$remove_resultStandardSchemeFactory:15338;0.0
alluxio.thrift$FileSystemMasterClientService$remove_result$remove_resultTupleSchemeFactory:15391;0.0
alluxio.thrift$FileSystemMasterClientService$remove_result$_Fields:15120;0.0
alluxio.thrift$AlluxioTException:130;0.0
alluxio.thrift$AlluxioTException$AlluxioTExceptionStandardSchemeFactory:407;0.0
alluxio.thrift$AlluxioTException$AlluxioTExceptionTupleSchemeFactory:472;0.0
alluxio.thrift$AlluxioTException$_Fields:104;0.0
alluxio.thrift$AlluxioTException$AlluxioTExceptionStandardScheme:413;0.0
alluxio.wire$LoadMetadataType:41;0.0
alluxio.thrift$ListStatusTOptions$ListStatusTOptionsStandardSchemeFactory:402;0.0
alluxio.thrift$ListStatusTOptions$ListStatusTOptionsTupleSchemeFactory:469;0.0
alluxio.thrift$ListStatusTOptions$_Fields:104;0.0
alluxio.thrift$LoadMetadataTType:21;0.0
alluxio.thrift$FileSystemMasterClientService$listStatus_args$listStatus_argsStandardSchemeFactory:11913;0.0
alluxio.thrift$FileSystemMasterClientService$listStatus_args$listStatus_argsTupleSchemeFactory:11979;0.0
alluxio.thrift$FileSystemMasterClientService$listStatus_args$_Fields:11603;0.0
alluxio.thrift$FileSystemMasterClientService$listStatus_result$listStatus_resultStandardSchemeFactory:12401;0.0
alluxio.thrift$FileSystemMasterClientService$listStatus_result$listStatus_resultTupleSchemeFactory:12485;0.0
alluxio.thrift$FileSystemMasterClientService$listStatus_result$_Fields:12086;0.0
alluxio.thrift$CreateDirectoryTOptions$CreateDirectoryTOptionsStandardSchemeFactory:710;0.0
alluxio.thrift$CreateDirectoryTOptions$CreateDirectoryTOptionsTupleSchemeFactory:829;0.0
alluxio.thrift$CreateDirectoryTOptions$_Fields:124;0.0
alluxio.thrift$FileSystemMasterClientService$createDirectory_args$createDirectory_argsStandardSchemeFactory:5115;0.0
alluxio.thrift$FileSystemMasterClientService$createDirectory_args$createDirectory_argsTupleSchemeFactory:5181;0.0
alluxio.thrift$FileSystemMasterClientService$createDirectory_args$_Fields:4805;0.0
alluxio.thrift$FileSystemMasterClientService$createDirectory_result$createDirectory_resultStandardSchemeFactory:5501;0.0
alluxio.thrift$FileSystemMasterClientService$createDirectory_result$createDirectory_resultTupleSchemeFactory:5554;0.0
alluxio.thrift$FileSystemMasterClientService$createDirectory_result$_Fields:5283;0.0
alluxio.exception$FileAlreadyExistsException:31;0.0
alluxio.exception.status$AlreadyExistsException:25;0.0
alluxio.retry$CountingRetry:32;0.0
alluxio.thrift$SetAttributeTOptions$SetAttributeTOptionsStandardSchemeFactory:874;0.0
alluxio.thrift$SetAttributeTOptions$SetAttributeTOptionsTupleSchemeFactory:1023;0.0
alluxio.thrift$SetAttributeTOptions$_Fields:134;0.0
alluxio.thrift$FileSystemMasterClientService$setAttribute_args$setAttribute_argsStandardSchemeFactory:16651;0.0
alluxio.thrift$FileSystemMasterClientService$setAttribute_args$setAttribute_argsTupleSchemeFactory:16717;0.0
alluxio.thrift$FileSystemMasterClientService$setAttribute_args$_Fields:16341;0.0
alluxio.thrift$FileSystemMasterClientService$setAttribute_result$setAttribute_resultStandardSchemeFactory:17037;0.0
alluxio.thrift$FileSystemMasterClientService$setAttribute_result$setAttribute_resultTupleSchemeFactory:17090;0.0
alluxio.thrift$FileSystemMasterClientService$setAttribute_result$_Fields:16819;0.0
alluxio.exception$DirectoryNotEmptyException:30;0.0
alluxio.exception.status$FailedPreconditionException:43;0.0
alluxio.thrift$MountTOptions$MountTOptionsStandardSchemeFactory:481;0.0
alluxio.thrift$MountTOptions$MountTOptionsTupleSchemeFactory:581;0.0
alluxio.thrift$MountTOptions$_Fields:105;0.0
alluxio.thrift$FileSystemMasterClientService$mount_args$mount_argsStandardSchemeFactory:13965;0.0
alluxio.thrift$FileSystemMasterClientService$mount_args$mount_argsTupleSchemeFactory:14044;0.0
alluxio.thrift$FileSystemMasterClientService$mount_args$_Fields:13572;0.0
alluxio.thrift$FileSystemMasterClientService$mount_result$mount_resultStandardSchemeFactory:14374;0.0
alluxio.thrift$FileSystemMasterClientService$mount_result$mount_resultTupleSchemeFactory:14427;0.0
alluxio.thrift$FileSystemMasterClientService$mount_result$_Fields:14156;0.0
alluxio.exception.status$UnavailableException:29;0.0
alluxio.underfs.options$DeleteOptions:39;0.0
alluxio.underfs$UnderFileSystemWithLogging$8:168;0.0
alluxio.exception$InvalidPathException:30;0.0
alluxio.exception.status$InvalidArgumentException:27;0.0
alluxio.thrift$FileSystemMasterClientService$loadMetadata_args:12642;0.0
alluxio.thrift$FileSystemMasterClientService$loadMetadata_args$loadMetadata_argsStandardSchemeFactory:12921;0.0
alluxio.thrift$FileSystemMasterClientService$loadMetadata_args$loadMetadata_argsTupleSchemeFactory:12984;0.0
alluxio.thrift$FileSystemMasterClientService$loadMetadata_args$_Fields:12614;0.0
alluxio.thrift$FileSystemMasterClientService$loadMetadata_args$loadMetadata_argsStandardScheme:12927;0.0
alluxio.thrift$FileSystemMasterClientService$loadMetadata_result:13118;0.0
alluxio.thrift$FileSystemMasterClientService$loadMetadata_result$loadMetadata_resultStandardSchemeFactory:13385;0.0
alluxio.thrift$FileSystemMasterClientService$loadMetadata_result$loadMetadata_resultTupleSchemeFactory:13451;0.0
alluxio.thrift$FileSystemMasterClientService$loadMetadata_result$_Fields:13090;0.0
alluxio.underfs$UnderFileSystemWithLogging$11:213;0.0
alluxio.underfs$UnderFileSystemWithLogging$14:259;0.0
alluxio.thrift$FileSystemMasterClientService$loadMetadata_result$loadMetadata_resultStandardScheme:13391;0.0
alluxio.thrift$FileSystemMasterClientService$rename_args$rename_argsStandardSchemeFactory:15801;0.0
alluxio.thrift$FileSystemMasterClientService$rename_args$rename_argsTupleSchemeFactory:15866;0.0
alluxio.thrift$FileSystemMasterClientService$rename_args$_Fields:15494;0.0
alluxio.thrift$FileSystemMasterClientService$rename_result$rename_resultStandardSchemeFactory:16185;0.0
alluxio.thrift$FileSystemMasterClientService$rename_result$rename_resultTupleSchemeFactory:16238;0.0
alluxio.thrift$FileSystemMasterClientService$rename_result$_Fields:15967;0.0
alluxio.heartbeat$ScheduledTimer:52;0.0
alluxio.heartbeat$HeartbeatScheduler:53;0.0
alluxio.thrift$BlockWorkerClientService$requestSpace_args:8000;0.0
alluxio.thrift$BlockWorkerClientService$requestSpace_args$requestSpace_argsStandardSchemeFactory:8350;0.0
alluxio.thrift$BlockWorkerClientService$requestSpace_args$requestSpace_argsTupleSchemeFactory:8422;0.0
alluxio.thrift$BlockWorkerClientService$requestSpace_args$_Fields:7968;0.0
alluxio.thrift$BlockWorkerClientService$requestSpace_args$requestSpace_argsStandardScheme:8356;0.0
alluxio.thrift$BlockWorkerClientService$requestSpace_result:8566;0.0
alluxio.thrift$BlockWorkerClientService$requestSpace_result$requestSpace_resultStandardSchemeFactory:8833;0.0
alluxio.thrift$BlockWorkerClientService$requestSpace_result$requestSpace_resultTupleSchemeFactory:8899;0.0
alluxio.thrift$BlockWorkerClientService$requestSpace_result$_Fields:8538;0.0
alluxio.thrift$BlockWorkerClientService$requestSpace_result$requestSpace_resultStandardScheme:8839;0.0
alluxio.thrift$BlockWorkerClientService$promoteBlock_args$promoteBlock_argsStandardSchemeFactory:5449;0.0
alluxio.thrift$BlockWorkerClientService$promoteBlock_args$promoteBlock_argsTupleSchemeFactory:5499;0.0
alluxio.thrift$BlockWorkerClientService$promoteBlock_args$_Fields:5225;0.0
alluxio.thrift$BlockWorkerClientService$promoteBlock_result$promoteBlock_resultStandardSchemeFactory:5890;0.0
alluxio.thrift$BlockWorkerClientService$promoteBlock_result$promoteBlock_resultTupleSchemeFactory:5956;0.0
alluxio.thrift$BlockWorkerClientService$promoteBlock_result$_Fields:5595;0.0
alluxio.wire$MasterInfo$MasterInfoField:92;0.0
alluxio.thrift$MetaMasterClientService$Client:73;0.0
alluxio.thrift$MasterInfoField:19;0.0
alluxio.thrift$MetaMasterClientService$getInfo_args:345;0.0
alluxio.thrift$MetaMasterClientService$getInfo_args$getInfo_argsStandardSchemeFactory:564;0.0
alluxio.thrift$MetaMasterClientService$getInfo_args$getInfo_argsTupleSchemeFactory:633;0.0
alluxio.thrift$MetaMasterClientService$getInfo_args$_Fields:320;0.0
alluxio.thrift$MetaMasterClientService$getInfo_args$getInfo_argsStandardScheme:570;0.0
alluxio.thrift$MetaMasterClientService$getInfo_result:763;0.0
alluxio.thrift$MetaMasterClientService$getInfo_result$getInfo_resultStandardSchemeFactory:960;0.0
alluxio.thrift$MetaMasterClientService$getInfo_result$getInfo_resultTupleSchemeFactory:1013;0.0
alluxio.thrift$MetaMasterClientService$getInfo_result$_Fields:739;0.0
alluxio.thrift$MasterInfo:121;0.0
alluxio.thrift$MasterInfo$MasterInfoStandardSchemeFactory:313;0.0
alluxio.thrift$MasterInfo$MasterInfoTupleSchemeFactory:363;0.0
alluxio.thrift$MasterInfo$_Fields:95;0.0
alluxio.thrift$MetaMasterClientService$getInfo_result$getInfo_resultStandardScheme:966;0.0
alluxio.thrift$MasterInfo$MasterInfoStandardScheme:319;0.0
alluxio.wire$MasterInfo:32;0.0
alluxio.wire$MountPointInfo:43;0.0
alluxio.underfs$UnderFileSystem$SpaceType:105;0.0
alluxio.underfs$UnderFileSystemWithLogging$19:339;0.0
alluxio.exception$AccessControlException:29;0.0
alluxio.exception.status$PermissionDeniedException:28;0.0
alluxio.exception$BlockDoesNotExistException:26;0.0
alluxio.util.io$ByteIOUtils:26;0.0
alluxio.collections$NonUniqueFieldIndex:39;0.0
alluxio.network.protocol.databuffer$DataFileChannel:35;0.0
alluxio.collections$NonUniqueFieldIndex$NonUniqueFieldIndexIterator:156;0.0
alluxio.underfs$UnderFileSystemWithLogging$30:516;0.0
alluxio.underfs$UnderFileSystemWithLogging$28:480;0.0
alluxio.wire$AlluxioMasterInfo:43;0.0
alluxio.wire$Capacity:29;0.0
alluxio.wire$StartupConsistencyCheck:31;0.0
alluxio.exception.status$UnknownException:28;0.0
alluxio.util$ShellUtils$ExitCodeException:179;0.0
alluxio$LeaderSelectorClient:66;0.0
alluxio$MasterInquireClient:73;0.0
alluxio.underfs$UnderFileSystemWithLogging$17:304;0.0
alluxio.exception$WorkerOutOfSpaceException:29;0.0
alluxio.exception.status$ResourceExhaustedException:26;0.0
alluxio.exception$BlockInfoException:30;0.0
alluxio.exception$FileAlreadyCompletedException:29;0.0
alluxio.collections$DirectedAcyclicGraph:40;0.0
alluxio.thrift$LineageMasterClientService$Processor:457;0.0
alluxio.thrift$LineageMasterClientService$Processor$createLineage:475;0.0
alluxio.thrift$LineageMasterClientService$Processor$deleteLineage:500;0.0
alluxio.thrift$LineageMasterClientService$Processor$getLineageInfoList:525;0.0
alluxio.thrift$LineageMasterClientService$Processor$reinitializeFile:549;0.0
alluxio.thrift$LineageMasterClientService$Processor$reportLostFile:574;0.0
alluxio.thrift$LineageMasterClientService$Client:120;0.0
alluxio.thrift$LineageMasterClientService$reinitializeFile_args:3908;0.0
alluxio.thrift$LineageMasterClientService$reinitializeFile_args$reinitializeFile_argsStandardSchemeFactory:4348;0.0
alluxio.thrift$LineageMasterClientService$reinitializeFile_args$reinitializeFile_argsTupleSchemeFactory:4435;0.0
alluxio.thrift$LineageMasterClientService$reinitializeFile_args$_Fields:3875;0.0
alluxio.thrift$LineageMasterClientService$reinitializeFile_args$reinitializeFile_argsStandardScheme:4354;0.0
alluxio.thrift$LineageMasterClientService$reinitializeFile_result:4589;0.0
alluxio.thrift$LineageMasterClientService$reinitializeFile_result$reinitializeFile_resultStandardSchemeFactory:4856;0.0
alluxio.thrift$LineageMasterClientService$reinitializeFile_result$reinitializeFile_resultTupleSchemeFactory:4922;0.0
alluxio.thrift$LineageMasterClientService$reinitializeFile_result$_Fields:4561;0.0
alluxio.exception$LineageDoesNotExistException:29;0.0
alluxio.thrift$LineageMasterClientService$reinitializeFile_result$reinitializeFile_resultStandardScheme:4862;0.0
alluxio.job$Job:36;0.0
alluxio.job$CommandLineJob:51;0.0
alluxio.job$JobConf:34;0.0
alluxio.collections$DirectedAcyclicGraphNode:40;0.0
alluxio.wire$LineageInfo:44;0.0
alluxio.wire$CommandLineJobInfo:38;0.0
alluxio.wire$JobConfInfo:37;0.0
alluxio.thrift$CommandLineJobInfo:126;0.0
alluxio.thrift$CommandLineJobInfo$CommandLineJobInfoStandardSchemeFactory:395;0.0
alluxio.thrift$CommandLineJobInfo$CommandLineJobInfoTupleSchemeFactory:461;0.0
alluxio.thrift$CommandLineJobInfo$_Fields:100;0.0
alluxio.thrift$JobConfInfo:119;0.0
alluxio.thrift$JobConfInfo$JobConfInfoStandardSchemeFactory:313;0.0
alluxio.thrift$JobConfInfo$JobConfInfoTupleSchemeFactory:365;0.0
alluxio.thrift$JobConfInfo$_Fields:95;0.0
alluxio.thrift$LineageMasterClientService$createLineage_args:1012;0.0
alluxio.thrift$LineageMasterClientService$createLineage_args$createLineage_argsStandardSchemeFactory:1409;0.0
alluxio.thrift$LineageMasterClientService$createLineage_args$createLineage_argsTupleSchemeFactory:1522;0.0
alluxio.thrift$LineageMasterClientService$createLineage_args$_Fields:982;0.0
alluxio.thrift$LineageMasterClientService$createLineage_args$createLineage_argsStandardScheme:1415;0.0
alluxio.thrift$CommandLineJobInfo$CommandLineJobInfoStandardScheme:401;0.0
alluxio.thrift$JobConfInfo$JobConfInfoStandardScheme:319;0.0
alluxio.thrift$LineageMasterClientService$createLineage_result:1697;0.0
alluxio.thrift$LineageMasterClientService$createLineage_result$createLineage_resultStandardSchemeFactory:1964;0.0
alluxio.thrift$LineageMasterClientService$createLineage_result$createLineage_resultTupleSchemeFactory:2030;0.0
alluxio.thrift$LineageMasterClientService$createLineage_result$_Fields:1669;0.0
alluxio.thrift$LineageMasterClientService$createLineage_result$createLineage_resultStandardScheme:1970;0.0
alluxio.thrift$LineageMasterClientService$getLineageInfoList_args:3092;0.0
alluxio.thrift$LineageMasterClientService$getLineageInfoList_args$getLineageInfoList_argsStandardSchemeFactory:3207;0.0
alluxio.thrift$LineageMasterClientService$getLineageInfoList_args$getLineageInfoList_argsTupleSchemeFactory:3246;0.0
alluxio.thrift$LineageMasterClientService$getLineageInfoList_args$_Fields:3072;0.0
alluxio.thrift$LineageMasterClientService$getLineageInfoList_args$getLineageInfoList_argsStandardScheme:3213;0.0
alluxio.thrift$LineageMasterClientService$getLineageInfoList_result:3356;0.0
alluxio.thrift$LineageMasterClientService$getLineageInfoList_result$getLineageInfoList_resultStandardSchemeFactory:3644;0.0
alluxio.thrift$LineageMasterClientService$getLineageInfoList_result$getLineageInfoList_resultTupleSchemeFactory:3728;0.0
alluxio.thrift$LineageMasterClientService$getLineageInfoList_result$_Fields:3329;0.0
alluxio.thrift$LineageInfo:168;0.0
alluxio.thrift$LineageInfo$LineageInfoStandardSchemeFactory:872;0.0
alluxio.thrift$LineageInfo$LineageInfoTupleSchemeFactory:1067;0.0
alluxio.thrift$LineageInfo$_Fields:125;0.0
alluxio.thrift$LineageMasterClientService$getLineageInfoList_result$getLineageInfoList_resultStandardScheme:3650;0.0
alluxio.thrift$LineageInfo$LineageInfoStandardScheme:878;0.0
alluxio.thrift$LineageMasterClientService$deleteLineage_args:2172;0.0
alluxio.thrift$LineageMasterClientService$deleteLineage_args$deleteLineage_argsStandardSchemeFactory:2446;0.0
alluxio.thrift$LineageMasterClientService$deleteLineage_args$deleteLineage_argsTupleSchemeFactory:2507;0.0
alluxio.thrift$LineageMasterClientService$deleteLineage_args$_Fields:2143;0.0
alluxio.thrift$LineageMasterClientService$deleteLineage_args$deleteLineage_argsStandardScheme:2452;0.0
alluxio.thrift$LineageMasterClientService$deleteLineage_result:2641;0.0
alluxio.thrift$LineageMasterClientService$deleteLineage_result$deleteLineage_resultStandardSchemeFactory:2908;0.0
alluxio.thrift$LineageMasterClientService$deleteLineage_result$deleteLineage_resultTupleSchemeFactory:2974;0.0
alluxio.thrift$LineageMasterClientService$deleteLineage_result$_Fields:2613;0.0
alluxio.thrift$LineageMasterClientService$deleteLineage_result$deleteLineage_resultStandardScheme:2914;0.0
alluxio.thrift$LineageMasterClientService$reportLostFile_args:5051;0.0
alluxio.thrift$LineageMasterClientService$reportLostFile_args$reportLostFile_argsStandardSchemeFactory:5251;0.0
alluxio.thrift$LineageMasterClientService$reportLostFile_args$reportLostFile_argsTupleSchemeFactory:5303;0.0
alluxio.thrift$LineageMasterClientService$reportLostFile_args$_Fields:5027;0.0
alluxio.thrift$LineageMasterClientService$reportLostFile_args$reportLostFile_argsStandardScheme:5257;0.0
alluxio.thrift$LineageMasterClientService$reportLostFile_result:5418;0.0
alluxio.thrift$LineageMasterClientService$reportLostFile_result$reportLostFile_resultStandardSchemeFactory:5612;0.0
alluxio.thrift$LineageMasterClientService$reportLostFile_result$reportLostFile_resultTupleSchemeFactory:5665;0.0
alluxio.thrift$LineageMasterClientService$reportLostFile_result$_Fields:5394;0.0
alluxio.thrift$LineageMasterClientService$reportLostFile_result$reportLostFile_resultStandardScheme:5618;0.0
alluxio.exception$UnexpectedAlluxioException:26;0.0
alluxio.network.protocol$RPCResponse:23;0.0
alluxio.network.protocol$RPCBlockWriteResponse:43;0.0
alluxio.network.protocol$RPCResponse$Status:60;0.0
alluxio.network.protocol$RPCRequest:20;0.0
alluxio.network.protocol$RPCBlockWriteRequest:46;0.0
alluxio.network.protocol$RPCBlockReadResponse:49;0.0
alluxio.network.protocol$RPCBlockReadRequest:41;0.0
alluxio.network.protocol$RPCErrorResponse:32;0.0
alluxio.network.protocol.databuffer$DataNettyBuffer:37;0.0
alluxio.security.authentication$CustomAuthenticationProvider:37;0.0
alluxio.security.authorization$ModeParser:35;0.0
alluxio.thrift$CheckConsistencyTOptions:111;0.0
alluxio.thrift$CheckConsistencyTOptions$CheckConsistencyTOptionsStandardSchemeFactory:226;0.0
alluxio.thrift$CheckConsistencyTOptions$CheckConsistencyTOptionsTupleSchemeFactory:265;0.0
alluxio.thrift$CheckConsistencyTOptions$_Fields:91;0.0
alluxio.thrift$FileSystemMasterClientService$checkConsistency_args:2973;0.0
alluxio.thrift$FileSystemMasterClientService$checkConsistency_args$checkConsistency_argsStandardSchemeFactory:3257;0.0
alluxio.thrift$FileSystemMasterClientService$checkConsistency_args$checkConsistency_argsTupleSchemeFactory:3323;0.0
alluxio.thrift$FileSystemMasterClientService$checkConsistency_args$_Fields:2947;0.0
alluxio.thrift$FileSystemMasterClientService$checkConsistency_args$checkConsistency_argsStandardScheme:3263;0.0
alluxio.thrift$CheckConsistencyTOptions$CheckConsistencyTOptionsStandardScheme:232;0.0
alluxio.thrift$FileSystemMasterClientService$checkConsistency_result:3457;0.0
alluxio.thrift$FileSystemMasterClientService$checkConsistency_result$checkConsistency_resultStandardSchemeFactory:3742;0.0
alluxio.thrift$FileSystemMasterClientService$checkConsistency_result$checkConsistency_resultTupleSchemeFactory:3825;0.0
alluxio.thrift$FileSystemMasterClientService$checkConsistency_result$_Fields:3430;0.0
alluxio.thrift$FileSystemMasterClientService$checkConsistency_result$checkConsistency_resultStandardScheme:3748;0.0
alluxio.security.group.provider$IdentityUserGroupsMapping:29;0.0
alluxio.underfs$ObjectUnderFileSystem:67;0.0
alluxio.wire$AlluxioWorkerInfo:39;0.0
alluxio.thrift$BlockMasterClientService$getUsedBytes_args:2339;0.0
alluxio.thrift$BlockMasterClientService$getUsedBytes_args$getUsedBytes_argsStandardSchemeFactory:2454;0.0
alluxio.thrift$BlockMasterClientService$getUsedBytes_args$getUsedBytes_argsTupleSchemeFactory:2493;0.0
alluxio.thrift$BlockMasterClientService$getUsedBytes_args$_Fields:2319;0.0
alluxio.thrift$BlockMasterClientService$getUsedBytes_args$getUsedBytes_argsStandardScheme:2460;0.0
alluxio.thrift$BlockMasterClientService$getUsedBytes_result:2604;0.0
alluxio.thrift$BlockMasterClientService$getUsedBytes_result$getUsedBytes_resultStandardSchemeFactory:2871;0.0
alluxio.thrift$BlockMasterClientService$getUsedBytes_result$getUsedBytes_resultTupleSchemeFactory:2937;0.0
alluxio.thrift$BlockMasterClientService$getUsedBytes_result$_Fields:2576;0.0
alluxio.thrift$BlockMasterClientService$getUsedBytes_result$getUsedBytes_resultStandardScheme:2877;0.0
alluxio.underfs.options$ListOptions:39;0.0
alluxio.underfs$UnderFileSystemWithLogging$23:405;0.0
