name;suspiciousness_value
org.neo4j.metrics.source.causalclustering$RaftMessageProcessingMetric:40;1.1077200472554553E-9
org.neo4j.metrics$MetricsSettings:38;0.0
org.neo4j.metrics.output$CsvOutput:57;0.0
org.neo4j.metrics$MetricsKernelExtensionFactory:40;0.0
org.neo4j.metrics$MetricsExtension:42;0.0
org.neo4j.metrics.output$EventReporterBuilder:47;0.0
org.neo4j.metrics.output$CompositeEventReporter:35;0.0
org.neo4j.metrics.source$Neo4jMetricsBuilder:93;0.0
org.neo4j.metrics.source.db$BoltMetrics:62;0.0
org.neo4j.metrics.source.db$BoltMetrics$BoltMetricsMonitor:90;0.0
org.neo4j.metrics.source.cluster$ClusterMetrics:59;0.0
org.neo4j.metrics.source.cluster$ClusterMetrics$SlaveUpdatePullerMonitor:89;0.0
org.neo4j.metrics.source.cluster$ClusterMetrics$RoleGauge:107;0.0
org.neo4j.metrics.source.causalclustering$MessageQueueMonitorMetric:30;0.0
org.neo4j.metrics.source.db$TransactionMetrics:83;0.0
org.neo4j.metrics.source.db$PageCacheMetrics:57;0.0
org.neo4j.metrics.source.db$CheckPointingMetrics:57;0.0
org.neo4j.metrics.source.db$LogRotationMetrics:59;0.0
org.neo4j.metrics.source.db$EntityCountMetrics:49;0.0
org.neo4j.metrics.source.cluster$NetworkMetrics:56;0.0
org.neo4j.metrics.source$ByteCountsMetric:26;0.0
org.neo4j.metrics.source.db$CypherMetrics:48;0.0
org.neo4j.metrics.source.jvm$JvmMetrics:30;0.0
org.neo4j.metrics.source.jvm$GCMetrics:39;0.0
org.neo4j.metrics.source.jvm$ThreadMetrics:39;0.0
org.neo4j.metrics.source.jvm$MemoryPoolMetrics:36;0.0
org.neo4j.metrics.source.jvm$MemoryBuffersMetrics:37;0.0
org.neo4j.metrics.source.causalclustering$CoreMetrics:89;0.0
org.neo4j.metrics.source.causalclustering$RaftLogCommitIndexMetric:26;0.0
org.neo4j.metrics.source.causalclustering$RaftLogAppendIndexMetric:26;0.0
org.neo4j.metrics.source.causalclustering$RaftTermMetric:26;0.0
org.neo4j.metrics.source.causalclustering$LeaderNotFoundMetric:27;0.0
org.neo4j.metrics.source.causalclustering$TxPullRequestsMetric:26;0.0
org.neo4j.metrics.source.causalclustering$TxRetryMetric:27;0.0
org.neo4j.metrics.source.causalclustering$InFlightCacheMetric:24;0.0
org.neo4j.metrics.source.causalclustering$CatchUpMetrics:48;0.0
org.neo4j.metrics.source.server$ServerMetrics:47;0.0
org.neo4j.metrics.source.server$ServerMetrics$1:55;0.0
org.neo4j.metrics.source.causalclustering$CoreMetrics$LeaderGauge:172;0.0
org.neo4j.metrics.source.causalclustering$ReadReplicaMetrics:53;0.0
org.neo4j.metrics.source.causalclustering$PullRequestMetric:27;0.0
