formula,metric_name,metric_value
barinel,density,0.20755319866555108
barinel,uniqueness,0.05292351534273065
barinel,entropy_barinel,1.4029272026566748E-4
dstar,density,0.20755319866555108
dstar,uniqueness,0.05292351534273065
dstar,entropy_dstar,495.6995585622372
ochiai,density,0.20755319866555108
ochiai,uniqueness,0.05292351534273065
ochiai,entropy_ochiai,1671.8326414307348
tarantula,density,0.20755319866555108
tarantula,uniqueness,0.05292351534273065
tarantula,entropy_tarantula,2667.9491407131027
