<?xml version="1.0"?>
<project xmlns="http://maven.apache.org/POM/4.0.0" xmlns:xsi="http://www.w3.org/2001/XMLSchema-instance" xsi:schemaLocation="http://maven.apache.org/POM/4.0.0 http://maven.apache.org/xsd/maven-4.0.0.xsd">
  <!--
/**
 * Licensed to the Apache Software Foundation (ASF) under one
 * or more contributor license agreements.  See the NOTICE file
 * distributed with this work for additional information
 * regarding copyright ownership.  The ASF licenses this file
 * to you under the Apache License, Version 2.0 (the
 * "License"); you may not use this file except in compliance
 * with the License.  You may obtain a copy of the License at
 *
 *     http://www.apache.org/licenses/LICENSE-2.0
 *
 * Unless required by applicable law or agreed to in writing, software
 * distributed under the License is distributed on an "AS IS" BASIS,
 * WITHOUT WARRANTIES OR CONDITIONS OF ANY KIND, either express or implied.
 * See the License for the specific language governing permissions and
 * limitations under the License.
 */
-->
  <modelVersion>4.0.0</modelVersion>
  <parent>
    <artifactId>hbase</artifactId>
    <groupId>org.apache.hbase</groupId>
    <version>2.0.0-SNAPSHOT</version>
    <relativePath>..</relativePath>
  </parent>
  <artifactId>hbase-server</artifactId>
  <name>Apache HBase - Server</name>
  <description>Server functionality for HBase</description>
  <properties>
    <test.build.webapps>target/test-classes/webapps</test.build.webapps>
    <license.bundles.logo>true</license.bundles.logo>
    <license.bundles.bootstrap>true</license.bundles.bootstrap>
    <license.bundles.jquery>true</license.bundles.jquery>
  </properties>
  <build>
    <!-- Makes sure the resources get added before they are processed
      by placing this first -->
    <resources>
      <!-- Add the build webabpps to the classpth -->
      <resource>
        <directory>${project.build.directory}</directory>
        <includes>
          <include>hbase-webapps/**</include>
        </includes>
      </resource>
    </resources>
    <testResources>
      <!-- Our test artifact has different license info than our source/bin ones -->
      <testResource>
        <directory>src/test/resources/META-INF/</directory>
        <targetPath>META-INF/</targetPath>
        <includes>
          <include>NOTICE</include>
        </includes>
        <filtering>true</filtering>
      </testResource>
      <testResource>
        <directory>src/test/resources</directory>
        <includes>
          <include>**/**</include>
        </includes>
      </testResource>
    </testResources>
    <plugins>
      <plugin>
        <groupId>org.apache.maven.plugins</groupId>
        <artifactId>maven-site-plugin</artifactId>
        <configuration>
          <skip>true</skip>
        </configuration>
      </plugin>
      <!-- licensing info from our bundled works -->
      <plugin>
        <groupId>org.apache.maven.plugins</groupId>
        <artifactId>maven-remote-resources-plugin</artifactId>
        <version>1.5</version>
        <executions>
          <execution>
            <id>default</id>
            <configuration>
              <attachToTest>false</attachToTest>
              <properties>
                <copyright-end-year>${build.year}</copyright-end-year>
                <debug-print-included-work-info>${license.debug.print.included}</debug-print-included-work-info>
                <bundled-dependencies>${license.bundles.dependencies}</bundled-dependencies>
                <bundled-jquery>${license.bundles.jquery}</bundled-jquery>
                <bundled-logo>${license.bundles.logo}</bundled-logo>
                <bundled-bootstrap>${license.bundles.bootstrap}</bundled-bootstrap>
              </properties>
              <resourceBundles>
                <resourceBundle>${project.groupId}:hbase-resource-bundle:${project.version}</resourceBundle>
              </resourceBundles>
              <supplementalModelArtifacts>
                <supplementalModelArtifact>${project.groupId}:hbase-resource-bundle:${project.version}</supplementalModelArtifact>
              </supplementalModelArtifacts>
              <supplementalModels>
                <supplementalModel>supplemental-models.xml</supplementalModel>
              </supplementalModels>
            </configuration>
          </execution>
        </executions>
      </plugin>
      <!-- Run with -Dmaven.test.skip.exec=true to build -tests.jar without running
        tests (this is needed for upstream projects whose tests need this jar simply for
        compilation) -->
      <plugin>
        <!--Make it so assembly:single does nothing in here-->
        <artifactId>maven-assembly-plugin</artifactId>
        <configuration>
          <skipAssembly>true</skipAssembly>
        </configuration>
      </plugin>
      <plugin>
        <groupId>org.apache.maven.plugins</groupId>
        <artifactId>maven-jar-plugin</artifactId>
        <configuration>
          <archive>
            <manifest>
              <mainClass>org/apache/hadoop/hbase/mapreduce/Driver</mainClass>
            </manifest>
          </archive>
          <!-- Exclude these 2 packages, because their dependency _binary_ files
            include the sources, and Maven 2.2 appears to add them to the sources to compile,
            weird -->
          <excludes>
            <exclude>org/apache/jute/**</exclude>
            <exclude>org/apache/zookeeper/**</exclude>
            <exclude>**/*.jsp</exclude>
            <exclude>hbase-site.xml</exclude>
            <exclude>hdfs-site.xml</exclude>
            <exclude>log4j.properties</exclude>
            <exclude>mapred-queues.xml</exclude>
            <exclude>mapred-site.xml</exclude>
          </excludes>
        </configuration>
      </plugin>
      <!-- Make a jar and put the sources in the jar -->
      <plugin>
        <groupId>org.apache.maven.plugins</groupId>
        <artifactId>maven-source-plugin</artifactId>
        <executions>
          <execution>
            <phase>package</phase>
            <goals>
              <goal>jar</goal>
              <goal>test-jar</goal>
            </goals>
          </execution>
        </executions>
      </plugin>
      <!-- General ant tasks, bound to different build phases -->
      <plugin>
        <artifactId>maven-antrun-plugin</artifactId>
        <executions>
          <!-- Generate web app sources -->
          <execution>
            <id>generate</id>
            <phase>generate-sources</phase>
            <configuration>
              <target>
                <property name="build.webapps" location="${project.build.directory}/hbase-webapps"/>
                <property name="src.webapps" location="${basedir}/src/main/resources/hbase-webapps"/>
                <property name="generated.sources" location="${project.build.directory}/generated-sources"/>
                <mkdir dir="${build.webapps}"/>
                <copy todir="${build.webapps}">
                  <fileset dir="${src.webapps}">
                    <exclude name="**/*.jsp"/>
                    <exclude name="**/.*"/>
                    <exclude name="**/*~"/>
                  </fileset>
                </copy>
                <!--The compile.classpath is passed in by maven -->
                <taskdef classname="org.apache.jasper.JspC" name="jspcompiler" classpathref="maven.compile.classpath"/>
                <mkdir dir="${build.webapps}/master/WEB-INF"/>
                <jspcompiler uriroot="${src.webapps}/master" outputdir="${generated.sources}/java" package="org.apache.hadoop.hbase.generated.master" webxml="${build.webapps}/master/WEB-INF/web.xml"/>
                <mkdir dir="${build.webapps}/regionserver/WEB-INF"/>
                <jspcompiler uriroot="${src.webapps}/regionserver" outputdir="${generated.sources}/java" package="org.apache.hadoop.hbase.generated.regionserver" webxml="${build.webapps}/regionserver/WEB-INF/web.xml"/>
              </target>
            </configuration>
            <goals>
              <goal>run</goal>
            </goals>
          </execution>
        </executions>
      </plugin>
      <plugin>
        <groupId>org.codehaus.mojo</groupId>
        <artifactId>build-helper-maven-plugin</artifactId>
        <executions>
          <!-- Add the generated sources -->
          <execution>
            <id>jspcSource-packageInfo-source</id>
            <phase>generate-sources</phase>
            <goals>
              <goal>add-source</goal>
            </goals>
            <configuration>
              <sources>
                <source>${project.build.directory}/generated-jamon</source>
                <source>${project.build.directory}/generated-sources/java</source>
              </sources>
            </configuration>
          </execution>
        </executions>
      </plugin>
      <plugin>
        <groupId>org.jamon</groupId>
        <artifactId>jamon-maven-plugin</artifactId>
        <executions>
          <execution>
            <phase>generate-sources</phase>
            <goals>
              <goal>translate</goal>
            </goals>
            <configuration>
              <templateSourceDir>src/main/jamon</templateSourceDir>
              <templateOutputDir>target/generated-jamon</templateOutputDir>
            </configuration>
          </execution>
        </executions>
      </plugin>
      <!-- General plugins -->
      <plugin>
        <groupId>org.apache.maven.plugins</groupId>
        <artifactId>maven-eclipse-plugin</artifactId>
        <configuration>
          <additionalProjectnatures>
            <projectnature>org.jamon.project.jamonnature</projectnature>
          </additionalProjectnatures>
          <buildcommands>
            <buildcommand>org.jamon.project.templateBuilder</buildcommand>
            <buildcommand>org.eclipse.jdt.core.javabuilder</buildcommand>
            <buildcommand>org.jamon.project.markerUpdater</buildcommand>
          </buildcommands>
          <additionalConfig>
            <file>
              <name>.settings/org.jamon.prefs</name>
              <content># now
                eclipse.preferences.version=1
                templateSourceDir=src/main/jamon
                templateOutputDir=target/generated-jamon
              </content>
            </file>
          </additionalConfig>
        </configuration>
      </plugin>
      <!-- Run findbugs -->
      <plugin>
        <groupId>org.codehaus.mojo</groupId>
        <artifactId>findbugs-maven-plugin</artifactId>
      </plugin>
      <!-- Testing plugins -->
      <plugin>
        <artifactId>maven-surefire-plugin</artifactId>
        <configuration>
          <properties>
            <property>
              <name>listener</name>
              <value>com.gzoltar.internal.core.listeners.JUnitListener,org.apache.hadoop.hbase.ServerResourceCheckerJUnitListener</value>
            </property>
          </properties>
          <systemPropertyVariables>
            <test.build.webapps>target/test-classes/webapps</test.build.webapps>
          </systemPropertyVariables>
        </configuration>
      </plugin>
    </plugins>
    <!-- General Resources -->
    <pluginManagement>
       <plugins>
         <!--This plugin's configuration is used to store Eclipse m2e settings
             only. It has no influence on the Maven build itself and needs to
             be kept in plugin management, not in the actual plugins. -->
        <plugin>
          <groupId>org.eclipse.m2e</groupId>
          <artifactId>lifecycle-mapping</artifactId>
          <version>1.0.0</version>
          <configuration>
            <lifecycleMappingMetadata>
              <pluginExecutions>
                <pluginExecution>
                  <pluginExecutionFilter>
                    <groupId>org.jamon</groupId>
                    <artifactId>jamon-maven-plugin</artifactId>
                    <versionRange>[2.3.4,)</versionRange>
                    <goals>
                      <goal>translate</goal>
                    </goals>
                  </pluginExecutionFilter>
                  <action>
                      <execute>
                        <runOnIncremental>false</runOnIncremental>
                        <runOnConfiguration>true</runOnConfiguration>
                      </execute>
                  </action>
                </pluginExecution>
                <pluginExecution>
                  <pluginExecutionFilter>
                    <groupId>org.apache.maven.plugins</groupId>
                    <artifactId>maven-antrun-plugin</artifactId>
                    <versionRange>[1.6,)</versionRange>
                    <goals>
                      <goal>run</goal>
                    </goals>
                  </pluginExecutionFilter>
                  <action>
                    <execute>
                      <runOnIncremental>false</runOnIncremental>
                      <runOnConfiguration>true</runOnConfiguration>
                    </execute>
                  </action>
                </pluginExecution>
                <pluginExecution>
                  <pluginExecutionFilter>
                    <groupId>org.apache.maven.plugins</groupId>
                    <artifactId>maven-dependency-plugin</artifactId>
                    <versionRange>[2.8,)</versionRange>
                    <goals>
                      <goal>build-classpath</goal>
                    </goals>
                  </pluginExecutionFilter>
                  <action>
                    <ignore></ignore>
                  </action>
                </pluginExecution>
                <pluginExecution>
                  <pluginExecutionFilter>
                    <groupId>org.apache.maven.plugins</groupId>
                    <artifactId>maven-compiler-plugin</artifactId>
                    <versionRange>[3.2,)</versionRange>
                    <goals>
                      <goal>compile</goal>
                    </goals>
                  </pluginExecutionFilter>
                  <action>
                    <ignore></ignore>
                  </action>
                </pluginExecution>
              </pluginExecutions>
            </lifecycleMappingMetadata>
          </configuration>
        </plugin>
      </plugins>
    </pluginManagement>
  </build>
  <dependencies>
    <!-- Intra-project dependencies -->
    <dependency>
      <groupId>org.apache.hbase</groupId>
      <artifactId>hbase-common</artifactId>
    </dependency>
    <dependency>
      <groupId>org.apache.hbase</groupId>
      <artifactId>hbase-protocol</artifactId>
    </dependency>
    <dependency>
      <groupId>org.apache.hbase</groupId>
      <artifactId>hbase-procedure</artifactId>
    </dependency>
    <dependency>
      <groupId>org.apache.hbase</groupId>
      <artifactId>hbase-client</artifactId>
    </dependency>
    <dependency>
      <groupId>org.apache.hbase</groupId>
      <artifactId>hbase-prefix-tree</artifactId>
      <scope>runtime</scope>
    </dependency>
    <dependency>
      <groupId>org.apache.hbase</groupId>
      <artifactId>hbase-common</artifactId>
      <type>test-jar</type>
      <scope>test</scope>
    </dependency>
    <dependency>
      <groupId>org.apache.hbase</groupId>
      <artifactId>hbase-annotations</artifactId>
      <type>test-jar</type>
      <scope>test</scope>
    </dependency>
    <dependency>
      <groupId>org.apache.hbase</groupId>
      <artifactId>hbase-procedure</artifactId>
      <type>test-jar</type>
      <scope>test</scope>
    </dependency>
    <dependency>
      <groupId>org.apache.hbase</groupId>
      <artifactId>hbase-metrics-api</artifactId>
    </dependency>
    <dependency>
      <groupId>org.apache.hbase</groupId>
      <artifactId>hbase-metrics</artifactId>
    </dependency>
    <!-- resource bundle only needed at build time -->
    <dependency>
       <groupId>org.apache.hbase</groupId>
       <artifactId>hbase-resource-bundle</artifactId>
       <version>${project.version}</version>
       <optional>true</optional>
    </dependency>
      <dependency>
        <groupId>commons-codec</groupId>
        <artifactId>commons-codec</artifactId>
      </dependency>
    <dependency>
      <groupId>commons-collections</groupId>
      <artifactId>commons-collections</artifactId>
    </dependency>
    <dependency>
      <groupId>org.apache.hbase</groupId>
      <artifactId>hbase-hadoop-compat</artifactId>
    </dependency>
    <dependency>
      <groupId>org.apache.hbase</groupId>
      <artifactId>hbase-hadoop-compat</artifactId>
      <type>test-jar</type>
      <scope>test</scope>
    </dependency>
    <dependency>
      <groupId>org.apache.hbase</groupId>
      <artifactId>${compat.module}</artifactId>
      <version>${project.version}</version>
    </dependency>
    <dependency>
      <groupId>org.apache.hbase</groupId>
      <artifactId>${compat.module}</artifactId>
      <version>${project.version}</version>
      <type>test-jar</type>
      <scope>test</scope>
    </dependency>
    <dependency>
      <groupId>org.eclipse.jetty</groupId>
      <artifactId>jetty-server</artifactId>
    </dependency>
    <dependency>
      <groupId>org.eclipse.jetty</groupId>
      <artifactId>jetty-servlet</artifactId>
    </dependency>
    <dependency>
      <groupId>org.eclipse.jetty</groupId>
      <artifactId>jetty-util</artifactId>
    </dependency>
    <dependency>
      <groupId>org.eclipse.jetty</groupId>
      <artifactId>jetty-util-ajax</artifactId>
    </dependency>
    <dependency>
      <groupId>org.eclipse.jetty</groupId>
      <artifactId>jetty-jsp</artifactId>
    </dependency>
    <dependency>
      <groupId>org.eclipse.jetty</groupId>
      <artifactId>jetty-webapp</artifactId>
    </dependency>
    <dependency>
      <groupId>org.glassfish.jersey.containers</groupId>
      <artifactId>jersey-container-servlet-core</artifactId>
    </dependency>
    <dependency>
      <groupId>org.glassfish.jersey.media</groupId>
      <artifactId>jersey-media-json-jackson1</artifactId>
    </dependency>
    <!-- General dependencies -->
    <dependency>
       <groupId>com.github.stephenc.findbugs</groupId>
       <artifactId>findbugs-annotations</artifactId>
       <optional>true</optional>
    </dependency>
    <dependency>
      <groupId>io.dropwizard.metrics</groupId>
      <artifactId>metrics-core</artifactId>
    </dependency>
    <dependency>
      <groupId>com.google.guava</groupId>
      <artifactId>guava</artifactId>
    </dependency>
    <dependency>
      <groupId>com.google.protobuf</groupId>
      <artifactId>protobuf-java</artifactId>
    </dependency>
    <dependency>
      <groupId>commons-cli</groupId>
      <artifactId>commons-cli</artifactId>
    </dependency>
    <dependency>
      <groupId>commons-io</groupId>
      <artifactId>commons-io</artifactId>
    </dependency>
    <dependency>
      <groupId>commons-lang</groupId>
      <artifactId>commons-lang</artifactId>
    </dependency>
    <dependency>
      <groupId>commons-logging</groupId>
      <artifactId>commons-logging</artifactId>
    </dependency>
    <dependency>
      <groupId>org.apache.commons</groupId>
      <artifactId>commons-math</artifactId>
    </dependency>
    <dependency>
      <groupId>log4j</groupId>
      <artifactId>log4j</artifactId>
    </dependency>
    <dependency>
      <groupId>org.apache.zookeeper</groupId>
      <artifactId>zookeeper</artifactId>
    </dependency>
    <dependency>
      <groupId>org.jamon</groupId>
      <artifactId>jamon-runtime</artifactId>
    </dependency>
    <dependency>
      <groupId>io.netty</groupId>
      <artifactId>netty-all</artifactId>
    </dependency>

    <!-- tracing Dependencies -->
    <dependency>
      <groupId>org.apache.htrace</groupId>
      <artifactId>htrace-core</artifactId>
    </dependency>
    <dependency>
      <groupId>com.lmax</groupId>
      <artifactId>disruptor</artifactId>
    </dependency>
    <!-- Test dependencies -->
    <dependency>
      <groupId>org.hamcrest</groupId>
      <artifactId>hamcrest-core</artifactId>
      <scope>test</scope>
    </dependency>
    <dependency>
      <groupId>org.apache.hadoop</groupId>
      <artifactId>hadoop-minikdc</artifactId>
      <scope>test</scope>
    </dependency>
    <dependency>
      <groupId>org.bouncycastle</groupId>
      <artifactId>bcprov-jdk16</artifactId>
      <scope>test</scope>
    </dependency>
    <dependency>
      <groupId>org.apache.kerby</groupId>
      <artifactId>kerb-client</artifactId>
      <scope>test</scope>
    </dependency>
    <dependency>
      <groupId>org.apache.kerby</groupId>
      <artifactId>kerb-simplekdc</artifactId>
      <scope>test</scope>
    </dependency>
    <dependency>
      <groupId>org.apache.httpcomponents</groupId>
      <artifactId>httpclient</artifactId>
      <!-- Overriden to get some SPNEGO classes only in newer version -->
      <version>4.5.2</version>
      <scope>test</scope>
    </dependency>
    <dependency>
      <groupId>org.apache.httpcomponents</groupId>
      <artifactId>httpcore</artifactId>
      <scope>test</scope>
    </dependency>
  </dependencies>
  <profiles>
    <!-- Needs to make the profile in apache parent pom -->
    <profile>
      <id>apache-release</id>
      <build>
        <plugins>
          <plugin>
            <groupId>org.apache.maven.plugins</groupId>
            <artifactId>maven-resources-plugin</artifactId>
            <executions>
              <execution>
                <id>license-javadocs</id>
                <phase>prepare-package</phase>
                <goals>
                  <goal>copy-resources</goal>
                </goals>
                <configuration>
                  <outputDirectory>${project.build.directory}/apidocs</outputDirectory>
                  <resources>
                    <resource>
                      <directory>src/main/javadoc/META-INF/</directory>
                      <targetPath>META-INF/</targetPath>
                      <includes>
                        <include>LICENSE</include>
                        <include>NOTICE</include>
                      </includes>
                      <filtering>true</filtering>
                    </resource>
                  </resources>
                </configuration>
              </execution>
            </executions>
          </plugin>
        </plugins>
      </build>
    </profile>
    <!-- Skip the tests in this module -->
    <profile>
      <id>skipServerTests</id>
      <activation>
        <property>
          <name>skipServerTests</name>
        </property>
      </activation>
      <properties>
        <surefire.skipFirstPart>true</surefire.skipFirstPart>
        <surefire.skipSecondPart>true</surefire.skipSecondPart>
      </properties>
    </profile>
    <!-- Special builds -->
    <profile>
      <id>native</id>
      <activation>
        <activeByDefault>false</activeByDefault>
      </activation>
      <build>
        <plugins>
          <plugin>
            <groupId>org.apache.maven.plugins</groupId>
            <artifactId>maven-antrun-plugin</artifactId>
            <executions>
              <execution>
                <id>make</id>
                <phase>compile</phase>
                <goals><goal>run</goal></goals>
                <configuration>
                  <target>
                    <mkdir dir="${project.build.directory}/native"/>
                    <exec executable="cmake" dir="${project.build.directory}/native" failonerror="true">
                      <arg line="${basedir}/src/main/native -DJVM_ARCH_DATA_MODEL=${sun.arch.data.model}"/>
                    </exec>
                    <exec executable="make" dir="${project.build.directory}/native" failonerror="true">
                      <arg line="VERBOSE=1"/>
                    </exec>
                  </target>
                </configuration>
              </execution>
            </executions>
          </plugin>
        </plugins>
      </build>
    </profile>
    <!-- Profiles for building against different hadoop versions -->
    <!-- There are a lot of common dependencies used here, should investigate
    if we can combine these profiles somehow -->

    <!-- profile for building against Hadoop 2.x.  This is the default.  -->
    <profile>
      <id>hadoop-2.0</id>
      <activation>
        <property>
            <!--Below formatting for dev-support/generate-hadoopX-poms.sh-->
            <!--h2--><name>!hadoop.profile</name>
        </property>
      </activation>
      <dependencies>
        <dependency>
          <groupId>org.apache.hadoop</groupId>
          <artifactId>hadoop-distcp</artifactId>
          <version>${hadoop-two.version}</version>
        </dependency>
        <dependency>
          <groupId>org.apache.hadoop</groupId>
          <artifactId>hadoop-common</artifactId>
        </dependency>
        <dependency>
          <groupId>org.apache.hadoop</groupId>
          <artifactId>hadoop-auth</artifactId>
        </dependency>
        <dependency>
          <groupId>org.apache.hadoop</groupId>
          <artifactId>hadoop-client</artifactId>
        </dependency>
        <dependency>
          <groupId>org.apache.hadoop</groupId>
          <artifactId>hadoop-mapreduce-client-core</artifactId>
        </dependency>
        <dependency>
          <groupId>org.apache.hadoop</groupId>
          <artifactId>hadoop-mapreduce-client-jobclient</artifactId>
          <type>test-jar</type>
          <scope>test</scope>
        </dependency>
        <dependency>
          <groupId>org.apache.hadoop</groupId>
          <artifactId>hadoop-hdfs</artifactId>
        </dependency>
        <dependency>
          <groupId>org.apache.hadoop</groupId>
          <artifactId>hadoop-hdfs</artifactId>
          <type>test-jar</type>
          <scope>test</scope>
        </dependency>
        <dependency>
          <groupId>org.apache.hadoop</groupId>
          <artifactId>hadoop-minicluster</artifactId>
          <scope>test</scope>
        </dependency>
        <!-- Hadoop needs Netty 3.x at test scope for the minicluster -->
        <dependency>
          <groupId>io.netty</groupId>
          <artifactId>netty</artifactId>
          <version>${netty.hadoop.version}</version>
          <scope>test</scope>
        </dependency>
      </dependencies>
      <build>
        <plugins>
          <plugin>
            <artifactId>maven-dependency-plugin</artifactId>
            <executions>
              <execution>
                <id>create-mrapp-generated-classpath</id>
                <phase>generate-test-resources</phase>
                <goals>
                  <goal>build-classpath</goal>
                </goals>
                <configuration>
                  <!-- needed to run the unit test for DS to generate
                  the required classpath that is required in the env
                  of the launch container in the mini mr/yarn cluster
                  -->
                  <outputFile>${project.build.directory}/test-classes/mrapp-generated-classpath</outputFile>
                </configuration>
              </execution>
            </executions>
          </plugin>
        </plugins>
      </build>
    </profile>
    <!--
      profile for building against Hadoop 3.0.x. Activate using:
       mvn -Dhadoop.profile=3.0
    -->
    <profile>
      <id>hadoop-3.0</id>
      <activation>
        <property>
          <name>hadoop.profile</name>
          <value>3.0</value>
        </property>
      </activation>
      <properties>
        <hadoop.version>${hadoop-three.version}</hadoop.version>
      </properties>
      <dependencies>
        <dependency>
          <groupId>org.apache.hadoop</groupId>
          <artifactId>hadoop-distcp</artifactId>
          <version>${hadoop-three.version}</version>
        </dependency>
        <dependency>
          <groupId>org.apache.hadoop</groupId>
          <artifactId>hadoop-common</artifactId>
        </dependency>
        <dependency>
          <groupId>org.apache.hadoop</groupId>
          <artifactId>hadoop-minicluster</artifactId>
        </dependency>
        <!-- Hadoop needs Netty 3.x at test scope for the minicluster -->
        <dependency>
          <groupId>io.netty</groupId>
          <artifactId>netty</artifactId>
          <version>3.6.2.Final</version>
          <scope>test</scope>
        </dependency>
      </dependencies>
      <build>
        <plugins>
          <plugin>
            <artifactId>maven-dependency-plugin</artifactId>
            <executions>
              <execution>
                <id>create-mrapp-generated-classpath</id>
                <phase>generate-test-resources</phase>
                <goals>
                  <goal>build-classpath</goal>
                </goals>
                <configuration>
                  <!-- needed to run the unit test for DS to generate
                  the required classpath that is required in the env
                  of the launch container in the mini mr/yarn cluster
                  -->
                  <outputFile>${project.build.directory}/test-classes/mrapp-generated-classpath</outputFile>
                </configuration>
              </execution>
            </executions>
          </plugin>
        </plugins>
      </build>
    </profile>
  </profiles>
</project>
