name;suspiciousness_value
org.neo4j.server.security.enterprise.auth$ShiroCaffeineCache:43;1.798515488714343E-20
org.neo4j.server.security.enterprise.auth$LdapRealm:111;5.025005492230827E-21
org.neo4j.server.security.enterprise.log$SecurityLog:47;2.8559794175676384E-30
org.neo4j.server.security.enterprise.auth$EnterpriseSecurityModule:73;2.5870743751596018E-30
org.neo4j.server.security.enterprise.auth$EnterpriseSecurityModule$SecurityConfig:333;2.5870743751596018E-30
org.neo4j.server.security.enterprise.auth$ShiroCaffeineCache$Manager:110;2.5870743751596018E-30
org.neo4j.server.security.enterprise.auth$SecureHasher:28;1.4896746391946512E-30
org.neo4j.server.security.enterprise.auth$ShiroAuthToken:41;1.1288569790184721E-30
org.neo4j.server.security.enterprise.auth$MultiRealmAuthManager:67;7.061381462210048E-31
org.neo4j.server.security.enterprise.auth$ShiroSubjectFactory:29;7.061381462210048E-31
org.neo4j.server.security.enterprise.auth$ShiroAuthenticationStrategy:30;7.061381462210048E-31
org.neo4j.server.security.enterprise.auth$InternalFlatFileRealm:96;0.0
org.neo4j.server.security.enterprise.auth$AbstractRoleRepository:43;0.0
org.neo4j.server.security.enterprise.auth$PredefinedRolesBuilder:35;0.0
org.neo4j.server.security.enterprise.auth$PredefinedRolesBuilder$1:77;0.0
org.neo4j.server.security.enterprise.auth$PersonalUserManager:43;0.0
org.neo4j.server.security.enterprise.auth$AuthProceduresBase:42;0.0
org.neo4j.server.security.enterprise.auth$UserManagementProcedures:34;0.0
org.neo4j.server.security.enterprise.auth$RoleRecord$Builder:123;0.0
org.neo4j.server.security.enterprise.auth$RoleRecord:42;0.0
org.neo4j.server.security.enterprise.auth$StandardEnterpriseSecurityContext:50;0.0
org.neo4j.server.security.enterprise.auth$ShiroSubject:35;0.0
org.neo4j.server.security.enterprise.auth$StandardEnterpriseSecurityContext$NeoShiroSubject:202;0.0
org.neo4j.server.security.enterprise.auth$FileRoleRepository:48;0.0
org.neo4j.server.security.enterprise.auth$RoleSerialization:33;0.0
org.neo4j.server.security.enterprise.auth$ShiroAuthenticationInfo:36;0.0
org.neo4j.server.security.enterprise.auth$StandardEnterpriseSecurityContext$StandardAccessMode:135;0.0
org.neo4j.server.security.enterprise.configuration$SecuritySettings:52;0.0
org.neo4j.server.security.enterprise.auth$AuthProceduresBase$StringResult:110;0.0
org.neo4j.server.security.enterprise.auth$RoleRepository:105;0.0
org.neo4j.server.security.enterprise.auth$SecurityProcedures:36;0.0
org.neo4j.server.security.enterprise.auth$EnterpriseUserManager$1:80;0.0
org.neo4j.server.security.enterprise.auth$AuthProceduresBase$UserResult:145;0.0
org.neo4j.server.security.enterprise.auth.plugin$PluginRealm:72;0.0
org.neo4j.server.security.enterprise.auth.plugin$PluginRealm$PluginRealmOperations:392;0.0
org.neo4j.server.security.enterprise.auth.plugin$PluginRealm$PluginRealmOperations$1:398;0.0
org.neo4j.server.security.enterprise.auth.plugin$PluginRealm$CredentialsMatcher:350;0.0
org.neo4j.server.security.enterprise.auth.plugin$PluginApiAuthToken:38;0.0
org.neo4j.server.security.enterprise.auth.plugin$PluginAuthInfo:44;0.0
org.neo4j.server.security.enterprise.auth.plugin$PluginAuthenticationInfo:39;0.0
org.neo4j.server.security.enterprise.auth.plugin$PluginShiroAuthToken:37;0.0
org.neo4j.server.security.enterprise.auth.plugin$PluginAuthorizationInfo:33;0.0
org.neo4j.server.security.enterprise.auth$AuthProceduresBase$RoleResult:165;0.0
