name;suspiciousness_value
org.neo4j.server.security.enterprise.auth$ShiroCaffeineCache:43;0.13245323570650439
org.neo4j.server.security.enterprise.auth$LdapRealm:111;0.125
org.neo4j.server.security.enterprise.log$SecurityLog:47;0.04751143381455799
org.neo4j.server.security.enterprise.auth$EnterpriseSecurityModule:73;0.047298376984040214
org.neo4j.server.security.enterprise.auth$EnterpriseSecurityModule$SecurityConfig:333;0.047298376984040214
org.neo4j.server.security.enterprise.auth$ShiroCaffeineCache$Manager:110;0.047298376984040214
org.neo4j.server.security.enterprise.auth$SecureHasher:28;0.04612656040144425
org.neo4j.server.security.enterprise.auth$ShiroAuthToken:41;0.04554875186742769
org.neo4j.server.security.enterprise.auth$MultiRealmAuthManager:67;0.04458779620677098
org.neo4j.server.security.enterprise.auth$ShiroSubjectFactory:29;0.04458779620677098
org.neo4j.server.security.enterprise.auth$ShiroAuthenticationStrategy:30;0.04458779620677098
org.neo4j.server.security.enterprise.auth$InternalFlatFileRealm:96;0.0
org.neo4j.server.security.enterprise.auth$AbstractRoleRepository:43;0.0
org.neo4j.server.security.enterprise.auth$PredefinedRolesBuilder:35;0.0
org.neo4j.server.security.enterprise.auth$PredefinedRolesBuilder$1:77;0.0
org.neo4j.server.security.enterprise.auth$PersonalUserManager:43;0.0
org.neo4j.server.security.enterprise.auth$AuthProceduresBase:42;0.0
org.neo4j.server.security.enterprise.auth$UserManagementProcedures:34;0.0
org.neo4j.server.security.enterprise.auth$RoleRecord$Builder:123;0.0
org.neo4j.server.security.enterprise.auth$RoleRecord:42;0.0
org.neo4j.server.security.enterprise.auth$StandardEnterpriseSecurityContext:50;0.0
org.neo4j.server.security.enterprise.auth$ShiroSubject:35;0.0
org.neo4j.server.security.enterprise.auth$StandardEnterpriseSecurityContext$NeoShiroSubject:202;0.0
org.neo4j.server.security.enterprise.auth$FileRoleRepository:48;0.0
org.neo4j.server.security.enterprise.auth$RoleSerialization:33;0.0
org.neo4j.server.security.enterprise.auth$ShiroAuthenticationInfo:36;0.0
org.neo4j.server.security.enterprise.auth$StandardEnterpriseSecurityContext$StandardAccessMode:135;0.0
org.neo4j.server.security.enterprise.configuration$SecuritySettings:52;0.0
org.neo4j.server.security.enterprise.auth$AuthProceduresBase$StringResult:110;0.0
org.neo4j.server.security.enterprise.auth$RoleRepository:105;0.0
org.neo4j.server.security.enterprise.auth$SecurityProcedures:36;0.0
org.neo4j.server.security.enterprise.auth$EnterpriseUserManager$1:80;0.0
org.neo4j.server.security.enterprise.auth$AuthProceduresBase$UserResult:145;0.0
org.neo4j.server.security.enterprise.auth.plugin$PluginRealm:72;0.0
org.neo4j.server.security.enterprise.auth.plugin$PluginRealm$PluginRealmOperations:392;0.0
org.neo4j.server.security.enterprise.auth.plugin$PluginRealm$PluginRealmOperations$1:398;0.0
org.neo4j.server.security.enterprise.auth.plugin$PluginRealm$CredentialsMatcher:350;0.0
org.neo4j.server.security.enterprise.auth.plugin$PluginApiAuthToken:38;0.0
org.neo4j.server.security.enterprise.auth.plugin$PluginAuthInfo:44;0.0
org.neo4j.server.security.enterprise.auth.plugin$PluginAuthenticationInfo:39;0.0
org.neo4j.server.security.enterprise.auth.plugin$PluginShiroAuthToken:37;0.0
org.neo4j.server.security.enterprise.auth.plugin$PluginAuthorizationInfo:33;0.0
org.neo4j.server.security.enterprise.auth$AuthProceduresBase$RoleResult:165;0.0
