name;suspiciousness_value
org.apache.hadoop.hbase.client$AsyncHBaseAdmin$4:1736;1.0
org.apache.hadoop.hbase.client$AsyncHBaseAdmin:216;0.9128709291752769
org.apache.hadoop.hbase.client$AsyncRpcRetryingCallerFactory$MasterRequestCallerBuilder:325;0.9128709291752769
org.apache.hadoop.hbase.client$AsyncMasterRequestRpcRetryingCaller:44;0.9128709291752769
org.apache.hadoop.hbase.client$AsyncHBaseAdmin$1:268;0.9128709291752769
org.apache.hadoop.hbase.client$SnapshotDescription:36;0.6324555320336759
org.apache.hadoop.hbase.errorhandling$ForeignException:58;0.6324555320336759
org.apache.hadoop.hbase.client$AsyncConnection:63;0.5
org.apache.hadoop.hbase.client$AsyncConnectionImpl$3:263;0.5
org.apache.hadoop.hbase.snapshot$SnapshotReferenceUtil$1:176;0.4879500364742666
org.apache.hadoop.hbase.master.snapshot$EnabledTableSnapshotHandler:54;0.4662524041201569
org.apache.hadoop.hbase.regionserver.snapshot$RegionServerSnapshotManager$SnapshotSubprocedurePool:277;0.4662524041201569
org.apache.hadoop.hbase.regionserver.snapshot$FlushSnapshotSubprocedure:58;0.4662524041201569
org.apache.hadoop.hbase.regionserver.snapshot$FlushSnapshotSubprocedure$RegionSnapshotTask:73;0.4662524041201569
org.apache.hadoop.hbase.client$AsyncHBaseAdmin$ProcedureBiConsumer:2183;0.4472135954999579
org.apache.hadoop.hbase.client$AsyncHBaseAdmin$TableProcedureBiConsumer:2204;0.4472135954999579
org.apache.hadoop.hbase.client$AsyncHBaseAdmin$DisableTableProcedureBiConsumer:2304;0.4472135954999579
org.apache.hadoop.hbase.client$AsyncHBaseAdmin$EnableTableProcedureBiConsumer:2293;0.4472135954999579
org.apache.hadoop.hbase.snapshot$SnapshotManifestV2$ManifestBuilder:74;0.4225771273642583
org.apache.hadoop.hbase.snapshot$SnapshotManifestV2$1:135;0.4225771273642583
org.apache.hadoop.hbase.snapshot$SnapshotManifestV2$2:147;0.4225771273642583
org.apache.hadoop.hbase.master.snapshot$TakeSnapshotHandler:100;0.41522739926869984
org.apache.hadoop.hbase.master$MetricsSnapshot:27;0.41522739926869984
org.apache.hadoop.hbase.snapshot$SnapshotManifest:89;0.41522739926869984
org.apache.hadoop.hbase.master.snapshot$MasterSnapshotVerifier:92;0.41522739926869984
org.apache.hadoop.hbase.master.locking$LockProcedure$TableExclusiveLock:435;0.41522739926869984
org.apache.hadoop.hbase.util$FSUtils$RegionDirFilter:1503;0.41522739926869984
org.apache.hadoop.hbase.snapshot$SnapshotReferenceUtil$2:218;0.41522739926869984
org.apache.hadoop.hbase.snapshot$SnapshotDescriptionUtils$CompletedSnaphotDirectoriesFilter:96;0.3952847075210474
org.apache.hadoop.hbase.snapshot$RestoreSnapshotHelper:143;0.3872983346207417
org.apache.hadoop.hbase.io$FileLink:325;0.3834824944236852
org.apache.hadoop.hbase.io$HFileLink:103;0.3834824944236852
org.apache.hadoop.hbase.client$HBaseAdmin$64:2880;0.3651483716701107
org.apache.hadoop.hbase.procedure$Procedure:126;0.34099716973523675
org.apache.hadoop.hbase.errorhandling$TimeoutExceptionInjector:52;0.34099716973523675
org.apache.hadoop.hbase.procedure$Subprocedure:89;0.34099716973523675
org.apache.hadoop.hbase.master.procedure$CloneSnapshotProcedure$1:378;0.3380617018914066
org.apache.hadoop.hbase.errorhandling$ForeignExceptionDispatcher:48;0.3194382824999699
org.apache.hadoop.hbase.client$HBaseAdmin$2:344;0.3194382824999699
org.apache.hadoop.hbase.client$AsyncConnectionImpl$1:191;0.31622776601683794
org.apache.hadoop.hbase.client$AsyncConnectionImpl$2:234;0.31622776601683794
org.apache.hadoop.hbase.snapshot$RestoreSnapshotHelper$RestoreMetaChanges:274;0.26967994498529685
org.apache.hadoop.hbase.client$HBaseAdmin:254;0.2672612419124244
org.apache.hadoop.hbase.regionserver$HRegion$PrepareFlushResult:524;0.26666666666666666
org.apache.hadoop.hbase$DaemonThreadFactory:32;0.25993762245501817
org.apache.hadoop.hbase.master$HMaster$14:2324;0.2581988897471611
org.apache.hadoop.hbase.client$RetryingCallerInterceptorFactory:45;0.2548235957188128
org.apache.hadoop.hbase.client$ConnectionImplementation:220;0.2548235957188128
org.apache.hadoop.hbase.client$ConnectionImplementation$MasterServiceState:994;0.2548235957188128
org.apache.hadoop.hbase.client.backoff$ClientBackoffPolicyFactory$NoBackoffPolicy:50;0.2548235957188128
org.apache.hadoop.hbase.client$MetaCache:65;0.2548235957188128
org.apache.hadoop.hbase.client$ZooKeeperRegistry:39;0.2548235957188128
org.apache.hadoop.hbase.client$ZooKeeperKeepAliveConnection:43;0.2548235957188128
org.apache.hadoop.hbase.client$AsyncTableBuilderBase:51;0.2515773027133138
org.apache.hadoop.hbase.client$RawAsyncTableImpl:94;0.2515773027133138
org.apache.hadoop.hbase.procedure$ZKProcedureMemberRpcs$1:73;0.25
org.apache.hadoop.hbase.client$AsyncRpcRetryingCallerFactory$BuilderBase:54;0.25
org.apache.hadoop.hbase.client$AsyncRpcRetryingCaller:73;0.25
org.apache.hadoop.hbase.procedure$ZKProcedureCoordinator$1:194;0.24845199749997662
org.apache.hadoop.hbase.client$RpcRetryingCallable:30;0.2439750182371333
org.apache.hadoop.hbase.regionserver$HStore$2:886;0.23312620206007845
org.apache.hadoop.hbase.client$HBaseAdmin$7:568;0.2171861213815347
org.apache.hadoop.hbase.master$HMaster$5:2019;0.2171861213815347
org.apache.hadoop.hbase.client$HBaseAdmin$DeleteTableFuture:580;0.2171861213815347
org.apache.hadoop.hbase.master.procedure$ProcedureSyncWait$3:171;0.2171861213815347
org.apache.hadoop.hbase.util$FSUtils$DirFilter:1406;0.2171861213815347
org.apache.hadoop.hbase.backup$HFileArchiver$2:134;0.2171861213815347
org.apache.hadoop.hbase.backup$HFileArchiver$FileStatusConverter:508;0.21616885058355848
org.apache.hadoop.hbase.backup$HFileArchiver$FileablePath:612;0.21616885058355848
org.apache.hadoop.hbase.ipc$ServerRpcConnection:148;0.21320071635561041
org.apache.hadoop.hbase.ipc$SimpleServerRpcConnection:77;0.21320071635561041
org.apache.hadoop.hbase.master.procedure$ProcedureSyncWait$2:154;0.21128856368212914
org.apache.hadoop.hbase.client$HBaseAdmin$10:775;0.20761369963434992
org.apache.hadoop.hbase.master$HMaster$11:2221;0.20761369963434992
org.apache.hadoop.hbase.client$HBaseAdmin$DisableTableFuture:789;0.20761369963434992
org.apache.hadoop.hbase.master.procedure$DisableTableProcedure$BulkDisabler:443;0.20761369963434992
org.apache.hadoop.hbase.master.procedure$DisableTableProcedure$BulkDisabler$1:463;0.20761369963434992
org.apache.hadoop.hbase.backup$HFileArchiver$FileConverter:498;0.2041241452319315
org.apache.hadoop.hbase.backup$HFileArchiver$File:538;0.2041241452319315
org.apache.hadoop.hbase.client$RawAsyncTableImpl$1:142;0.2
org.apache.hadoop.hbase.client$SnapshotType:25;0.2
org.apache.hadoop.hbase.snapshot$RestoreSnapshotHelper$2:425;0.2
org.apache.hadoop.hbase.util$FSUtils$BlackListDirFilter:1373;0.18966081045272037
org.apache.hadoop.hbase.io.hfile$NoOpDataBlockEncoder$NoneEncodingState:41;0.18831089428867737
org.apache.hadoop.hbase.regionserver.handler$CloseRegionHandler:67;0.18764665626020038
org.apache.hadoop.hbase.regionserver$HStore$StoreFlusherImpl:2161;0.18764665626020038
org.apache.hadoop.hbase.regionserver$MemStoreSnapshot:38;0.18764665626020038
org.apache.hadoop.hbase.regionserver.querymatcher$MinorCompactionScanQueryMatcher:35;0.18764665626020038
org.apache.hadoop.hbase.regionserver$HRegion$FlushResultImpl:447;0.18764665626020038
org.apache.hadoop.hbase.util$AbstractFileStatusFilter:38;0.18633899812498247
org.apache.hadoop.hbase.regionserver.querymatcher$CompactionScanQueryMatcher:49;0.18569533817705186
org.apache.hadoop.hbase.regionserver$StoreFileWriter$Builder:380;0.18569533817705186
org.apache.hadoop.hbase.io.hfile$HFile$WriterFactory:258;0.18569533817705186
org.apache.hadoop.hbase.io.hfile$HFileWriterImpl:168;0.18569533817705186
org.apache.hadoop.hbase.io.hfile$HFileBlock$Writer:911;0.18569533817705186
org.apache.hadoop.hbase.io.hfile$HFileBlockIndex$BlockIndexWriter:1014;0.18569533817705186
org.apache.hadoop.hbase.io.hfile$HFileBlockIndex$BlockIndexChunk:1402;0.18569533817705186
org.apache.hadoop.hbase.io.hfile$CompoundBloomFilterWriter:101;0.18569533817705186
org.apache.hadoop.hbase.util$BloomContext:37;0.18569533817705186
org.apache.hadoop.hbase.util$RowBloomContext:36;0.18569533817705186
org.apache.hadoop.hbase.io.hfile$HFile$FileInfo:637;0.1850583025494013
org.apache.hadoop.hbase.io.hfile$CompoundBloomFilterBase:28;0.1850583025494013
org.apache.hadoop.hbase.io.hfile$FixedFileTrailer:123;0.1850583025494013
org.apache.hadoop.hbase.regionserver$StoreFileInfo:111;0.1850583025494013
org.apache.hadoop.hbase.regionserver$StoreFileReader:82;0.1850583025494013
org.apache.hadoop.hbase.io.hfile$HFileBlock$FSReaderImpl:1449;0.1850583025494013
org.apache.hadoop.hbase.io.hfile$HFileBlockIndex$BlockIndexReader:522;0.1850583025494013
org.apache.hadoop.hbase.io.hfile$HFileBlockIndex$CellBasedKeyBlockIndexReader:248;0.1850583025494013
org.apache.hadoop.hbase.io.hfile$HFileBlock$FSReaderImpl$1:1483;0.1850583025494013
org.apache.hadoop.hbase.io.hfile$HFileBlock$PrefetchedHeader:1402;0.18442777839082938
org.apache.hadoop.hbase.regionserver$VersionedSegmentsList:41;0.18257418583505536
org.apache.hadoop.hbase.snapshot$RestoreSnapshotHelper$4:594;0.18257418583505536
org.apache.hadoop.hbase.client$AsyncProcessTask$ListRowAccess:210;0.17622684421256035
org.apache.hadoop.hbase.regionserver$HRegion$2:1666;0.17303213505149567
org.apache.hadoop.hbase.wal$WALSplitter$2:707;0.17303213505149567
org.apache.hadoop.hbase.client$Delete:83;0.17303213505149567
org.apache.hadoop.hbase.util$IdLock:43;0.17200522903844534
org.apache.hadoop.hbase.client$ResultScanner:39;0.17000510022951149
org.apache.hadoop.hbase.client$ResultScanner$1:49;0.17000510022951149
org.apache.hadoop.hbase.client$HBaseAdmin$63:2814;0.16609095970747995
org.apache.hadoop.hbase.master.snapshot$DisabledTableSnapshotHandler:60;0.15811388300841897
org.apache.hadoop.hbase.master.snapshot$DisabledTableSnapshotHandler$1:104;0.15811388300841897
org.apache.hadoop.hbase.util$ModifyRegionUtils$2:200;0.15811388300841897
org.apache.hadoop.hbase.client$RegionLocateType:31;0.15811388300841897
org.apache.hadoop.hbase$HDFSBlocksDistribution$HostAndWeight:62;0.15144563320384566
org.apache.hadoop.hbase.regionserver$RSRpcServices$RegionScannersCloseCallBack:323;0.14907119849998599
org.apache.hadoop.hbase.client$ZKAsyncRegistry:68;0.14907119849998599
org.apache.hadoop.hbase.client$AsyncConnectionImpl:103;0.14907119849998599
org.apache.hadoop.hbase.client$AsyncConnectionConfiguration:91;0.14907119849998599
org.apache.hadoop.hbase.client$AsyncRegionLocator:56;0.14907119849998599
org.apache.hadoop.hbase.client$AsyncMetaRegionLocator:44;0.14907119849998599
org.apache.hadoop.hbase.client$AsyncNonMetaRegionLocator:125;0.14907119849998599
org.apache.hadoop.hbase.client$AsyncRpcRetryingCallerFactory:49;0.14907119849998599
org.apache.hadoop.hbase.master.balancer$BaseLoadBalancer$Cluster$Action:481;0.13633547078730296
org.apache.hadoop.hbase$HDFSBlocksDistribution$HostAndWeight$WeightComparator:92;0.13633547078730296
org.apache.hadoop.hbase.master.balancer$BaseLoadBalancer$Cluster$AssignRegionAction:492;0.13633547078730296
org.apache.hadoop.hbase.master$GeneralBulkAssigner:56;0.1350858067395748
org.apache.hadoop.hbase.master$GeneralBulkAssigner$SingleServerBulkAssigner:192;0.1350858067395748
org.apache.hadoop.hbase.regionserver$HStore$1:529;0.13483997249264842
org.apache.hadoop.hbase.client$ReversedClientScanner:52;0.13411044519645504
org.apache.hadoop.hbase.client$ReversedScannerCallable:57;0.13411044519645504
org.apache.hadoop.hbase.master$BulkAssigner:45;0.1315334104411641
org.apache.hadoop.hbase.regionserver$IncreasingToUpperBoundRegionSplitPolicy:45;0.1297498240269205
org.apache.hadoop.hbase.regionserver$SteppingSplitPolicy:20;0.1297498240269205
org.apache.hadoop.hbase.client$HBaseAdmin$6:518;0.1297498240269205
org.apache.hadoop.hbase.master$HMaster$3:1657;0.1297498240269205
org.apache.hadoop.hbase.client$HBaseAdmin$CreateTableFuture:533;0.1297498240269205
org.apache.hadoop.hbase.master.procedure$ProcedureSyncWait$4:186;0.12953194003770996
org.apache.hadoop.hbase.master.procedure$MasterProcedureScheduler$TableQueue:529;0.12888481555661677
org.apache.hadoop.hbase.master.procedure$CreateTableProcedure$1:286;0.12888481555661677
org.apache.hadoop.hbase.util$ModifyRegionUtils$3:234;0.12888481555661677
org.apache.hadoop.hbase.util$ModifyRegionUtils$1:137;0.12888481555661677
org.apache.hadoop.hbase.regionserver$HRegion$RegionScannerImpl:5793;0.12867125316374467
org.apache.hadoop.hbase.master.procedure$ProcedureSyncWait$1:142;0.12867125316374467
org.apache.hadoop.hbase.regionserver$ReversedRegionScannerImpl:47;0.12867125316374467
org.apache.hadoop.hbase.regionserver$ReversedStoreScanner:52;0.12867125316374467
org.apache.hadoop.hbase.regionserver$ReversedKeyValueHeap:47;0.12867125316374467
org.apache.hadoop.hbase.regionserver$ReversedKeyValueHeap$ReversedKVScannerComparator:166;0.12867125316374467
org.apache.hadoop.hbase.master.procedure$MasterProcedureUtil$NonceProcedureRunnable:75;0.12845874888467698
org.apache.hadoop.hbase.client$HBaseAdmin$TableFuture:3531;0.12845874888467698
org.apache.hadoop.hbase.client$ImmutableHTableDescriptor:39;0.12845874888467698
org.apache.hadoop.hbase.client$ImmutableHTableDescriptor$UnmodifyableTableDescriptor:46;0.12845874888467698
org.apache.hadoop.hbase.client$HBaseAdmin$ProcedureFuture$2:3436;0.12845874888467698
org.apache.hadoop.hbase.client$HBaseAdmin$ProcedureFuture:3283;0.12824729401064427
org.apache.hadoop.hbase.master$RegionPlan:69;0.1278274981412284
org.apache.hadoop.hbase.regionserver.handler$OpenRegionHandler:57;0.12598815766974242
org.apache.hadoop.hbase.regionserver$CompactingMemStore:93;0.1253924656438798
org.apache.hadoop.hbase.regionserver$CompactionPipeline:70;0.1253924656438798
org.apache.hadoop.hbase.regionserver$MemStoreCompactor:93;0.1253924656438798
org.apache.hadoop.hbase.regionserver$FlushNonSloppyStoresFirstPolicy:33;0.1253924656438798
org.apache.hadoop.hbase.client$BufferedMutatorParams:51;0.1253924656438798
org.apache.hadoop.hbase.client$BufferedMutatorImpl:92;0.1253924656438798
org.apache.hadoop.hbase.client$BatchErrors:29;0.1253924656438798
org.apache.hadoop.hbase.client$BufferedMutatorImpl$QueueRowAccess:356;0.1253924656438798
org.apache.hadoop.hbase.client$AsyncProcessTask:145;0.1253924656438798
org.apache.hadoop.hbase.client$AsyncProcessTask$Builder:69;0.1253924656438798
org.apache.hadoop.hbase.client$BufferedMutatorImpl$1:299;0.1253924656438798
org.apache.hadoop.hbase.client$SimpleRequestController$TaskCountChecker:387;0.1253924656438798
org.apache.hadoop.hbase.client$SimpleRequestController$RequestHeapSizeChecker:523;0.1253924656438798
org.apache.hadoop.hbase.client$SimpleRequestController$SubmittedSizeChecker:340;0.1253924656438798
org.apache.hadoop.hbase.client$SimpleRequestController$RequestRowsChecker:484;0.1253924656438798
org.apache.hadoop.hbase.client$SimpleRequestController$1:181;0.1253924656438798
org.apache.hadoop.hbase.client$BufferedMutatorImpl$QueueRowAccess$1:372;0.1253924656438798
org.apache.hadoop.hbase.client$Action:36;0.1253924656438798
org.apache.hadoop.hbase.client$MultiAction:46;0.1253924656438798
org.apache.hadoop.hbase.client$AsyncRequestFutureImpl:324;0.1253924656438798
org.apache.hadoop.hbase.client$ConnectionImplementation$ServerErrorTracker:1037;0.1253924656438798
org.apache.hadoop.hbase.client$AsyncRequestFutureImpl$SingleServerRequestRunnable:192;0.1253924656438798
org.apache.hadoop.hbase.client$CancellableRegionServerCallable:44;0.1253924656438798
org.apache.hadoop.hbase.client$MultiServerCallable:59;0.1253924656438798
org.apache.hadoop.hbase.io.hfile$CacheConfig:236;0.12519577145903357
org.apache.hadoop.hbase.client$TableDescriptorBuilder:281;0.12519577145903357
org.apache.hadoop.hbase.client$TableDescriptorBuilder$ModifyableTableDescriptor:469;0.12519577145903357
org.apache.hadoop.hbase.regionserver$MemStoreLAB:87;0.12519577145903357
org.apache.hadoop.hbase.regionserver$HRegion$3:1787;0.12519577145903357
org.apache.hadoop.hbase.regionserver$HRegion$1:1002;0.12519577145903357
org.apache.hadoop.hbase.regionserver$HStore:208;0.12519577145903357
org.apache.hadoop.hbase.regionserver$ScanInfo:68;0.12519577145903357
org.apache.hadoop.hbase.io.hfile$HFileDataBlockEncoderImpl:45;0.12519577145903357
org.apache.hadoop.hbase.regionserver$AbstractMemStore:77;0.12519577145903357
org.apache.hadoop.hbase.regionserver$CellSet:50;0.12519577145903357
org.apache.hadoop.hbase.regionserver$MutableSegment:44;0.12519577145903357
org.apache.hadoop.hbase.regionserver$TimeRangeTracker:58;0.12519577145903357
org.apache.hadoop.hbase.regionserver$StoreEngine:39;0.12519577145903357
org.apache.hadoop.hbase.regionserver$DefaultStoreEngine:42;0.12519577145903357
org.apache.hadoop.hbase.regionserver.compactions$Compactor:91;0.12519577145903357
org.apache.hadoop.hbase.regionserver.compactions$DefaultCompactor:48;0.12519577145903357
org.apache.hadoop.hbase.regionserver.compactions$CompactionPolicy:39;0.12519577145903357
org.apache.hadoop.hbase.regionserver.compactions$SortedCompactionPolicy:41;0.12519577145903357
org.apache.hadoop.hbase.regionserver.compactions$RatioBasedCompactionPolicy:49;0.12519577145903357
org.apache.hadoop.hbase.regionserver.compactions$ExploringCompactionPolicy:50;0.12519577145903357
org.apache.hadoop.hbase.regionserver.compactions$CompactionConfiguration:113;0.12519577145903357
org.apache.hadoop.hbase.regionserver$StoreFlusher:47;0.12519577145903357
org.apache.hadoop.hbase.regionserver$DefaultStoreFlusher:43;0.12519577145903357
org.apache.hadoop.hbase.regionserver$DefaultStoreFileManager:68;0.12519577145903357
org.apache.hadoop.hbase.regionserver$RegionSplitPolicy:40;0.12519577145903357
org.apache.hadoop.hbase.regionserver$ConstantSizeRegionSplitPolicy:40;0.12519577145903357
org.apache.hadoop.hbase.regionserver$FlushPolicy:29;0.12519577145903357
org.apache.hadoop.hbase.regionserver$FlushLargeStoresPolicy:30;0.12519577145903357
org.apache.hadoop.hbase.coprocessor$CoprocessorHost:90;0.12519577145903357
org.apache.hadoop.hbase.util$SortedList:61;0.12519577145903357
org.apache.hadoop.hbase.coprocessor$CoprocessorHost$EnvironmentPriorityComparator:391;0.12519577145903357
org.apache.hadoop.hbase.executor$EventHandler:76;0.12519577145903357
org.apache.hadoop.hbase.regionserver$RegionCoprocessorHost:210;0.12519577145903357
org.apache.hadoop.hbase.regionserver$MetricsRegionWrapperImpl:58;0.12519577145903357
org.apache.hadoop.hbase.regionserver$MetricsRegionWrapperImpl$HRegionMetricsWrapperRunnable:190;0.12519577145903357
org.apache.hadoop.hbase.regionserver$MetricsRegion:34;0.12519577145903357
org.apache.hadoop.hbase.regionserver.handler$OpenRegionHandler$PostOpenDeployTasksThread:234;0.12519577145903357
org.apache.hadoop.hbase.regionserver$RegionServerServices$PostOpenDeployContext:98;0.12519577145903357
org.apache.hadoop.hbase.regionserver$RegionServerServices$RegionStateTransitionContext:140;0.12519577145903357
org.apache.hadoop.hbase.util$FSTableDescriptors$2:503;0.125
org.apache.hadoop.hbase.regionserver$HRegion:679;0.125
org.apache.hadoop.hbase.regionserver$HRegion$WriteState:386;0.125
org.apache.hadoop.hbase.regionserver$MultiVersionConcurrencyControl:60;0.125
org.apache.hadoop.hbase.regionserver$HRegionFileSystem:106;0.125
org.apache.hadoop.hbase.regionserver$RegionServicesForStores:54;0.125
org.apache.hadoop.hbase.regionserver$RegionUnassigner:41;0.125
org.apache.hadoop.hbase.regionserver.wal$SyncFuture:47;0.125
org.apache.hadoop.hbase.monitoring$MonitoredTaskImpl:41;0.12480514407482947
org.apache.hadoop.hbase.monitoring$TaskMonitor$PassthroughInvocationHandler:211;0.12480514407482947
org.apache.hadoop.hbase.monitoring$TaskMonitor$TaskAndWeakRefPair:190;0.12480514407482947
org.apache.hadoop.hbase.client$ConnectionConfiguration:56;0.12480514407482947
org.apache.hadoop.hbase.client$AsyncProcess:172;0.12480514407482947
org.apache.hadoop.hbase.client$SimpleRequestController:131;0.12480514407482947
org.apache.hadoop.hbase.client$AbstractResponse:27;0.12461119656980671
org.apache.hadoop.hbase.client$MultiResponse:47;0.12461119656980671
org.apache.hadoop.hbase.client$MultiResponse$RegionResult:109;0.12461119656980671
org.apache.hadoop.hbase.fs$HFileSystem$1:374;0.12441815044835987
org.apache.hadoop.hbase.client$MasterCallable:49;0.1234661995811987
org.apache.hadoop.hbase.regionserver$HRegion$BatchOperation:2930;0.12309149097933272
org.apache.hadoop.hbase.regionserver$HRegion$MutationBatch:2954;0.12309149097933272
org.apache.hadoop.hbase.regionserver$HRegion$ObservedExceptionsInBatch:561;0.12309149097933272
org.apache.hadoop.hbase.client$Put:59;0.12290541152149845
org.apache.hadoop.hbase.regionserver$MiniBatchOperationInProgress:43;0.122720173418454
org.apache.hadoop.hbase.client$ClientSimpleScanner:43;0.122720173418454
org.apache.hadoop.hbase.client$Result$1:637;0.122720173418454
org.apache.hadoop.hbase.regionserver$MultiVersionConcurrencyControl$WriteEntry:266;0.12216944435630524
org.apache.hadoop.hbase.regionserver.wal$FSWALEntry:64;0.12216944435630524
org.apache.hadoop.hbase.util$HashedBytes:37;0.12216944435630524
org.apache.hadoop.hbase.regionserver$HRegion$RowLockContext:5438;0.12216944435630524
org.apache.hadoop.hbase.regionserver$HRegion$RowLockImpl:5497;0.12216944435630524
org.apache.hadoop.hbase.client$TableState:104;0.12198750911856665
org.apache.hadoop.hbase.regionserver.wal$WALEdit:76;0.12144654188931507
org.apache.hadoop.hbase.client$HTable$1:411;0.1210898699241207
org.apache.hadoop.hbase.client$Mutation:60;0.12091270835166862
org.apache.hadoop.hbase.master.procedure$DisableTableProcedure$MarkRegionOfflineOpResult:59;0.11952286093343936
org.apache.hadoop.hbase.regionserver$MemstoreSize:37;0.11935247900657214
org.apache.hadoop.hbase.coprocessor$ObserverContext:48;0.11901388973144478
org.apache.hadoop.hbase.regionserver$RegionCoprocessorHost$CoprocessorOperation:1632;0.11901388973144478
org.apache.hadoop.hbase.regionserver$RegionCoprocessorHost$RegionOperation:1646;0.11901388973144478
org.apache.hadoop.hbase.regionserver$RegionCoprocessorHost$RegionOperationWithResult:1667;0.11901388973144478
org.apache.hadoop.hbase.regionserver.querymatcher$ExplicitColumnTracker:77;0.11901388973144478
org.apache.hadoop.hbase.regionserver.querymatcher$ColumnCount:40;0.11901388973144478
org.apache.hadoop.hbase.client$Get:87;0.11817986481176636
org.apache.hadoop.hbase.client$AbstractClientScanner:27;0.11768778828946262
org.apache.hadoop.hbase.client$ClientScanner:102;0.11768778828946262
org.apache.hadoop.hbase.client$ScannerCallableWithReplicas:78;0.11768778828946262
org.apache.hadoop.hbase.client$ScannerCallable:106;0.11768778828946262
org.apache.hadoop.hbase.client$ResultBoundedCompletionService:161;0.11768778828946262
org.apache.hadoop.hbase.client$ScannerCallableWithReplicas$RetryingRPC:340;0.11768778828946262
org.apache.hadoop.hbase.client$ResultBoundedCompletionService$QueueingFuture:68;0.11768778828946262
org.apache.hadoop.hbase.client$CompleteScanResultCache:32;0.11656310103003922
org.apache.hadoop.hbase.master.balancer$RegionLocationFinder$1:81;0.11547005383792514
org.apache.hadoop.hbase.master.balancer$RegionLocationFinder$1$1:84;0.11547005383792514
org.apache.hadoop.hbase$HDFSBlocksDistribution:106;0.11531640100361062
org.apache.hadoop.hbase.client$TableBuilderBase:41;0.11531640100361062
org.apache.hadoop.hbase.client$ConnectionImplementation$2:347;0.11531640100361062
org.apache.hadoop.hbase.client$HTable:166;0.11531640100361062
org.apache.hadoop.hbase.client$HRegionLocator:52;0.11531640100361062
org.apache.hadoop.hbase.client$RegionServerCallable:79;0.11531640100361062
org.apache.hadoop.hbase.client$ClientServiceCallable:38;0.11531640100361062
org.apache.hadoop.hbase.client$RetryingTimeTracker:24;0.11381286340149635
org.apache.hadoop.hbase.util$JvmPauseMonitor$GcTimes:122;0.11236664374387369
org.apache.hadoop.hbase.regionserver$RSRpcServices$ScannerListener:381;0.11056644552171162
org.apache.hadoop.hbase.regionserver$Leases$Lease:258;0.11056644552171162
org.apache.hadoop.hbase.regionserver$RSRpcServices$RegionScannerShippedCallBack:302;0.11056644552171162
org.apache.hadoop.hbase.regionserver$RSRpcServices$RegionScannerHolder:356;0.11056644552171162
org.apache.hadoop.hbase.client$Scan:191;0.10976425998969035
org.apache.hadoop.hbase.regionserver$KeyValueHeap:81;0.10976425998969035
org.apache.hadoop.hbase.regionserver.querymatcher$ScanWildcardColumnTracker:56;0.1095007199696007
org.apache.hadoop.hbase.io.hfile$BlockPriority:20;0.10846522890932808
org.apache.hadoop.hbase.master$HMaster$10:2188;0.10846522890932808
org.apache.hadoop.hbase.regionserver$ScannerContext:102;0.10672170182343943
org.apache.hadoop.hbase.regionserver$ScannerContext$Builder:365;0.10672170182343943
org.apache.hadoop.hbase.regionserver$ScannerContext$LimitFields:540;0.10672170182343943
org.apache.hadoop.hbase.regionserver$NonLazyKeyValueScanner:34;0.10672170182343943
org.apache.hadoop.hbase.regionserver$NonReversedNonLazyKeyValueScanner:33;0.10672170182343943
org.apache.hadoop.hbase.regionserver$StoreScanner:168;0.10672170182343943
org.apache.hadoop.hbase.regionserver.querymatcher$ScanQueryMatcher:129;0.10672170182343943
org.apache.hadoop.hbase.regionserver.querymatcher$UserScanQueryMatcher:64;0.10672170182343943
org.apache.hadoop.hbase.regionserver.querymatcher$NormalUserScanQueryMatcher:47;0.10672170182343943
org.apache.hadoop.hbase.regionserver.querymatcher$ScanDeleteTracker:48;0.10672170182343943
org.apache.hadoop.hbase.regionserver$KeyValueHeap$KVScannerComparator:188;0.10672170182343943
org.apache.hadoop.hbase.client$Query:40;0.10599978800063599
org.apache.hadoop.hbase.regionserver.querymatcher$DeleteTracker$DeleteResult:94;0.10540925533894598
org.apache.hadoop.hbase.client$MetricsConnection$CallStats:71;0.10517579047791781
org.apache.hadoop.hbase.ipc$ServerCall:100;0.10517579047791781
org.apache.hadoop.hbase.ipc$SimpleServerCall:51;0.10517579047791781
org.apache.hadoop.hbase.ipc$CallRunner:60;0.10517579047791781
org.apache.hadoop.hbase.ipc$BufferChain:37;0.10517579047791781
org.apache.hadoop.hbase.client$Operation:33;0.10517579047791781
org.apache.hadoop.hbase.client$OperationWithAttributes:31;0.10517579047791781
org.apache.hadoop.hbase.client$AsyncRpcRetryingCallerFactory$SingleRequestCallerBuilder:63;0.10259783520851541
org.apache.hadoop.hbase.client$AsyncSingleRequestRpcRetryingCaller:56;0.10259783520851541
org.apache.hadoop.hbase.io$FileLink$FileLinkInputStream:115;0.10259783520851541
org.apache.hadoop.hbase.master.balancer$BaseLoadBalancer$Cluster$Action$Type:473;0.1
org.apache.hadoop.hbase.regionserver$ScanType:29;0.1
org.apache.hadoop.hbase.io.hfile$NoOpDataBlockEncoder:46;0.1
org.apache.hadoop.hbase.io.hfile$HFileBlock$Writer$State:830;0.1
org.apache.hadoop.hbase.io.hfile$Cacheable$MemoryType:75;0.1
org.apache.hadoop.hbase.regionserver$Region$FlushResult$Result:675;0.09759000729485333
org.apache.hadoop.hbase.util$FSUtils$FamilyDirFilter:1552;0.09325048082403138
org.apache.hadoop.hbase.mob$MobFileCache$EvictionThread:63;0.08032193289024989
org.apache.hadoop.hbase.regionserver$MetricsTableWrapperAggregateImpl$MetricsTableValues:167;0.08
org.apache.hadoop.hbase.regionserver$MemStoreCompactor$Action:83;0.0778498944161523
org.apache.hadoop.hbase.regionserver$RSRpcServices$1:2727;0.07669649888473704
org.apache.hadoop.hbase.regionserver$AnnotationReadingPriorityFunction:108;0.07669649888473704
org.apache.hadoop.hbase.ipc$RpcExecutor$QueueBalancer:304;0.07669649888473704
org.apache.hadoop.hbase.io.hfile$CacheStats:127;0.07669649888473704
org.apache.hadoop.hbase.io.hfile$LruBlockCache$EvictionThread:865;0.07669649888473704
org.apache.hadoop.hbase.io.hfile$LruBlockCache$StatisticsThread:917;0.07669649888473704
org.apache.hadoop.hbase.mob$MobFileCache:100;0.07669649888473704
org.apache.hadoop.hbase.util$FSTableDescriptors:106;0.07669649888473704
org.apache.hadoop.hbase.client$MobCompactPartitionPolicy:27;0.07669649888473704
org.apache.hadoop.hbase.monitoring$TaskMonitor:44;0.07669649888473704
org.apache.hadoop.hbase$LocalHBaseCluster$1:197;0.07669649888473704
org.apache.hadoop.hbase.monitoring$MonitoredTask$State:28;0.07669649888473704
org.apache.hadoop.hbase.util$JVMClusterUtil$RegionServerThread:49;0.07669649888473704
org.apache.hadoop.hbase.regionserver$ChunkCreator:67;0.07669649888473704
org.apache.hadoop.hbase.regionserver$ChunkCreator$MemStoreChunkPool:211;0.07669649888473704
org.apache.hadoop.hbase.regionserver$ChunkCreator$MemStoreChunkPool$StatisticsThread:281;0.07669649888473704
org.apache.hadoop.hbase.regionserver$SegmentFactory:37;0.07669649888473704
org.apache.hadoop.hbase.regionserver$ImmutableSegment$Type:51;0.07669649888473704
org.apache.hadoop.hbase.regionserver.compactions$OffPeakHours:26;0.07669649888473704
org.apache.hadoop.hbase.regionserver$StoreFile$Comparators$GetSeqId:764;0.07669649888473704
org.apache.hadoop.hbase.regionserver$StoreFile$Comparators$GetFileSize:771;0.07669649888473704
org.apache.hadoop.hbase.regionserver$StoreFile$Comparators$GetBulkTime:784;0.07669649888473704
org.apache.hadoop.hbase.regionserver$StoreFile$Comparators$GetPathName:792;0.07669649888473704
org.apache.hadoop.hbase.regionserver$StoreFile$Comparators$GetMaxTimestamp:799;0.07669649888473704
org.apache.hadoop.hbase.master.normalizer$NormalizationPlan$PlanType:29;0.07669649888473704
org.apache.hadoop.hbase.master$RegionStates$RegionStateStampComparator:71;0.07669649888473704
org.apache.hadoop.hbase.util$ShutdownHookManager:27;0.07669649888473704
org.apache.hadoop.hbase.util$ShutdownHookManager$ShutdownHookManagerV2:69;0.07669649888473704
org.apache.hadoop.hbase.master.procedure$MasterProcedureScheduler$ServerQueueKeyComparator:492;0.07669649888473704
org.apache.hadoop.hbase.master.procedure$MasterProcedureScheduler$TableQueueKeyComparator:517;0.07669649888473704
org.apache.hadoop.hbase.wal$WALFactory$Providers:80;0.07669649888473704
org.apache.hadoop.hbase.regionserver$DefaultHeapMemoryTuner$StepDirection:399;0.07669649888473704
org.apache.hadoop.hbase.replication.regionserver$ReplicationSourceManager:147;0.07669649888473704
org.apache.hadoop.hbase.client$TableState$State:35;0.07669649888473704
org.apache.hadoop.hbase.replication.regionserver$ReplicationLoad:49;0.07669649888473704
org.apache.hadoop.hbase.replication.regionserver$ReplicationSourceManager$AdoptAbandonedQueuesWorker:776;0.07669649888473704
org.apache.hadoop.hbase.replication.regionserver$ReplicationSink:99;0.07669649888473704
org.apache.hadoop.hbase.replication.regionserver$MetricsSink:34;0.07669649888473704
org.apache.hadoop.hbase.replication.regionserver$DefaultSourceFSConfigurationProvider:33;0.07669649888473704
org.apache.hadoop.hbase.replication.regionserver$Replication$ReplicationStatisticsThread:337;0.07669649888473704
org.apache.hadoop.hbase.client$Consistency:27;0.07669649888473704
org.apache.hadoop.hbase.regionserver.wal$RingBufferTruck$Type:33;0.07669649888473704
org.apache.hadoop.hbase.regionserver$FlushType:29;0.07669649888473704
org.apache.hadoop.hbase.client$AsyncProcessTask$SubmittedRows:44;0.07669649888473704
org.apache.hadoop.hbase.client$RequestController$ReturnCode:36;0.07669649888473704
org.apache.hadoop.hbase.client$Scan$ReadType:1132;0.07669649888473704
org.apache.hadoop.hbase.quotas$NoopOperationQuota:36;0.07669649888473704
org.apache.hadoop.hbase.regionserver$OperationStatus:51;0.07669649888473704
org.apache.hadoop.hbase.regionserver$Region$Operation:239;0.07669649888473704
org.apache.hadoop.hbase.client$AbstractResponse$ResponseType:34;0.07669649888473704
org.apache.hadoop.hbase.regionserver$ScannerContext$NextState:430;0.07669649888473704
org.apache.hadoop.hbase.regionserver$ScannerContext$LimitScope:486;0.07669649888473704
org.apache.hadoop.hbase.client$IsolationLevel:40;0.07669649888473704
org.apache.hadoop.hbase.quotas$OperationQuota$OperationType:34;0.07669649888473704
org.apache.hadoop.hbase.regionserver.querymatcher$ScanQueryMatcher$MatchCode:55;0.07669649888473704
org.apache.hadoop.hbase.client$ScannerCallable$MoreResults:77;0.07669649888473704
org.apache.hadoop.hbase.master.procedure$TableProcedureInterface$TableOperationType:32;0.07669649888473704
org.apache.hadoop.hbase.master.procedure$ServerProcedureInterface$ServerOperationType:31;0.07669649888473704
org.apache.hadoop.hbase.master.locking$LockProcedure$LockType:70;0.07669649888473704
org.apache.hadoop.hbase.master.procedure$ProcedurePrepareLatch:36;0.07669649888473704
org.apache.hadoop.hbase.master.procedure$ProcedurePrepareLatch$NoopLatch:73;0.07669649888473704
org.apache.hadoop.hbase.client$RetryingCallerInterceptor:54;0.07559289460184544
org.apache.hadoop.hbase.client$RetryingCallerInterceptorContext:33;0.07559289460184544
org.apache.hadoop.hbase.client$NoOpRetryingInterceptorContext:23;0.07559289460184544
org.apache.hadoop.hbase.client$Durability:28;0.07559289460184544
org.apache.hadoop.hbase.client$PerClientRandomNonceGenerator:39;0.07559289460184544
org.apache.hadoop.hbase.client$RetriesExhaustedException$ThrowableWithExtraContext:53;0.07559289460184544
org.apache.hadoop.hbase.coordination$BaseCoordinatedStateManager:36;0.07453559924999299
org.apache.hadoop.hbase.coordination$ZkCoordinatedStateManager:36;0.07453559924999299
org.apache.hadoop.hbase.master$HMaster:463;0.07453559924999299
org.apache.hadoop.hbase.regionserver.wal$WALActionsListener$Base:116;0.07453559924999299
org.apache.hadoop.hbase.regionserver$ServerNonceManager:128;0.07453559924999299
org.apache.hadoop.hbase.regionserver$RSRpcServices:1076;0.07453559924999299
org.apache.hadoop.hbase.master$MasterRpcServices:159;0.07453559924999299
org.apache.hadoop.hbase.regionserver$SimpleRpcSchedulerFactory:34;0.07453559924999299
org.apache.hadoop.hbase.master$MasterAnnotationReadingPriorityFunction:46;0.07453559924999299
org.apache.hadoop.hbase.ipc$RpcServer$BlockingServiceAndInterface:234;0.07453559924999299
org.apache.hadoop.hbase.ipc$RpcScheduler:32;0.07453559924999299
org.apache.hadoop.hbase.ipc$SimpleRpcScheduler:64;0.07453559924999299
org.apache.hadoop.hbase.ipc$BalancedQueueRpcExecutor:42;0.07453559924999299
org.apache.hadoop.hbase.ipc$FastPathBalancedQueueRpcExecutor:49;0.07453559924999299
org.apache.hadoop.hbase.ipc$RpcServer:260;0.07453559924999299
org.apache.hadoop.hbase.ipc$SimpleRpcServer:384;0.07453559924999299
org.apache.hadoop.hbase.ipc$MetricsHBaseServer:39;0.07453559924999299
org.apache.hadoop.hbase.ipc$MetricsHBaseServerWrapperImpl:26;0.07453559924999299
org.apache.hadoop.hbase.ipc$SimpleRpcServer$Listener:111;0.07453559924999299
org.apache.hadoop.hbase.ipc$SimpleRpcServer$Listener$Reader:154;0.07453559924999299
org.apache.hadoop.hbase.ipc$SimpleRpcServerResponder:47;0.07453559924999299
org.apache.hadoop.hbase.ipc$SimpleRpcServer$ConnectionManager:566;0.07453559924999299
org.apache.hadoop.hbase.ipc$RpcScheduler$Context:40;0.07453559924999299
org.apache.hadoop.hbase.ipc$RpcSchedulerContext:31;0.07453559924999299
org.apache.hadoop.hbase.regionserver$RegionServerAccounting:59;0.07453559924999299
org.apache.hadoop.hbase.executor$ExecutorService:72;0.07453559924999299
org.apache.hadoop.hbase.coordination$ZkSplitLogWorkerCoordination:96;0.07453559924999299
org.apache.hadoop.hbase.coordination$ZKSplitLogManagerCoordination:104;0.07453559924999299
org.apache.hadoop.hbase.zookeeper$ClusterStatusTracker:49;0.07453559924999299
org.apache.hadoop.hbase.ipc$RpcExecutor$Handler:235;0.07453559924999299
org.apache.hadoop.hbase.ipc$FastPathBalancedQueueRpcExecutor$FastPathHandler:89;0.07453559924999299
org.apache.hadoop.hbase.regionserver$LogRoller:95;0.07453559924999299
org.apache.hadoop.hbase.regionserver.throttle$NoLimitThroughputController:25;0.07453559924999299
org.apache.hadoop.hbase.regionserver$CompactedHFilesDischarger:56;0.07453559924999299
org.apache.hadoop.hbase.master.locking$LockManager:43;0.07453559924999299
org.apache.hadoop.hbase.master.locking$LockManager$RemoteLocks:205;0.07453559924999299
org.apache.hadoop.hbase.monitoring$MemoryBoundedLogMessageBuffer:45;0.07453559924999299
org.apache.hadoop.hbase.master$MetricsMaster:41;0.07453559924999299
org.apache.hadoop.hbase.master$MetricsMasterWrapperImpl:33;0.07453559924999299
org.apache.hadoop.hbase.master$ActiveMasterManager:69;0.07453559924999299
org.apache.hadoop.hbase.master$HMaster$4:1926;0.07453559924999299
org.apache.hadoop.hbase.util$JVMClusterUtil$MasterThread:113;0.07453559924999299
org.apache.hadoop.hbase.master$HMaster$InitializationMonitor:235;0.07453559924999299
org.apache.hadoop.hbase.master$MasterFileSystem:99;0.07453559924999299
org.apache.hadoop.hbase.wal$AbstractFSWALProvider:58;0.07453559924999299
org.apache.hadoop.hbase.regionserver$SecureBulkLoadManager:115;0.07453559924999299
org.apache.hadoop.hbase.master$MasterWalManager:94;0.07453559924999299
org.apache.hadoop.hbase.master$MetricsMasterFileSystem:27;0.07453559924999299
org.apache.hadoop.hbase.master$SplitLogManager:135;0.07453559924999299
org.apache.hadoop.hbase.coordination$SplitLogManagerCoordination$SplitLogManagerDetails:67;0.07453559924999299
org.apache.hadoop.hbase.master$SplitLogManager$TimeoutMonitor:662;0.07453559924999299
org.apache.hadoop.hbase.master$ServerManager:210;0.07453559924999299
org.apache.hadoop.hbase.master$DeadServer:44;0.07453559924999299
org.apache.hadoop.hbase.master$TableStateManager:53;0.07453559924999299
org.apache.hadoop.hbase.master.balancer$StochasticLoadBalancer:152;0.07453559924999299
org.apache.hadoop.hbase.master.balancer$MetricsBalancer:30;0.07453559924999299
org.apache.hadoop.hbase.master.balancer$MetricsStochasticBalancer:33;0.07453559924999299
org.apache.hadoop.hbase.master.balancer$RegionLocationFinder:98;0.07453559924999299
org.apache.hadoop.hbase.master.balancer$StochasticLoadBalancer$CandidateGenerator:598;0.07453559924999299
org.apache.hadoop.hbase.master.balancer$StochasticLoadBalancer$LocalityBasedCandidateGenerator:758;0.07453559924999299
org.apache.hadoop.hbase.master.balancer$StochasticLoadBalancer$CostFunction:937;0.07453559924999299
org.apache.hadoop.hbase.master.balancer$StochasticLoadBalancer$LocalityCostFunction:1210;0.07453559924999299
org.apache.hadoop.hbase.master.balancer$StochasticLoadBalancer$RandomCandidateGenerator:702;0.07453559924999299
org.apache.hadoop.hbase.master.balancer$StochasticLoadBalancer$LoadCandidateGenerator:716;0.07453559924999299
org.apache.hadoop.hbase.master.balancer$StochasticLoadBalancer$RegionReplicaCandidateGenerator:815;0.07453559924999299
org.apache.hadoop.hbase.master.balancer$StochasticLoadBalancer$RegionReplicaRackCandidateGenerator:899;0.07453559924999299
org.apache.hadoop.hbase.master.balancer$StochasticLoadBalancer$CostFromRegionLoadFunction:1268;0.07453559924999299
org.apache.hadoop.hbase.master.balancer$StochasticLoadBalancer$CostFromRegionLoadAsRateFunction:1330;0.07453559924999299
org.apache.hadoop.hbase.master.balancer$StochasticLoadBalancer$ReadRequestCostFunction:1363;0.07453559924999299
org.apache.hadoop.hbase.master.balancer$StochasticLoadBalancer$WriteRequestCostFunction:1384;0.07453559924999299
org.apache.hadoop.hbase.master.balancer$StochasticLoadBalancer$MemstoreSizeCostFunction:1567;0.07453559924999299
org.apache.hadoop.hbase.master.balancer$StochasticLoadBalancer$StoreFileCostFunction:1587;0.07453559924999299
org.apache.hadoop.hbase.master.balancer$StochasticLoadBalancer$RegionReplicaHostCostFunction:1410;0.07453559924999299
org.apache.hadoop.hbase.master.balancer$StochasticLoadBalancer$RegionReplicaRackCostFunction:1522;0.07453559924999299
org.apache.hadoop.hbase.master.balancer$StochasticLoadBalancer$RegionCountSkewCostFunction:1110;0.07453559924999299
org.apache.hadoop.hbase.master.balancer$StochasticLoadBalancer$PrimaryRegionCountSkewCostFunction:1141;0.07453559924999299
org.apache.hadoop.hbase.master.balancer$StochasticLoadBalancer$MoveCostFunction:1071;0.07453559924999299
org.apache.hadoop.hbase.master.balancer$StochasticLoadBalancer$TableSkewCostFunction:1180;0.07453559924999299
org.apache.hadoop.hbase.master.normalizer$SimpleRegionNormalizer:60;0.07453559924999299
org.apache.hadoop.hbase.zookeeper$LoadBalancerTracker:41;0.07453559924999299
org.apache.hadoop.hbase.zookeeper$RegionNormalizerTracker:40;0.07453559924999299
org.apache.hadoop.hbase.zookeeper$SplitOrMergeTracker:47;0.07453559924999299
org.apache.hadoop.hbase.zookeeper$SplitOrMergeTracker$SwitchStateTracker:97;0.07453559924999299
org.apache.hadoop.hbase.master$AssignmentManager:217;0.07453559924999299
org.apache.hadoop.hbase.master$RegionStateStore:135;0.07453559924999299
org.apache.hadoop.hbase.master$RegionStates:163;0.07453559924999299
org.apache.hadoop.hbase.master$MetricsAssignmentManager:27;0.07453559924999299
org.apache.hadoop.hbase.master.replication$ReplicationManager:57;0.07453559924999299
org.apache.hadoop.hbase.zookeeper$RegionServerTracker:57;0.07453559924999299
org.apache.hadoop.hbase.zookeeper$DrainingServerTracker:58;0.07453559924999299
org.apache.hadoop.hbase.master$ServerListener:33;0.07453559924999299
org.apache.hadoop.hbase.zookeeper$DrainingServerTracker$1:76;0.07453559924999299
org.apache.hadoop.hbase.zookeeper$MasterMaintenanceModeTracker:34;0.07453559924999299
org.apache.hadoop.hbase.procedure$ProcedureManagerHost:40;0.07453559924999299
org.apache.hadoop.hbase.procedure$RegionServerProcedureManagerHost:36;0.07453559924999299
org.apache.hadoop.hbase.procedure$ProcedureManager:25;0.07453559924999299
org.apache.hadoop.hbase.procedure$MasterProcedureManager:57;0.07453559924999299
org.apache.hadoop.hbase.master.snapshot$SnapshotManager:174;0.07453559924999299
org.apache.hadoop.hbase.procedure$MasterProcedureManagerHost:33;0.07453559924999299
org.apache.hadoop.hbase.procedure.flush$MasterFlushTableProcedureManager:74;0.07453559924999299
org.apache.hadoop.hbase.procedure$RegionServerProcedureManager:33;0.07453559924999299
org.apache.hadoop.hbase.procedure$ZKProcedureCoordinator:55;0.07453559924999299
org.apache.hadoop.hbase.procedure$ZKProcedureUtil:77;0.07453559924999299
org.apache.hadoop.hbase.replication.master$TableCFsUpdater:52;0.07453559924999299
org.apache.hadoop.hbase.procedure$ZKProcedureMemberRpcs:69;0.07453559924999299
org.apache.hadoop.hbase.procedure$ProcedureMember:63;0.07453559924999299
org.apache.hadoop.hbase.procedure.flush$RegionServerFlushTableProcedureManager$FlushTableSubprocedureBuilder:181;0.07453559924999299
org.apache.hadoop.hbase.regionserver.snapshot$RegionServerSnapshotManager$SnapshotSubprocedureBuilder:241;0.07453559924999299
org.apache.hadoop.hbase.zookeeper$RecoveringRegionWatcher:41;0.07453559924999299
org.apache.hadoop.hbase.regionserver$MemStoreFlusher:101;0.07453559924999299
org.apache.hadoop.hbase.regionserver$CompactSplitThread:98;0.07453559924999299
org.apache.hadoop.hbase.util$StealJobQueue:49;0.07453559924999299
org.apache.hadoop.hbase.regionserver$CompactSplitThread$1:122;0.07453559924999299
org.apache.hadoop.hbase.regionserver$CompactSplitThread$Rejection:554;0.07453559924999299
org.apache.hadoop.hbase.regionserver$HRegionServer$CompactionChecker:1635;0.07453559924999299
org.apache.hadoop.hbase.regionserver$HRegionServer$PeriodicMemstoreFlusher:1687;0.07453559924999299
org.apache.hadoop.hbase.regionserver$Leases:71;0.07453559924999299
org.apache.hadoop.hbase.regionserver$HRegionServer$MovedRegionsCleaner:3380;0.07453559924999299
org.apache.hadoop.hbase.quotas$RegionServerQuotaManager:56;0.07453559924999299
org.apache.hadoop.hbase.regionserver$ShutdownHook$ShutdownHookThread:101;0.07453559924999299
org.apache.hadoop.hbase.regionserver$RegionServerCoprocessorHost:60;0.07453559924999299
org.apache.hadoop.hbase.master$MasterCoprocessorHost:112;0.07453559924999299
org.apache.hadoop.hbase.executor$ExecutorService$Executor:171;0.07453559924999299
org.apache.hadoop.hbase.executor$ExecutorService$TrackingThreadPoolExecutor:237;0.07453559924999299
org.apache.hadoop.hbase.master.procedure$MasterProcedureEnv:99;0.07453559924999299
org.apache.hadoop.hbase.master.procedure$MasterProcedureScheduler:148;0.07453559924999299
org.apache.hadoop.hbase.master.procedure$MasterProcedureScheduler$FairQueue:1128;0.07453559924999299
org.apache.hadoop.hbase.master.procedure$MasterProcedureScheduler$SchemaLocking:1038;0.07453559924999299
org.apache.hadoop.hbase.master.procedure$MasterProcedureScheduler$TablePriorities:131;0.07453559924999299
org.apache.hadoop.hbase.master.procedure$MasterProcedureEnv$WALStoreLeaseRecovery:53;0.07453559924999299
org.apache.hadoop.hbase.master.procedure$MasterProcedureEnv$MasterProcedureStoreListener:81;0.07453559924999299
org.apache.hadoop.hbase.master.cleaner$CleanerChore:58;0.07453559924999299
org.apache.hadoop.hbase.master.cleaner$LogCleaner:49;0.07453559924999299
org.apache.hadoop.hbase.master.cleaner$BaseFileCleanerDelegate:32;0.07453559924999299
org.apache.hadoop.hbase.master.cleaner$BaseLogCleanerDelegate:39;0.07453559924999299
org.apache.hadoop.hbase.master.cleaner$TimeToLiveLogCleaner:33;0.07453559924999299
org.apache.hadoop.hbase.replication.master$ReplicationLogCleaner:52;0.07453559924999299
org.apache.hadoop.hbase.replication.master$ReplicationLogCleaner$WarnOnlyAbortable:132;0.07453559924999299
org.apache.hadoop.hbase.master.cleaner$BaseHFileCleanerDelegate:41;0.07453559924999299
org.apache.hadoop.hbase.master.cleaner$HFileLinkCleaner:43;0.07453559924999299
org.apache.hadoop.hbase.master.snapshot$SnapshotHFileCleaner:47;0.07453559924999299
org.apache.hadoop.hbase.master.snapshot$SnapshotFileCache$RefreshCacheTask:308;0.07453559924999299
org.apache.hadoop.hbase.master.cleaner$TimeToLiveHFileCleaner:33;0.07453559924999299
org.apache.hadoop.hbase.master.cleaner$HFileCleaner$1:189;0.07453559924999299
org.apache.hadoop.hbase.master.cleaner$HFileCleaner$2:202;0.07453559924999299
org.apache.hadoop.hbase.master.cleaner$ReplicationZKNodeCleanerChore:41;0.07453559924999299
org.apache.hadoop.hbase.master.cleaner$ReplicationZKNodeCleaner:56;0.07453559924999299
org.apache.hadoop.hbase.master.cleaner$ReplicationZKNodeCleaner$ReplicationQueueDeletor:129;0.07453559924999299
org.apache.hadoop.hbase.master.cleaner$ReplicationMetaCleaner:58;0.07453559924999299
org.apache.hadoop.hbase.regionserver.wal$MetricsWAL:44;0.07453559924999299
org.apache.hadoop.hbase.wal$FSHLogProvider:41;0.07453559924999299
org.apache.hadoop.hbase.regionserver$MetricsRegionServer:47;0.07453559924999299
org.apache.hadoop.hbase.regionserver$MetricsRegionServerWrapperImpl:119;0.07453559924999299
org.apache.hadoop.hbase.regionserver$MetricsRegionServerWrapperImpl$RegionServerMetricsWrapperRunnable:627;0.07453559924999299
org.apache.hadoop.hbase.regionserver$MetricsTable:29;0.07453559924999299
org.apache.hadoop.hbase.regionserver$MetricsTableWrapperAggregateImpl:48;0.07453559924999299
org.apache.hadoop.hbase.regionserver$MetricsTableWrapperAggregateImpl$TableMetricsWrapperRunnable:58;0.07453559924999299
org.apache.hadoop.hbase.util$JvmPauseMonitor$Monitor:145;0.07453559924999299
org.apache.hadoop.hbase.regionserver$MemStoreFlusher$FlushHandler:220;0.07453559924999299
org.apache.hadoop.hbase.regionserver$SplitLogWorker:75;0.07453559924999299
org.apache.hadoop.hbase.regionserver$HeapMemoryManager:120;0.07453559924999299
org.apache.hadoop.hbase.regionserver$MetricsHeapMemoryManager:34;0.07453559924999299
org.apache.hadoop.hbase.regionserver$HeapMemoryManager$HeapMemoryTunerChore:252;0.07453559924999299
org.apache.hadoop.hbase.regionserver$HeapMemoryManager$TunerContext:428;0.07453559924999299
org.apache.hadoop.hbase.regionserver$DefaultHeapMemoryTuner:71;0.07453559924999299
org.apache.hadoop.hbase.regionserver$HeapMemoryManager$TunerResult:521;0.07453559924999299
org.apache.hadoop.hbase.util$RollingStatCalculator:47;0.07453559924999299
org.apache.hadoop.hbase.master$MasterMetaBootstrap:56;0.07453559924999299
org.apache.hadoop.hbase.regionserver.handler$OpenMetaHandler:38;0.07453559924999299
org.apache.hadoop.hbase.regionserver.wal$AbstractFSWAL:328;0.07453559924999299
org.apache.hadoop.hbase.regionserver.wal$SequenceIdAccounting:53;0.07453559924999299
org.apache.hadoop.hbase.regionserver.wal$WALCoprocessorHost:106;0.07453559924999299
org.apache.hadoop.hbase.regionserver.wal$RingBufferTruck:31;0.07453559924999299
org.apache.hadoop.hbase.regionserver.wal$FSHLog$RingBufferEventHandler:926;0.07453559924999299
org.apache.hadoop.hbase.regionserver.wal$FSHLog$SyncRunner:477;0.07453559924999299
org.apache.hadoop.hbase.regionserver.wal$FSHLog$RingBufferExceptionHandler:160;0.07453559924999299
org.apache.hadoop.hbase.master$TableStateManager$2:205;0.07453559924999299
org.apache.hadoop.hbase.master$TableStateManager$1:161;0.07453559924999299
org.apache.hadoop.hbase.master.balancer$ClusterStatusChore:40;0.07453559924999299
org.apache.hadoop.hbase.master.balancer$BalancerChore:41;0.07453559924999299
org.apache.hadoop.hbase.master.normalizer$RegionNormalizerChore:40;0.07453559924999299
org.apache.hadoop.hbase.master$CatalogJanitor:69;0.07453559924999299
org.apache.hadoop.hbase.master$HMaster$PeriodicDoMetrics:439;0.07453559924999299
org.apache.hadoop.hbase.master$ClusterSchemaServiceImpl:46;0.07453559924999299
org.apache.hadoop.hbase.master$TableNamespaceManager:83;0.07453559924999299
org.apache.hadoop.hbase.regionserver.handler$OpenPriorityRegionHandler:38;0.07453559924999299
org.apache.hadoop.hbase$ZKNamespaceManager:56;0.07453559924999299
org.apache.hadoop.hbase.quotas$MasterQuotaManager:64;0.07453559924999299
org.apache.hadoop.hbase.master$ExpiredMobFileCleanerChore:49;0.07453559924999299
org.apache.hadoop.hbase.mob$ExpiredMobFileCleaner:48;0.07453559924999299
org.apache.hadoop.hbase.master$MobCompactionChore:49;0.07453559924999299
org.apache.hadoop.hbase.master$MasterMobCompactionThread:53;0.07453559924999299
org.apache.hadoop.hbase.util$FSUtils$UserTableDirFilter:1416;0.07352146220938077
org.apache.hadoop.hbase.regionserver.wal$AbstractProtobufLogWriter:56;0.07352146220938077
org.apache.hadoop.hbase.regionserver.wal$ProtobufLogWriter:41;0.07352146220938077
org.apache.hadoop.hbase.regionserver.wal$WALCellCodec$EnsureKvEncoder:323;0.07352146220938077
org.apache.hadoop.hbase.master$CatalogJanitor$SplitParentFirstComparator:314;0.07352146220938077
org.apache.hadoop.hbase.conf$ConfigurationManager:75;0.07254762501100116
org.apache.hadoop.hbase.regionserver.wal$AbstractFSWAL$1:363;0.07254762501100116
org.apache.hadoop.hbase.fs$HFileSystem:83;0.0716114874039433
org.apache.hadoop.hbase.fs$HFileSystem$ReorderWALBlocks:429;0.0716114874039433
org.apache.hadoop.hbase.regionserver.throttle$PressureAwareThroughputController:34;0.06984302957695782
org.apache.hadoop.hbase.regionserver.throttle$PressureAwareCompactionThroughputController:43;0.06984302957695782
org.apache.hadoop.hbase.client$ConnectionImplementation$MasterServiceStubMaker:1102;0.06741998624632421
org.apache.hadoop.hbase.client$ConnectionUtils$1:162;0.06142951168339512
org.apache.hadoop.hbase.regionserver$RegionCoprocessorHost$TableCoprocessorAttribute:173;0.05270462766947299
org.apache.hadoop.hbase.wal$WALSplitter$1:623;0.05198752449100364
org.apache.hadoop.hbase.ipc$SimpleRpcServer$ConnectionManager$1:682;0.048795003647426664
org.apache.hadoop.hbase.monitoring$MonitoredRPCHandlerImpl:48;0.04794633014853841
org.apache.hadoop.hbase.util$IdLock$Entry:51;0.04714045207910317
org.apache.hadoop.hbase.regionserver$StoreFileScanner:84;0.033614632272640714
org.apache.hadoop.hbase.io.hfile$HFileReaderImpl$HFileScannerImpl:514;0.033614632272640714
org.apache.hadoop.hbase.coprocessor$MultiRowMutationEndpoint:80;0.03146583877637763
org.apache.hadoop.hbase.coprocessor$CoprocessorHost$Environment:434;0.030289126640769135
org.apache.hadoop.hbase.regionserver$RegionCoprocessorHost$RegionEnvironment:125;0.030289126640769135
org.apache.hadoop.hbase.io.hfile$ChecksumUtil:35;0.0
org.apache.hadoop.hbase.util$FSUtils:123;0.0
org.apache.hadoop.hbase.zookeeper$MiniZooKeeperCluster:74;0.0
org.apache.hadoop.hbase.client$Result:118;0.0
org.apache.hadoop.hbase$LocalHBaseCluster:80;0.0
org.apache.hadoop.hbase$CoordinatedStateManagerFactory:35;0.0
org.apache.hadoop.hbase.util$JVMClusterUtil:39;0.0
org.apache.hadoop.hbase.regionserver$HRegionServer:517;0.0
org.apache.hadoop.hbase.io.util$MemorySizeUtil:36;0.0
org.apache.hadoop.hbase.io.hfile$HFile:138;0.0
org.apache.hadoop.hbase.replication.regionserver$Replication:97;0.0
org.apache.hadoop.hbase.client$ConnectionUtils:73;0.0
org.apache.hadoop.hbase.client$ConnectionUtils$2:246;0.0
org.apache.hadoop.hbase.ipc$RpcExecutor:104;0.0
org.apache.hadoop.hbase.ipc$RpcExecutor$1:326;0.0
org.apache.hadoop.hbase.ipc$RpcServerFactory:43;0.0
org.apache.hadoop.hbase.client$RpcRetryingCallerFactory:48;0.0
org.apache.hadoop.hbase.client$NoOpRetryableCallerInterceptor:37;0.0
org.apache.hadoop.hbase.io.hfile$LruBlockCache:231;0.0
org.apache.hadoop.hbase.mob$MobCacheConfig:35;0.0
org.apache.hadoop.hbase.regionserver$HRegionServer$1:592;0.0
org.apache.hadoop.hbase.util$FSTableDescriptors$1:489;0.0
org.apache.hadoop.hbase.coordination$ZKSplitLogManagerCoordination$1:109;0.0
org.apache.hadoop.hbase.security$HBasePolicyProvider:36;0.0
org.apache.hadoop.hbase.regionserver.throttle$FlushThroughputControllerFactory:39;0.0
org.apache.hadoop.hbase.regionserver$HRegionServer$2:629;0.0
org.apache.hadoop.hbase.master$ClusterStatusPublisher:119;0.0
org.apache.hadoop.hbase.master$ClusterStatusPublisher$MulticastPublisher:252;0.0
org.apache.hadoop.hbase$ZNodeClearer:53;0.0
org.apache.hadoop.hbase.client$Connection:85;0.0
org.apache.hadoop.hbase.client$ClientIdGenerator:38;0.0
org.apache.hadoop.hbase.client$ServerStatisticTracker:36;0.0
org.apache.hadoop.hbase.client.backoff$ClientBackoffPolicyFactory:34;0.0
org.apache.hadoop.hbase.client$AsyncProcess$1:118;0.0
org.apache.hadoop.hbase.client$RequestControllerFactory:30;0.0
org.apache.hadoop.hbase.client$ClusterStatusListener:113;0.0
org.apache.hadoop.hbase.regionserver$HRegion$6:8037;0.0
org.apache.hadoop.hbase.client$ClusterStatusListener$MulticastListener:188;0.0
org.apache.hadoop.hbase.client$RegistryFactory:31;0.0
org.apache.hadoop.hbase.client$RegionReplicaUtil:32;0.0
org.apache.hadoop.hbase.util$ServerRegionReplicaUtil:47;0.0
org.apache.hadoop.hbase.regionserver$RegionServicesForStores$1:47;0.0
org.apache.hadoop.hbase.regionserver$Store:97;0.0
org.apache.hadoop.hbase.regionserver$MemStore:135;0.0
org.apache.hadoop.hbase.regionserver$MemStoreLABImpl:93;0.0
org.apache.hadoop.hbase.regionserver$Segment:72;0.0
org.apache.hadoop.hbase.regionserver$ImmutableSegment:74;0.0
org.apache.hadoop.hbase.regionserver.compactions$OffPeakHours$1:30;0.0
org.apache.hadoop.hbase.regionserver.compactions$Compactor$1:240;0.0
org.apache.hadoop.hbase.regionserver.compactions$DefaultCompactor$1:57;0.0
org.apache.hadoop.hbase.regionserver$StoreFile$Comparators:734;0.0
org.apache.hadoop.hbase.regionserver$StoreFile:217;0.0
org.apache.hadoop.hbase.wal$WALSplitter:181;0.0
org.apache.hadoop.hbase.regionserver$FlushPolicyFactory:37;0.0
org.apache.hadoop.hbase.master$MasterWalManager$1:61;0.0
org.apache.hadoop.hbase.master$MasterWalManager$2:68;0.0
org.apache.hadoop.hbase.master$DeadServer$1:207;0.0
org.apache.hadoop.hbase.master.balancer$LoadBalancerFactory:30;0.0
org.apache.hadoop.hbase.master.balancer$BaseLoadBalancer:90;0.0
org.apache.hadoop.hbase.security.access$AccessControlLists:105;0.0
org.apache.hadoop.hbase.master$RackManager:45;0.0
org.apache.hadoop.hbase.master.normalizer$RegionNormalizerFactory:32;0.0
org.apache.hadoop.hbase.master.normalizer$SimpleRegionNormalizer$1:97;0.0
org.apache.hadoop.hbase.regionserver.snapshot$RegionServerSnapshotManager:111;0.0
org.apache.hadoop.hbase.procedure$ProcedureCoordinator:74;0.0
org.apache.hadoop.hbase.snapshot$SnapshotDescriptionUtils:144;0.0
org.apache.hadoop.hbase.procedure.flush$RegionServerFlushTableProcedureManager:90;0.0
org.apache.hadoop.hbase.util$StealJobQueue$1:54;0.0
org.apache.hadoop.hbase.regionserver$CompactSplitThread$2:133;0.0
org.apache.hadoop.hbase.regionserver$CompactSplitThread$3:144;0.0
org.apache.hadoop.hbase.regionserver.throttle$CompactionThroughputControllerFactory:36;0.0
org.apache.hadoop.hbase.regionserver.throttle$PressureAwareCompactionThroughputController$1:83;0.0
org.apache.hadoop.hbase.regionserver$HRegionServer$MovedRegionsCleaner$1:3389;0.0
org.apache.hadoop.hbase.regionserver$ServerNonceManager$1:269;0.0
org.apache.hadoop.hbase.regionserver$ShutdownHook:41;0.0
org.apache.hadoop.hbase.coprocessor$CoprocessorHost$1:677;0.0
org.apache.hadoop.hbase.client$MetricsConnection:286;0.0
org.apache.hadoop.hbase.client$VersionInfoUtil:33;0.0
org.apache.hadoop.hbase.util$HFileArchiveUtil:34;0.0
org.apache.hadoop.hbase.master.cleaner$HFileCleaner:52;0.0
org.apache.hadoop.hbase.master.snapshot$SnapshotFileCache:117;0.0
org.apache.hadoop.hbase.master.snapshot$SnapshotHFileCleaner$1:100;0.0
org.apache.hadoop.hbase.util$StealJobQueue$2:71;0.0
org.apache.hadoop.hbase.client$Admin:1911;0.0
org.apache.hadoop.hbase.wal$WALFactory:111;0.0
org.apache.hadoop.hbase.regionserver.wal$ReaderBase:56;0.0
org.apache.hadoop.hbase.regionserver.wal$ProtobufLogReader:139;0.0
org.apache.hadoop.hbase.util$JvmPauseMonitor:75;0.0
org.apache.hadoop.hbase.regionserver$SplitLogWorker$1:94;0.0
org.apache.hadoop.hbase$SplitLogCounters:30;0.0
org.apache.hadoop.hbase.quotas$QuotaUtil:54;0.0
org.apache.hadoop.hbase.client$ConnectionFactory:61;0.0
org.apache.hadoop.hbase.zookeeper$ZKSplitLog:43;0.0
org.apache.hadoop.hbase.regionserver.wal$FSHLog:190;0.0
org.apache.hadoop.hbase.regionserver.wal$WALCellCodec:74;0.0
org.apache.hadoop.hbase.regionserver.wal$WALCellCodec$1:67;0.0
org.apache.hadoop.hbase.client$BufferedMutatorParams$1:47;0.0
org.apache.hadoop.hbase.regionserver$LogRoller$1:72;0.0
org.apache.hadoop.hbase.regionserver.handler$OpenRegionHandler$1:288;0.0
org.apache.hadoop.hbase.coprocessor$MetricsCoprocessor:36;0.0
org.apache.hadoop.hbase.util$CompressionTest:53;0.0
org.apache.hadoop.hbase.util$EncryptionTest:45;0.0
org.apache.hadoop.hbase.regionserver$RegionCoprocessorHost$1:426;0.0
org.apache.hadoop.hbase.regionserver$RegionCoprocessorHost$2:440;0.0
org.apache.hadoop.hbase.regionserver.wal$WALUtil:48;0.0
org.apache.hadoop.hbase.wal$WALKey:133;0.0
org.apache.hadoop.hbase.wal$WAL$Entry:235;0.0
org.apache.hadoop.hbase.regionserver$StoreUtils:30;0.0
org.apache.hadoop.hbase.client$RpcRetryingCallerImpl:70;0.0
org.apache.hadoop.hbase.regionserver$RegionCoprocessorHost$64:1520;0.0
org.apache.hadoop.hbase.regionserver$RegionCoprocessorHost$28:884;0.0
org.apache.hadoop.hbase.regionserver$RegionCoprocessorHost$33:973;0.0
org.apache.hadoop.hbase.regionserver$Chunk:64;0.0
org.apache.hadoop.hbase.regionserver$OnheapChunk:31;0.0
org.apache.hadoop.hbase.regionserver$NoTagByteBufferChunkCell:35;0.0
org.apache.hadoop.hbase.regionserver$RegionCoprocessorHost$34:988;0.0
org.apache.hadoop.hbase.regionserver$RegionCoprocessorHost$30:922;0.0
org.apache.hadoop.hbase.regionserver$RegionCoprocessorHost$35:1000;0.0
org.apache.hadoop.hbase.regionserver$RegionCoprocessorHost$65:1530;0.0
org.apache.hadoop.hbase.client$RpcRetryingCallerWithReadReplicas:74;0.0
org.apache.hadoop.hbase.client$PackagePrivateFieldAccessor:32;0.0
org.apache.hadoop.hbase.regionserver$RegionCoprocessorHost$48:1266;0.0
org.apache.hadoop.hbase.regionserver$RegionScanner:126;0.0
org.apache.hadoop.hbase.regionserver$RegionCoprocessorHost$49:1283;0.0
org.apache.hadoop.hbase.regionserver$RegionCoprocessorHost$71:1624;0.0
org.apache.hadoop.hbase.regionserver.querymatcher$NormalUserScanQueryMatcher$4:135;0.0
org.apache.hadoop.hbase.regionserver$SegmentScanner:65;0.0
org.apache.hadoop.hbase.regionserver$RegionCoprocessorHost$50:1300;0.0
org.apache.hadoop.hbase.regionserver$RegionCoprocessorHost$51:1320;0.0
org.apache.hadoop.hbase.regionserver$RegionCoprocessorHost$52:1341;0.0
org.apache.hadoop.hbase.regionserver$RegionCoprocessorHost$54:1378;0.0
org.apache.hadoop.hbase.regionserver$RegionCoprocessorHost$55:1391;0.0
org.apache.hadoop.hbase.util$ZKDataMigrator:41;0.0
org.apache.hadoop.hbase.master$CatalogJanitor$1:161;0.0
org.apache.hadoop.hbase.regionserver$RegionCoprocessorHost$24:815;0.0
org.apache.hadoop.hbase.regionserver.querymatcher$NormalUserScanQueryMatcher$3:126;0.0
org.apache.hadoop.hbase.regionserver$RegionCoprocessorHost$25:831;0.0
org.apache.hadoop.hbase.util$ModifyRegionUtils:53;0.0
org.apache.hadoop.hbase.master.procedure$AbstractStateMachineTableProcedure:44;0.0
org.apache.hadoop.hbase.master.procedure$CreateTableProcedure:64;0.0
org.apache.hadoop.hbase.master.procedure$MasterProcedureUtil:40;0.0
org.apache.hadoop.hbase.master.procedure$MasterProcedureScheduler$Queue:957;0.0
org.apache.hadoop.hbase.master.procedure$ProcedureSyncWait:60;0.0
org.apache.hadoop.hbase.regionserver.querymatcher$NormalUserScanQueryMatcher$2:115;0.0
org.apache.hadoop.hbase.master.procedure$AbstractStateMachineNamespaceProcedure:34;0.0
org.apache.hadoop.hbase.master.procedure$CreateNamespaceProcedure:48;0.0
org.apache.hadoop.hbase.mob$MobUtils:109;0.0
org.apache.hadoop.hbase.mob$MobUtils$1:95;0.0
org.apache.hadoop.hbase.mob$MobConstants:100;0.0
org.apache.hadoop.hbase.mob$MobUtils$2:843;0.0
org.apache.hadoop.hbase.master$MasterMobCompactionThread$1:62;0.0
org.apache.hadoop.hbase.client$ConnectionImplementation$3:1287;0.0
org.apache.hadoop.hbase.master.balancer$BaseLoadBalancer$Cluster:171;0.0
org.apache.hadoop.hbase.master.balancer$BaseLoadBalancer$Cluster$1:781;0.0
org.apache.hadoop.hbase.master.balancer$BaseLoadBalancer$Cluster$2:796;0.0
org.apache.hadoop.hbase.master$GeneralBulkAssigner$1:160;0.0
org.apache.hadoop.hbase.ipc$ServerRpcConnection$ByteBuffByteInput:819;0.0
org.apache.hadoop.hbase.client$HBaseAdmin$3:371;0.0
org.apache.hadoop.hbase.master.procedure$DisableTableProcedure:66;0.0
org.apache.hadoop.hbase.master$BulkAssigner$1:61;0.0
org.apache.hadoop.hbase.regionserver$RegionCoprocessorHost$4:474;0.0
org.apache.hadoop.hbase.regionserver$RegionCoprocessorHost$5:489;0.0
org.apache.hadoop.hbase.util$BloomFilterFactory:48;0.0
org.apache.hadoop.hbase.regionserver$StoreFileWriter:97;0.0
org.apache.hadoop.hbase.io.hfile$HFileBlock:302;0.0
org.apache.hadoop.hbase.io.hfile$HFileBlock$1:239;0.0
org.apache.hadoop.hbase.io.hfile$CacheableDeserializerIdManager:32;0.0
org.apache.hadoop.hbase.io.hfile$HFileBlockIndex:67;0.0
org.apache.hadoop.hbase.util$BloomFilterUtil:63;0.0
org.apache.hadoop.hbase.regionserver.throttle$ThroughputControlUtil:30;0.0
org.apache.hadoop.hbase.util$BloomFilterChunk:60;0.0
org.apache.hadoop.hbase.io.hfile$HFileWriterImpl$1:698;0.0
org.apache.hadoop.hbase.io.hfile$CompoundBloomFilterWriter$ReadyChunk:67;0.0
org.apache.hadoop.hbase.io.hfile$CompoundBloomFilterWriter$MetaWriter:243;0.0
org.apache.hadoop.hbase.io$FSDataInputStreamWrapper:84;0.0
org.apache.hadoop.hbase.io.hfile$HFileUtil:24;0.0
org.apache.hadoop.hbase.io.hfile$HFileReaderImpl:164;0.0
org.apache.hadoop.hbase.io.hfile$HFileBlockIndex$ByteArrayKeyBlockIndexReader:124;0.0
org.apache.hadoop.hbase.io.hfile$HFileBlock$Header:279;0.0
org.apache.hadoop.hbase.io.hfile$CompoundBloomFilter:65;0.0
org.apache.hadoop.hbase.io.hfile$PrefetchExecutor:40;0.0
org.apache.hadoop.hbase.io.hfile$PrefetchExecutor$1:65;0.0
org.apache.hadoop.hbase.master.procedure$DeleteTableProcedure:69;0.0
org.apache.hadoop.hbase.regionserver$RegionCoprocessorHost$31:940;0.0
org.apache.hadoop.hbase.regionserver$RegionCoprocessorHost$32:957;0.0
org.apache.hadoop.hbase.backup$HFileArchiver:72;0.0
org.apache.hadoop.hbase.backup$HFileArchiver$1:68;0.0
org.apache.hadoop.hbase.coprocessor$RegionObserver:109;0.0
org.apache.hadoop.hbase.client$HTable$11:1082;0.0
org.apache.hadoop.hbase.client$SyncCoprocessorRpcChannel:41;0.0
org.apache.hadoop.hbase.client$RegionCoprocessorRpcChannel:59;0.0
org.apache.hadoop.hbase.client$HTable$12:1106;0.0
org.apache.hadoop.hbase.client$RegionCoprocessorRpcChannel$1:83;0.0
org.apache.hadoop.hbase.regionserver$RegionCoprocessorHost$EndpointOperation:1679;0.0
org.apache.hadoop.hbase.regionserver$RegionCoprocessorHost$EndpointOperationWithResult:1693;0.0
org.apache.hadoop.hbase.regionserver$RegionCoprocessorHost$69:1602;0.0
org.apache.hadoop.hbase.regionserver$HRegion$5:7721;0.0
org.apache.hadoop.hbase.regionserver$BaseRowProcessor:39;0.0
org.apache.hadoop.hbase.regionserver$MultiRowMutationProcessor:49;0.0
org.apache.hadoop.hbase.regionserver$RegionCoprocessorHost$70:1613;0.0
org.apache.hadoop.hbase.client$RetriesExhaustedException:36;0.0
org.apache.hadoop.hbase.regionserver$RegionCoprocessorHost$13:641;0.0
org.apache.hadoop.hbase.regionserver$RegionCoprocessorHost$11:611;0.0
org.apache.hadoop.hbase.regionserver$RegionCoprocessorHost$66:1554;0.0
org.apache.hadoop.hbase.regionserver$RegionCoprocessorHost$67:1578;0.0
org.apache.hadoop.hbase.regionserver$RegionCoprocessorHost$15:669;0.0
org.apache.hadoop.hbase.client$RowMutations:45;0.0
org.apache.hadoop.hbase.client$HTable$3:620;0.0
org.apache.hadoop.hbase.client$HBaseAdmin$38:1857;0.0
org.apache.hadoop.hbase.client$HBaseAdmin$60:2699;0.0
org.apache.hadoop.hbase.errorhandling$TimeoutExceptionInjector$1:59;0.0
org.apache.hadoop.hbase.procedure.flush$RegionServerFlushTableProcedureManager$FlushTableSubprocedurePool:207;0.0
org.apache.hadoop.hbase.procedure.flush$FlushTableSubprocedure:50;0.0
org.apache.hadoop.hbase.procedure$Subprocedure$1:106;0.0
org.apache.hadoop.hbase.procedure.flush$FlushTableSubprocedure$RegionFlushTask:58;0.0
org.apache.hadoop.hbase.client$HBaseAdmin$61:2739;0.0
org.apache.hadoop.hbase.client$CompactType:32;0.0
org.apache.hadoop.hbase.client$HBaseAdmin$ThrowableAbortable:3008;0.0
org.apache.hadoop.hbase.client$HBaseAdmin$17:1285;0.0
org.apache.hadoop.hbase.regionserver.compactions$CompactionContext:38;0.0
org.apache.hadoop.hbase.regionserver$DefaultStoreEngine$DefaultCompactionContext:114;0.0
org.apache.hadoop.hbase.regionserver.compactions$SortedCompactionPolicy$1:200;0.0
org.apache.hadoop.hbase.regionserver.compactions$CompactionRequest:65;0.0
org.apache.hadoop.hbase.regionserver.compactions$CompactionRequest$DisplayCompactionType:49;0.0
org.apache.hadoop.hbase.regionserver$CompactSplitThread$CompactionRunner:426;0.0
org.apache.hadoop.hbase.regionserver.compactions$Compactor$FileDetails:116;0.0
org.apache.hadoop.hbase.regionserver.compactions$CompactionProgress:46;0.0
org.apache.hadoop.hbase.regionserver.querymatcher$DropDeletesCompactionScanQueryMatcher:57;0.0
org.apache.hadoop.hbase.regionserver.querymatcher$MajorCompactionScanQueryMatcher:35;0.0
org.apache.hadoop.hbase.io.hfile$BlockCacheKey:42;0.0
org.apache.hadoop.hbase.regionserver.throttle$PressureAwareThroughputController$ActiveOperation:58;0.0
org.apache.hadoop.hbase.regionserver.compactions$CompactionRequest$2:216;0.0
org.apache.hadoop.hbase.regionserver.compactions$CompactionRequest$1:221;0.0
org.apache.hadoop.hbase.client$HBaseAdmin$5:435;0.0
org.apache.hadoop.hbase.client$HBaseAdmin$36:1735;0.0
org.apache.hadoop.hbase.master$HMaster$13:2291;0.0
org.apache.hadoop.hbase.master.procedure$ModifyTableProcedure:63;0.0
org.apache.hadoop.hbase.client$HBaseAdmin$ModifyTableFuture:1747;0.0
org.apache.hadoop.hbase.master.procedure$MasterDDLOperationHelper:55;0.0
org.apache.hadoop.hbase.master$BulkReOpen:46;0.0
org.apache.hadoop.hbase.master$BulkReOpen$1:71;0.0
org.apache.hadoop.hbase.backup$HFileArchiver$StoreToFile:523;0.0
org.apache.hadoop.hbase.backup$HFileArchiver$FileableStoreFile:657;0.0
org.apache.hadoop.hbase.master$AssignCallable:39;0.0
org.apache.hadoop.hbase.client$HBaseAdmin$TableFuture$TableWaitForStateCallable:3568;0.0
org.apache.hadoop.hbase.client$HBaseAdmin$TableFuture$4:3639;0.0
org.apache.hadoop.hbase.client$HBaseAdmin$12:863;0.0
org.apache.hadoop.hbase.master.cleaner$BaseFileCleanerDelegate$1:40;0.0
org.apache.hadoop.hbase.master.balancer$BalancerRegionLoad:35;0.0
org.apache.hadoop.hbase.client$Append:74;0.0
org.apache.hadoop.hbase.client$NoncedRegionServerCallable:51;0.0
org.apache.hadoop.hbase.client$HTable$4:664;0.0
org.apache.hadoop.hbase.regionserver$RegionCoprocessorHost$42:1167;0.0
org.apache.hadoop.hbase.regionserver$ServerNonceManager$OperationContext:73;0.0
org.apache.hadoop.hbase.regionserver$HMobStore:107;0.0
org.apache.hadoop.hbase.mob$MobStoreEngine:31;0.0
org.apache.hadoop.hbase.mob$DefaultMobStoreCompactor:97;0.0
org.apache.hadoop.hbase.mob$DefaultMobStoreCompactor$1:71;0.0
org.apache.hadoop.hbase.mob$DefaultMobStoreCompactor$2:91;0.0
org.apache.hadoop.hbase.mob$DefaultMobStoreFlusher:74;0.0
org.apache.hadoop.hbase.regionserver$MobStoreScanner:44;0.0
org.apache.hadoop.hbase.client$HBaseAdmin$57:2479;0.0
org.apache.hadoop.hbase.master.locking$LockManager$MasterLock:90;0.0
org.apache.hadoop.hbase.master.locking$LockProcedure:113;0.0
org.apache.hadoop.hbase.mob$MobFileName:61;0.0
org.apache.hadoop.hbase.client$HBaseAdmin$56:2453;0.0
org.apache.hadoop.hbase.snapshot$SnapshotManifestV2:66;0.0
org.apache.hadoop.hbase.snapshot$SnapshotManifestV1:62;0.0
org.apache.hadoop.hbase.snapshot$SnapshotReferenceUtil:64;0.0
org.apache.hadoop.hbase.mob$MobFile:44;0.0
org.apache.hadoop.hbase.io.hfile$LruCachedBlock:52;0.0
org.apache.hadoop.hbase.io.hfile$BlockWithScanInfo:34;0.0
org.apache.hadoop.hbase.client$HBaseAdmin$62:2768;0.0
org.apache.hadoop.hbase.master.procedure$CloneSnapshotProcedure:84;0.0
org.apache.hadoop.hbase.client$HBaseAdmin$RestoreSnapshotFuture:2787;0.0
org.apache.hadoop.hbase.master.procedure$RestoreSnapshotProcedure:82;0.0
org.apache.hadoop.hbase.snapshot$RestoreSnapshotHelper$3:440;0.0
org.apache.hadoop.hbase.client$HBaseAdmin$9:712;0.0
org.apache.hadoop.hbase.master.procedure$EnableTableProcedure:64;0.0
org.apache.hadoop.hbase.client$HBaseAdmin$EnableTableFuture:725;0.0
org.apache.hadoop.hbase.regionserver$CompactingMemStore$InMemoryFlushRunnable:495;0.0
org.apache.hadoop.hbase.regionserver$CellFlatMap:54;0.0
org.apache.hadoop.hbase.regionserver$CellArrayMap:39;0.0
org.apache.hadoop.hbase.regionserver$MemStoreSegmentsIterator:40;0.0
org.apache.hadoop.hbase.regionserver$MemStoreMergerSegmentsIterator:47;0.0
org.apache.hadoop.hbase.regionserver$CellFlatMap$CellFlatMapCollection:410;0.0
org.apache.hadoop.hbase.regionserver$CellFlatMap$CellFlatMapIterator:383;0.0
org.apache.hadoop.hbase.regionserver$ImmutableMemStoreLAB:39;0.0
org.apache.hadoop.hbase.client$HBaseAdmin$37:1792;0.0
org.apache.hadoop.hbase.client$HBaseAdmin$35:1606;0.0
org.apache.hadoop.hbase.master$HMaster$1:1516;0.0
org.apache.hadoop.hbase.master.procedure$MergeTableRegionsProcedure:88;0.0
org.apache.hadoop.hbase.client$HBaseAdmin$MergeTableRegionsFuture:1623;0.0
org.apache.hadoop.hbase.client$MasterSwitchType:24;0.0
org.apache.hadoop.hbase.regionserver$HRegionServer$MovedRegionInfo:3290;0.0
org.apache.hadoop.hbase.io$Reference:93;0.0
org.apache.hadoop.hbase.io$Reference$Range:65;0.0
org.apache.hadoop.hbase.master$AssignmentManager$5:2637;0.0
org.apache.hadoop.hbase.io$HalfStoreFileReader:79;0.0
org.apache.hadoop.hbase.io$HalfStoreFileReader$1:130;0.0
org.apache.hadoop.hbase.regionserver$MemStoreFlusher$FlushRegionEntry:739;0.0
org.apache.hadoop.hbase.regionserver$RegionCoprocessorHost$12:625;0.0
org.apache.hadoop.hbase.regionserver$CompositeImmutableSegment:52;0.0
org.apache.hadoop.hbase.regionserver$RegionCoprocessorHost$14:655;0.0
org.apache.hadoop.hbase.client$HBaseAdmin$58:2493;0.0
org.apache.hadoop.hbase.client$ConnectionImplementation$ServerErrorTracker$ServerErrors:1086;0.0
org.apache.hadoop.hbase.client$AsyncRequestFutureImpl$Retry:294;0.0
org.apache.hadoop.hbase.client$AsyncRegistryFactory:32;0.0
org.apache.hadoop.hbase.client$AsyncTableBuilder:90;0.0
org.apache.hadoop.hbase.client$AsyncTableBase:99;0.0
org.apache.hadoop.hbase.client$RawAsyncTable:213;0.0
org.apache.hadoop.hbase.client$AsyncRpcRetryingCallerFactory$BatchCallerBuilder:266;0.0
org.apache.hadoop.hbase.client$AsyncBatchRpcRetryingCaller:134;0.0
org.apache.hadoop.hbase.client$AsyncNonMetaRegionLocator$TableCache:102;0.0
org.apache.hadoop.hbase.client$AsyncNonMetaRegionLocator$LocateRequest:82;0.0
org.apache.hadoop.hbase.client$RawScanResultConsumer:99;0.0
org.apache.hadoop.hbase.client$RawAsyncTableImpl$3:363;0.0
org.apache.hadoop.hbase.client$AsyncClientScanner:76;0.0
org.apache.hadoop.hbase.client$AsyncClientScanner$OpenScannerResponse:114;0.0
org.apache.hadoop.hbase.client$AsyncRpcRetryingCallerFactory$ScanSingleRegionCallerBuilder:145;0.0
org.apache.hadoop.hbase.client$AsyncScanSingleRegionRpcRetryingCaller:292;0.0
org.apache.hadoop.hbase.client$AsyncScanSingleRegionRpcRetryingCaller$ScanControllerImpl:144;0.0
org.apache.hadoop.hbase.client$AsyncScanSingleRegionRpcRetryingCaller$ScanControllerState:123;0.0
org.apache.hadoop.hbase.client$AsyncBatchRpcRetryingCaller$ServerRequest:121;0.0
org.apache.hadoop.hbase.client$AsyncBatchRpcRetryingCaller$RegionRequest:116;0.0
org.apache.hadoop.hbase.client$AsyncConnectionImpl$4:274;0.0
org.apache.hadoop.hbase.client$AsyncTable:40;0.0
org.apache.hadoop.hbase.client$AsyncTableImpl:45;0.0
org.apache.hadoop.hbase.client$ScanResultConsumer:54;0.0
org.apache.hadoop.hbase.client$AsyncTableResultScanner:61;0.0
org.apache.hadoop.hbase.regionserver.querymatcher$NormalUserScanQueryMatcher$1:106;0.0
org.apache.hadoop.hbase.client$BatchScanResultCache:57;0.0
org.apache.hadoop.hbase.client$AsyncScanSingleRegionRpcRetryingCaller$ScanResumerImpl:206;0.0
org.apache.hadoop.hbase.client$AsyncScanSingleRegionRpcRetryingCaller$ScanResumerState:189;0.0
org.apache.hadoop.hbase.regionserver$StorefileRefresherChore:72;0.0
org.apache.hadoop.hbase.client$ConnectionUtils$MasterlessConnection:197;0.0
org.apache.hadoop.hbase.regionserver.handler$CloseMetaHandler:38;0.0
org.apache.hadoop.hbase.replication.regionserver$ReplicationSourceManager$NodeFailoverWorker:657;0.0
org.apache.hadoop.hbase.client$RpcRetryingCallerWithReadReplicas$ReplicaRegionServerCallable:96;0.0
org.apache.hadoop.hbase.regionserver$RegionCoprocessorHost$26:848;0.0
org.apache.hadoop.hbase.regionserver$RegionCoprocessorHost$27:866;0.0
org.apache.hadoop.hbase.client$HTable$2:543;0.0
org.apache.hadoop.hbase.client$SingleResponse:28;0.0
org.apache.hadoop.hbase.client$SingleResponse$Entry:32;0.0
org.apache.hadoop.hbase.regionserver$RegionCoprocessorHost$7:534;0.0
org.apache.hadoop.hbase.regionserver$RegionCoprocessorHost$8:553;0.0
org.apache.hadoop.hbase.regionserver$RegionCoprocessorHost$6:513;0.0
org.apache.hadoop.hbase.regionserver$RegionCoprocessorHost$9:577;0.0
org.apache.hadoop.hbase.regionserver$RegionCoprocessorHost$10:595;0.0
org.apache.hadoop.hbase.client$ScannerCallableWithReplicas$1:261;0.0
org.apache.hadoop.hbase.client$AsyncRequestFutureImpl$ReplicaCallIssuingRunnable:88;0.0
org.apache.hadoop.hbase.client$AsyncRequestFutureImpl$ReplicaResultState:307;0.0
org.apache.hadoop.hbase.regionserver$RegionCoprocessorHost$53:1363;0.0
org.apache.hadoop.hbase.client$HBaseAdmin$4:407;0.0
org.apache.hadoop.hbase.client$HBaseAdmin$55:2259;0.0
org.apache.hadoop.hbase.client$HBaseAdmin$18:1301;0.0
org.apache.hadoop.hbase.client$HBaseAdmin$21:1347;0.0
org.apache.hadoop.hbase.client$HBaseAdmin$22:1361;0.0
org.apache.hadoop.hbase.client$HBaseAdmin$23:1373;0.0
org.apache.hadoop.hbase.client$HBaseAdmin$29:1440;0.0
org.apache.hadoop.hbase.client$HBaseAdmin$30:1451;0.0
org.apache.hadoop.hbase.client$HBaseAdmin$31:1462;0.0
org.apache.hadoop.hbase.ipc$RpcExecutor$RandomQueueBalancer:336;0.0
org.apache.hadoop.hbase.io.hfile.bucket$BucketCache:223;0.0
org.apache.hadoop.hbase.io.hfile.bucket$UniqueIndexMap:32;0.0
org.apache.hadoop.hbase.io.hfile.bucket$BucketCacheStats:39;0.0
org.apache.hadoop.hbase.util$IdReadWriteLock:56;0.0
org.apache.hadoop.hbase.util$IdReadWriteLock$ReferenceType:87;0.0
org.apache.hadoop.hbase.util$IdReadWriteLock$1:72;0.0
org.apache.hadoop.hbase.io.hfile.bucket$BucketCache$1:199;0.0
org.apache.hadoop.hbase.io.hfile.bucket$ByteBufferIOEngine:80;0.0
org.apache.hadoop.hbase.io.hfile.bucket$ByteBufferIOEngine$1:87;0.0
org.apache.hadoop.hbase.io.hfile.bucket$BucketAllocator:314;0.0
org.apache.hadoop.hbase.io.hfile.bucket$BucketAllocator$BucketSizeInfo:184;0.0
org.apache.hadoop.hbase.io.hfile.bucket$BucketAllocator$Bucket:67;0.0
org.apache.hadoop.hbase.io.hfile.bucket$BucketCache$WriterThread:839;0.0
org.apache.hadoop.hbase.io.hfile.bucket$BucketCache$StatisticsThread:583;0.0
org.apache.hadoop.hbase.io.hfile$CombinedBlockCache:47;0.0
org.apache.hadoop.hbase.io.hfile$CombinedBlockCache$CombinedCacheStats:136;0.0
org.apache.hadoop.hbase.io.hfile.bucket$BucketCache$RAMQueueEntry:1348;0.0
org.apache.hadoop.hbase.io.hfile.bucket$BucketCache$BucketEntry:1218;0.0
org.apache.hadoop.hbase.io.hfile.bucket$BucketCache$BucketEntry$1:1199;0.0
org.apache.hadoop.hbase.io.hfile$BlockCachesIterator:35;0.0
org.apache.hadoop.hbase.io.hfile$LruBlockCache$1:985;0.0
org.apache.hadoop.hbase.io.hfile.bucket$BucketCache$2:1427;0.0
org.apache.hadoop.hbase.io.hfile.bucket$BucketCache$2$1:1436;0.0
org.apache.hadoop.hbase.client$AllowPartialScanResultCache:36;0.0
org.apache.hadoop.hbase.client$HBaseAdmin$75:3756;0.0
org.apache.hadoop.hbase.client$HBaseAdmin$76:3775;0.0
org.apache.hadoop.hbase.regionserver$SplitRequest:45;0.0
org.apache.hadoop.hbase.regionserver$SplitRequest$1:70;0.0
org.apache.hadoop.hbase.master$HMaster$2:1546;0.0
org.apache.hadoop.hbase.master.procedure$SplitTableRegionProcedure:87;0.0
org.apache.hadoop.hbase.master.procedure$SplitTableRegionProcedure$StoreFileSplitter:670;0.0
org.apache.hadoop.hbase.util$FSUtils$ReferenceFileFilter:1650;0.0
org.apache.hadoop.hbase.master$AssignmentManager$3:2438;0.0
org.apache.hadoop.hbase.client$HBaseAdmin$15:1003;0.0
org.apache.hadoop.hbase.master$HMaster$8:2121;0.0
org.apache.hadoop.hbase.master.procedure$ModifyColumnFamilyProcedure:55;0.0
org.apache.hadoop.hbase.client$HBaseAdmin$ModifyColumnFamilyFuture:1016;0.0
org.apache.hadoop.hbase.client$HBaseAdmin$13:905;0.0
org.apache.hadoop.hbase.master$HMaster$7:2085;0.0
org.apache.hadoop.hbase.master.procedure$AddColumnFamilyProcedure:56;0.0
org.apache.hadoop.hbase.client$HBaseAdmin$AddColumnFamilyFuture:918;0.0
org.apache.hadoop.hbase.client$HBaseAdmin$14:954;0.0
org.apache.hadoop.hbase.master$HMaster$9:2157;0.0
org.apache.hadoop.hbase.master.procedure$DeleteColumnFamilyProcedure:58;0.0
org.apache.hadoop.hbase.client$HBaseAdmin$DeleteColumnFamilyFuture:967;0.0
org.apache.hadoop.hbase.client$HBaseAdmin$11:832;0.0
org.apache.hadoop.hbase.client$HBaseAdmin$8:649;0.0
org.apache.hadoop.hbase.master$HMaster$6:2051;0.0
org.apache.hadoop.hbase.master.procedure$TruncateTableProcedure:56;0.0
org.apache.hadoop.hbase.client$HBaseAdmin$TruncateTableFuture:664;0.0
org.apache.hadoop.hbase.client$HBaseAdmin$70:3103;0.0
org.apache.hadoop.hbase.client$HBaseAdmin$71:3117;0.0
org.apache.hadoop.hbase.client$DoNotRetryRegionException:33;0.0
org.apache.hadoop.hbase.client$HBaseAdmin$25:1395;0.0
org.apache.hadoop.hbase.master$MasterRpcServices$BalanceSwitchMode:168;0.0
org.apache.hadoop.hbase.constraint$ConstraintException:36;0.0
org.apache.hadoop.hbase.client$HBaseAdmin$27:1417;0.0
org.apache.hadoop.hbase.client$HBaseAdmin$28:1428;0.0
org.apache.hadoop.hbase.client$HBaseAdmin$85:3944;0.0
org.apache.hadoop.hbase.client$HBaseAdmin$42:1926;0.0
org.apache.hadoop.hbase.client$HBaseAdmin$84:3931;0.0
org.apache.hadoop.hbase.client$HBaseAdmin$86:3965;0.0
org.apache.hadoop.hbase.client$HBaseAdmin$1:304;0.0
org.apache.hadoop.hbase.client$HBaseAdmin$AbortProcedureFuture:318;0.0
org.apache.hadoop.hbase.regionserver.wal$FSHLog$SafePointZigZagLatch:821;0.0
org.apache.hadoop.hbase.regionserver.wal$AbstractFSWAL$WalProps:245;0.0
org.apache.hadoop.hbase.client$HBaseAdmin$51:2097;0.0
org.apache.hadoop.hbase.replication.master$ReplicationLogCleaner$1:79;0.0
org.apache.hadoop.hbase.regionserver.querymatcher$RawScanQueryMatcher:35;0.0
org.apache.hadoop.hbase.regionserver.querymatcher$RawScanQueryMatcher$4:101;0.0
org.apache.hadoop.hbase.regionserver$RegionCoprocessorHost$23:797;0.0
org.apache.hadoop.hbase.client$HRegionLocator$1:149;0.0
org.apache.hadoop.hbase.client.metrics$ServerSideScanMetrics:32;0.0
org.apache.hadoop.hbase.client.metrics$ScanMetrics:103;0.0
org.apache.hadoop.hbase.regionserver$NoLimitScannerContext:39;0.0
org.apache.hadoop.hbase.regionserver$RegionCoprocessorHost$29:905;0.0
org.apache.hadoop.hbase.client$WrongRowIOException:28;0.0
org.apache.hadoop.hbase.client$HBaseAdmin$73:3212;0.0
org.apache.hadoop.hbase.client$CompactionState:25;0.0
org.apache.hadoop.hbase.regionserver$RegionCoprocessorHost$43:1184;0.0
org.apache.hadoop.hbase.coprocessor$RegionObserver$MutationType:101;0.0
org.apache.hadoop.hbase.regionserver$RegionCoprocessorHost$68:1590;0.0
org.apache.hadoop.hbase.regionserver$RegionCoprocessorHost$46:1233;0.0
org.apache.hadoop.hbase.client$RetriesExhaustedWithDetailsException:55;0.0
org.apache.hadoop.hbase.client$HTable$7:754;0.0
org.apache.hadoop.hbase.regionserver$RegionCoprocessorHost$36:1025;0.0
org.apache.hadoop.hbase.regionserver$RegionCoprocessorHost$37:1050;0.0
org.apache.hadoop.hbase.regionserver$RegionCoprocessorHost$38:1074;0.0
org.apache.hadoop.hbase$LocalHBaseCluster$2:230;0.0
org.apache.hadoop.hbase.util$FSHDFSUtils:49;0.0
org.apache.hadoop.hbase.master.procedure$MasterProcedureEnv$WALStoreLeaseRecovery$1:64;0.0
org.apache.hadoop.hbase.master$SplitLogManager$TaskBatch:593;0.0
org.apache.hadoop.hbase.master.procedure$ServerCrashProcedure:152;0.0
org.apache.hadoop.hbase.master.procedure$MasterProcedureScheduler$ServerQueue:501;0.0
org.apache.hadoop.hbase.client$HTable$9:813;0.0
org.apache.hadoop.hbase.regionserver$RegionCoprocessorHost$39:1100;0.0
org.apache.hadoop.hbase.regionserver$RegionCoprocessorHost$40:1125;0.0
org.apache.hadoop.hbase.regionserver$RegionCoprocessorHost$41:1149;0.0
org.apache.hadoop.hbase.client$Increment:62;0.0
org.apache.hadoop.hbase.client$HTable$5:686;0.0
org.apache.hadoop.hbase.regionserver$RegionCoprocessorHost$44:1201;0.0
org.apache.hadoop.hbase.regionserver$RegionCoprocessorHost$45:1218;0.0
org.apache.hadoop.hbase.regionserver$RegionCoprocessorHost$47:1249;0.0
org.apache.hadoop.hbase.client$HTable$8:778;0.0
org.apache.hadoop.hbase.client$HTable$6:730;0.0
org.apache.hadoop.hbase.client$ClientAsyncPrefetchScanner:75;0.0
org.apache.hadoop.hbase.client$ClientAsyncPrefetchScanner$PrefetchRunnable:232;0.0
org.apache.hadoop.hbase.client$HBaseAdmin$65:2913;0.0
org.apache.hadoop.hbase.snapshot$SnapshotManifestV1$ManifestBuilder:71;0.0
org.apache.hadoop.hbase.snapshot$SnapshotManifestV1$1:129;0.0
org.apache.hadoop.hbase.client$HTableMultiplexer:98;0.0
org.apache.hadoop.hbase.client$HTableMultiplexer$FlushWorker:446;0.0
org.apache.hadoop.hbase.client$HTableMultiplexer$AtomicAverageCounter:393;0.0
org.apache.hadoop.hbase.client$HTableMultiplexer$PutStatus:379;0.0
org.apache.hadoop.hbase.client$HTableMultiplexer$FlushWorker$1:515;0.0
org.apache.hadoop.hbase.regionserver$DefaultMemStore:66;0.0
org.apache.hadoop.hbase.regionserver$FlushAllLargeStoresPolicy:34;0.0
org.apache.hadoop.hbase.util$MultiHConnection:62;0.0
org.apache.hadoop.hbase.client$HBaseAdmin$24:1384;0.0
org.apache.hadoop.hbase.master.balancer$ClusterLoadState:38;0.0
org.apache.hadoop.hbase.master.balancer$ServerAndLoad:34;0.0
org.apache.hadoop.hbase.master.balancer$BaseLoadBalancer$Cluster$MoveRegionAction:514;0.0
org.apache.hadoop.hbase.master.balancer$BaseLoadBalancer$Cluster$SwapRegionsAction:535;0.0
org.apache.hadoop.hbase.regionserver$CompactedHFilesDischargeHandler:37;0.0
org.apache.hadoop.hbase.client$RawAsyncTableImpl$2:292;0.0
org.apache.hadoop.hbase.io.hfile$LruBlockCache$1$1:994;0.0
org.apache.hadoop.hbase.regionserver$RSRpcServices$RegionScannerCloseCallBack:283;0.0
org.apache.hadoop.hbase.io.hfile$HFileReaderImpl$EncodedScanner:1599;0.0
org.apache.hadoop.hbase.client.locking$LockServiceClient:55;0.0
org.apache.hadoop.hbase.client.locking$EntityLock:112;0.0
org.apache.hadoop.hbase.client.locking$EntityLock$LockHeartbeatWorker:215;0.0
org.apache.hadoop.hbase.client.replication$ReplicationAdmin:122;0.0
org.apache.hadoop.hbase.client.replication$ReplicationAdmin$1:158;0.0
org.apache.hadoop.hbase.client$HBaseAdmin$77:3796;0.0
org.apache.hadoop.hbase.client.replication$ReplicationSerDeHelper:59;0.0
org.apache.hadoop.hbase.client$HBaseAdmin$81:3845;0.0
org.apache.hadoop.hbase.client$HBaseAdmin$82:3858;0.0
org.apache.hadoop.hbase.replication.regionserver$ReplicationSource:92;0.0
org.apache.hadoop.hbase.replication$BaseReplicationEndpoint:38;0.0
org.apache.hadoop.hbase.replication$HBaseReplicationEndpoint:48;0.0
org.apache.hadoop.hbase.replication.regionserver$HBaseInterClusterReplicationEndpoint:73;0.0
org.apache.hadoop.hbase.client$HBaseAdmin$78:3808;0.0
org.apache.hadoop.hbase.replication.regionserver$MetricsSource:56;0.0
org.apache.hadoop.hbase.replication.regionserver$ReplicationThrottler:40;0.0
org.apache.hadoop.hbase.replication$ReplicationEndpoint$Context:72;0.0
org.apache.hadoop.hbase.client$HBaseAdmin$83:3906;0.0
org.apache.hadoop.hbase.client$HBaseAdmin$80:3832;0.0
org.apache.hadoop.hbase.replication.regionserver$ReplicationSinkManager:96;0.0
org.apache.hadoop.hbase.replication.regionserver$ReplicationSource$LogsComparator:451;0.0
org.apache.hadoop.hbase.replication.regionserver$ReplicationSource$1:371;0.0
org.apache.hadoop.hbase.replication$HBaseReplicationEndpoint$PeerRegionServerListener:209;0.0
org.apache.hadoop.hbase.replication$SystemTableWALEntryFilter:28;0.0
org.apache.hadoop.hbase.replication$ScopeWALEntryFilter:36;0.0
org.apache.hadoop.hbase.replication$BulkLoadCellFilter:35;0.0
org.apache.hadoop.hbase.replication$NamespaceTableCfWALEntryFilter:53;0.0
org.apache.hadoop.hbase.replication$ChainWALEntryFilter:40;0.0
org.apache.hadoop.hbase.replication.regionserver$ReplicationSource$ReplicationSourceShipperThread:533;0.0
org.apache.hadoop.hbase.replication.regionserver$ReplicationSource$ReplicationSourceShipperThread$1:526;0.0
org.apache.hadoop.hbase.replication.regionserver$ReplicationSource$ReplicationSourceShipperThread$2:783;0.0
org.apache.hadoop.hbase.replication$ClusterMarkingEntryFilter:47;0.0
org.apache.hadoop.hbase.replication.regionserver$ReplicationSourceWALReaderThread:98;0.0
org.apache.hadoop.hbase.replication.regionserver$WALEntryStream:77;0.0
org.apache.hadoop.hbase.regionserver.wal$ProtobufLogReader$WALHdrContext:126;0.0
org.apache.hadoop.hbase.regionserver.wal$ProtobufLogReader$WALHdrResult:115;0.0
org.apache.hadoop.hbase.replication.regionserver$ReplicationSourceWALReaderThread$WALEntryBatch:386;0.0
org.apache.hadoop.hbase.client$HBaseAdmin$ReplicationState:4184;0.0
org.apache.hadoop.hbase.client$HTable$10:854;0.0
org.apache.hadoop.hbase.master.balancer$FavoredStochasticBalancer:69;0.0
org.apache.hadoop.hbase.favored$FavoredNodesManager:81;0.0
org.apache.hadoop.hbase.favored$FavoredNodesPlan:48;0.0
org.apache.hadoop.hbase.master.balancer$FavoredStochasticBalancer$FavoredNodeLoadPicker:617;0.0
org.apache.hadoop.hbase.master$SnapshotOfRegionAssignmentFromMeta:83;0.0
org.apache.hadoop.hbase.master$SnapshotOfRegionAssignmentFromMeta$1:113;0.0
org.apache.hadoop.hbase.favored$FavoredNodeAssignmentHelper:83;0.0
org.apache.hadoop.hbase.favored$StartcodeAgnosticServerName:35;0.0
org.apache.hadoop.hbase.favored$FavoredNodesPlan$Position:42;0.0
org.apache.hadoop.hbase.client$HBaseAdmin$54:2155;0.0
