formula,metric_name,metric_value
barinel,density,0.2989944373127942
barinel,uniqueness,0.20089858793324775
barinel,entropy_barinel,-0.0
dstar,density,0.2989944373127942
dstar,uniqueness,0.20089858793324775
dstar,entropy_dstar,-0.0
ochiai,density,0.2989944373127942
ochiai,uniqueness,0.20089858793324775
ochiai,entropy_ochiai,-0.0
tarantula,density,0.2989944373127942
tarantula,uniqueness,0.20089858793324775
tarantula,entropy_tarantula,-0.0
barinel,density,0.2868158795024151
barinel,uniqueness,0.2897907419150285
barinel,entropy_barinel,4.714944128815922E-5
dstar,density,0.2868158795024151
dstar,uniqueness,0.2897907419150285
dstar,entropy_dstar,105.68857182587847
ochiai,density,0.2868158795024151
ochiai,uniqueness,0.2897907419150285
ochiai,entropy_ochiai,378.56135221389115
tarantula,density,0.2868158795024151
tarantula,uniqueness,0.2897907419150285
tarantula,entropy_tarantula,337.89560337142916
