formula,metric_name,metric_value
barinel,density,0.27132369535491924
barinel,uniqueness,0.13947190250507785
barinel,entropy_barinel,0.005861756592233482
dstar,density,0.27132369535491924
dstar,uniqueness,0.13947190250507785
dstar,entropy_dstar,89.61949875286972
ochiai,density,0.27132369535491924
ochiai,uniqueness,0.13947190250507785
ochiai,entropy_ochiai,280.09241708491425
tarantula,density,0.27132369535491924
tarantula,uniqueness,0.13947190250507785
tarantula,entropy_tarantula,250.51785861020497
