formula,metric_name,metric_value
barinel,density,0.24980140701849546
barinel,uniqueness,0.10443354947545996
barinel,entropy_barinel,-0.0
dstar,density,0.24980140701849546
dstar,uniqueness,0.10443354947545996
dstar,entropy_dstar,-0.0
ochiai,density,0.24980140701849546
ochiai,uniqueness,0.10443354947545996
ochiai,entropy_ochiai,-0.0
tarantula,density,0.24980140701849546
tarantula,uniqueness,0.10443354947545996
tarantula,entropy_tarantula,-0.0
barinel,density,0.235928015425266
barinel,uniqueness,0.06274084124830394
barinel,entropy_barinel,4.52306629659083E-10
dstar,density,0.235928015425266
dstar,uniqueness,0.06274084124830394
dstar,entropy_dstar,519.0392724799574
ochiai,density,0.235928015425266
ochiai,uniqueness,0.06274084124830394
ochiai,entropy_ochiai,2030.2169275731346
tarantula,density,0.235928015425266
tarantula,uniqueness,0.06274084124830394
tarantula,entropy_tarantula,2231.5351902970447
