formula,metric_name,metric_value
barinel,density,0.07457306175498413
barinel,uniqueness,0.07392130096741646
barinel,entropy_barinel,0.006141774439812194
dstar,density,0.07457306175498413
dstar,uniqueness,0.07392130096741646
dstar,entropy_dstar,16.025483705229355
ochiai,density,0.07457306175498413
ochiai,uniqueness,0.07392130096741646
ochiai,entropy_ochiai,138.95913211896996
tarantula,density,0.07457306175498413
tarantula,uniqueness,0.07392130096741646
tarantula,entropy_tarantula,273.4241134063341
